,업체명,날짜,맛,양,배달,주문메뉴,상세리뷰
0,배스킨라빈스-쌍문점,2022년 3월 16일,4,3,5,"
            쿼터/1(제품 밀봉 배달 전용 패키지(선택 안함),다회용 보냉백(선택안함),스푼 선택(스푼 4개),아이스크림 선택（쿼터）(NEW 슈팅스타,체리쥬빌레,NEW 자모카 아몬드 훠지,우연한 딸기),대체맛 선택（쿼터）(（대체）핑크러브,（대체）알폰소 망고)),바닐라빈 라떼（ICED）/1,설향딸기 블라스트/1
          ","바닐라빈라떼 따뜻한 걸로 잘못 왔어요.
주문 잘못 들어갔나 해서 그냥 마셨는데 
지금보니 잘못 보내신거네요."
1,배스킨라빈스-쌍문점,2022년 2월 27일,5,3,5,"
            쿼터/1(제품 밀봉 배달 전용 패키지(선택 안함),다회용 보냉백(선택안함),스푼 선택(스푼 4개),아이스크림 선택（쿼터）(뉴욕치즈케이크,아몬드 봉봉,초코나무숲),대체맛 선택（쿼터）(（대체）엄마는 외계인,（대체）아이스 로아커))
          ",뉴치케2 초코나무숲1아몬드봉봉1 일케 쿼터 시켯는데 1:1:1비율로 왓어여ㅠ 뉴치케 적어요ㅠㅠ
2,배스킨라빈스-쌍문점,2022년 2월 26일,1,1,2,"
            쿼터/1(제품 밀봉 배달 전용 패키지(해피씰（Happy Seal） *제품을 밀봉하는 배달 전용 패키지로 고객님이 직접 제거하신 후 제품을 즐기실 수 있습니다.),다회용 보냉백(선택안함),스푼 선택(스푼 4개),아이스크림 선택（쿼터）(아몬드 봉봉,찰떡콩떡),대체맛 선택（쿼터）(（대체）31-요거트,（대체）아몬드 봉봉))
          ","주문한 찰떡콩떡은 하나도 없는거 같은데, 부족하데서 있는데로 주고 나머지 채워달라는 의사전달이 잘못 된거 같아요"
3,배스킨라빈스-쌍문점,2022년 2월 26일,4,3,4,"
            쿼터/1(제품 밀봉 배달 전용 패키지(선택 안함),다회용 보냉백(선택안함),스푼 선택(스푼 6개),아이스크림 선택（쿼터）(피스타치오 아몬드,레인보우 샤베트,초코나무숲,너는 참 달고나),대체맛 선택（쿼터）(（대체）31-요거트,（대체）아몬드 봉봉))
          ",아이스크림 좋아요!!!
4,배스킨라빈스-쌍문점,2022년 2월 24일,4,3,5,"
            쿼터/1(제품 밀봉 배달 전용 패키지(선택 안함),다회용 보냉백(선택안함),스푼 선택(스푼 필요 없음),아이스크림 선택（쿼터）(NEW 슈팅스타,NEW 자모카 아몬드 훠지,초코나무숲,소금 우유 아이스크림),대체맛 선택（쿼터）(（대체）NEW 자모카 아몬드 훠지,（대체）소금 우유 아이스크림))
          ",우유소금인가시켜먹을라다없다길레다른거시킴근데그래도할인받으면가성비ㄱㅊ
5,배스킨라빈스-쌍문점,2022년 2월 23일,5,3,5,"
            패밀리/1(제품 밀봉 배달 전용 패키지(선택 안함),다회용 보냉백(선택안함),패밀리 스푼 선택(스푼 필요 없음),아이스크림 선택（패밀리）(NEW 자모카 아몬드 훠지,아이스 로아커),대체맛 선택（패밀리）(（대체）아몬드 봉봉))
          ","자모카2 아이스로아커3이라고 주문했는데 
자모카3 아이스로아커2로 준 것 같아요
근처 베스킨중에서 쌍문점이 별점 제일 낮은 이유가 있네요"
6,배스킨라빈스-쌍문점,2022년 2월 21일,5,3,5,"
            아이스 고디바 초콜릿 볼/2
          ",맛있는데 양이적어요~~
7,배스킨라빈스-쌍문점,2022년 2월 10일,1,1,5,"
            파인트/1(제품 밀봉 배달 전용 패키지(선택 안함),다회용 보냉백(선택안함),파인트 스푼 선택(스푼 5개),아이스크림 선택（파인트）(민트 초콜릿칩),대체맛 선택（파인트）(（대체）민트 초콜릿칩)),파인트/1(제품 밀봉 배달 전용 패키지(선택 안함),다회용 보냉백(선택안함),파인트 스푼 선택(스푼 5개),아이스크림 선택（파인트）(NEW 이상한 나라의 솜사탕),대체맛 선택（파인트）(（대체）NEW 이상한 나라의 솜사탕))
          ","파인트 2개, 하나는 전부 민초 다른 하나는 이상한 나라의 솜사탕으로 주문했습니다
사진 보시다시피 이상한 나라의 솜사탕 핑크색 부분만 왔구요. 위에만 그렇겠지해서 중간 다 파봤는데 다 핑크색 부분만 퍼져서 왔습니다. 이럴거면 배달 전에 미리 전화해서 다른 맛으로 대체 여부를 물어야하는게 맞지 않나요?"
8,배스킨라빈스-쌍문점,2022년 2월 6일,4,2,5,"
            쿼터/1(제품 밀봉 배달 전용 패키지(선택 안함),다회용 보냉백(선택안함),스푼 선택(스푼 6개),아이스크림 선택（쿼터）(31-요거트,체리쥬빌레,레인보우 샤베트,NEW 자모카 아몬드 훠지),대체맛 선택（쿼터）(（대체）아몬드 봉봉,（대체）초코나무숲))
          ",레인보우 많이로 부탁드린다고 작성했는데 반영이 잘 되지 않았어요ㅜㅜ자주 시켜먹는데 요청사항이 잘 반영됐으면 좋겠습니다.
9,배스킨라빈스-쌍문점,2022년 1월 20일,5,1,5,"
            쿼터/1(제품 밀봉 배달 전용 패키지(선택 안함),다회용 보냉백(선택안함),스푼 선택(스푼 6개),아이스크림 선택（쿼터）(초콜릿 무스,피스타치오 아몬드,NEW 자모카 아몬드 훠지),대체맛 선택（쿼터）(（대체）초콜릿 무스,（대체）NEW 자모카 아몬드 훠지))
          ","이거 모에요? 싱크홀 이에요?
먹다가 아이스크림이 안으로 툭 떨어지네요?"
10,배스킨라빈스-쌍문점,2022년 1월 5일,5,3,5,"
            쿼터/1(제품 밀봉 배달 전용 패키지(선택 안함),다회용 보냉백(선택안함),스푼 선택(스푼 6개),아이스크림 선택（쿼터）(체리쥬빌레,아몬드 봉봉,레인보우 샤베트,초코나무숲),대체맛 선택（쿼터）(（대체）초콜릿 무스,（대체）딸기 생크림 아이스크림))
          ",굿굿굿굿굿굿굿좋아요
11,배스킨라빈스-쌍문점,2021년 12월 13일,1,1,5,"
            하프갤론/1(제품 밀봉 배달 전용 패키지(선택 안함),다회용 보냉백(선택안함),하프갤런 스푼 선택(스푼 8개),아이스크림 선택（하프갤런）(31-요거트,베리베리 스트로베리,뉴욕치즈케이크,레인보우 샤베트,치즈 고구마구마,아이스 고디바 초콜릿),대체맛 선택（하프갤런）(（대체）엄마는 외계인,（대체）사랑에 빠진 딸기,（대체）바람과 함께 사라지다))
          ","수저8개 요청했는데
어떻게 하나도 안챙겨줬네요.
몰로 먹으라는건지,,,,
전화해서 다시 요청할려다가 참았습니다.
교육좀시키세요."
12,배스킨라빈스-쌍문점,2021년 12월 12일,3,3,5,"
            쿼터/1(제품 밀봉 배달 전용 패키지(선택 안함),다회용 보냉백(선택안함),스푼 선택(스푼 필요 없음),아이스크림 선택（쿼터）(사랑에 빠진 딸기,NEW 이상한 나라의 솜사탕,아몬드 봉봉,아이스 고디바 초콜릿),대체맛 선택（쿼터）(（대체）엄마는 외계인,（대체）자모카 아몬드 훠지))
          ",맛있음맛있으맛잇음음
13,배스킨라빈스-쌍문점,2021년 12월 12일,5,3,4,"
            쿼터/1(제품 밀봉 배달 전용 패키지(선택 안함),다회용 보냉백(선택안함),스푼 선택(스푼 필요 없음),아이스크림 선택（쿼터）(베리베리 스트로베리,체리쥬빌레,레인보우 샤베트,아이스 고디바 초콜릿),대체맛 선택（쿼터）(（대체）엄마는 외계인,（대체）바람과 함께 사라지다))
          ","배라  맛은 늘 좋죠.
고디바 진하고 쓰지않아요."
14,배스킨라빈스-쌍문점,2021년 12월 10일,5,3,5,"
            쿼터/1(제품 밀봉 배달 전용 패키지(선택 안함),다회용 보냉백(선택안함),스푼 선택(스푼 2개),아이스크림 선택（쿼터）(바람과 함께 사라지다,뉴욕치즈케이크,아몬드 봉봉,허니 치즈 트랩),대체맛 선택（쿼터）(（대체）엄마는 외계인,（대체）사랑에 빠진 딸기))
          ",단골입니다~ 엄마는 외계인이 항상 적게와서 쬐끔 불만이지만 맛있고 배달도 빨라요
15,배스킨라빈스-쌍문점,2021년 11월 18일,1,1,5,"
            초콜릿 아이스크림 롤/1,아메리카노 （HOT）/1,민트초코 모카 （ICED）/1,아이스 밀크티/1,흑임자라떼 （ICED）/1
          ",포장 자주 하러 갔었고 오래전부터 단골이었는데 오늘 누락관련 대응서비스는 좀 너무 별로였어요.
16,배스킨라빈스-쌍문점,2021년 10월 31일,5,3,5,"
            쿼터/1(제품 밀봉 배달 전용 패키지(선택 안함),다회용 보냉백(선택안함),스푼 선택(스푼 6개),아이스크림 선택（쿼터）(엄마는 외계인,슈팅스타,오레오 쿠키앤크림),대체맛 선택（쿼터）(（대체）슈팅스타,（대체）오레오 쿠키앤크림))
          ",ㅎㅅㅆㅎㅎㅅㄷㅂㄷㄱㄷㄱㄷ
17,배스킨라빈스-쌍문점,2021년 9월 14일,1,1,5,"
            패밀리/1(제품 밀봉 배달 전용 패키지(선택 안함),다회용 보냉백(선택안함),패밀리 스푼 선택(스푼 3개),아이스크림 선택（패밀리）(엄마는 외계인,사랑에 빠진 딸기,바람과 함께 사라지다,초콜릿 무스,슈팅스타),대체맛 선택（패밀리）(（대체）엄마는 외계인,（대체）사랑에 빠진 딸기))
          ","시간오버하고도 거의 30분이 지나서 왔네요
그럼 미리 얘기해주시던가 참"
18,배스킨라빈스-쌍문점,2021년 8월 21일,2,2,5,"
            쿼터/1(제품 밀봉 배달 전용 패키지(해피씰（Happy Seal） *제품을 밀봉하는 배달 전용 패키지로 고객님이 직접 제거하신 후 제품을 즐기실 수 있습니다.),다회용 보냉백(다회용 보냉백 *포장시간 연장을 원하시는 고객님께서는 300원 추가 시 보냉백으로 포장해드립니다 （최대 1시간 30분）),스푼 선택(스푼 3개),아이스크림 선택（쿼터）(슈팅스타,아몬드 봉봉,민트 초콜릿칩,아이스 꼬북칩),대체맛 선택（쿼터）(（대체）엄마는 외계인,（대체）초콜릿))
          ",아이스크림은 잘 왔으나 배달예상소요시간을 초과해서 왔어요. 문의했는데 예상소요시간을 초과한 시점에서 기사님이 배정되지 않았다고... 연락이라도 주셨으면 대책이라도 세웠을 텐데 환불해달라고 요청하니까 그제서야 배송이 왔어요. 혹시 누락하셨던 건가요? 인근에 타 지점 많으니 전 다른 지점 애용할게요 그동안 감사했습니다
19,배스킨라빈스-쌍문점,2021년 7월 25일,1,1,5,"
            쿼터/1(제품 밀봉 배달 전용 패키지(선택 안함),다회용 보냉백(선택안함),스푼 선택(스푼 2개),아이스크림 선택（쿼터）(베리베리 스트로베리,오버 더 레인보우 샤베트,애플 민트,워싱턴블루베리쥬빌레),대체맛 선택（쿼터）(（대체）베리베리 스트로베리,（대체）워싱턴블루베리쥬빌레))
          ",적당히 괜찮네요~~~
20,배스킨라빈스-쌍문점,2021년 6월 30일,4,3,5,"
            쿼터/1(제품 밀봉 배달 전용 패키지(해피씰（Happy Seal） *제품을 밀봉하는 배달 전용 패키지로 고객님이 직접 제거하신 후 제품을 즐기실 수 있습니다.),다회용 보냉백(다회용 보냉백 *포장시간 연장을 원하시는 고객님께서는 300원 추가 시 보냉백으로 포장해드립니다 （최대 1시간 30분）),스푼 선택(스푼 6개),아이스크림 선택（쿼터）(그린티,오레오 쿠키앤크림,피스타치오 아몬드,민트 초콜릿칩),대체맛 선택（쿼터）(（대체）엄마는 외계인,（대체）사랑에 빠진 딸기))
          ",배달이 한시간 넘게걸리네요
21,배스킨라빈스-쌍문점,2021년 5월 15일,5,2,5,"
            리얼 27 큐브/1(스푼 선택(스푼 필요 없음),큰 초 선택(큰 초 4개),작은 초 선택(작은 초 2개))
          ",생각보다 양이 적어요.
22,배스킨라빈스-쌍문점,2021년 4월 30일,1,5,5,"
            쿼터/1(제품 밀봉 배달 전용 패키지(선택 안함),다회용 보냉백(선택안함),스푼 선택(스푼 6개),아이스크림 선택（쿼터）(뉴욕치즈케이크,체리쥬빌레,초코나무숲,민트 초코 봉봉),대체맛 선택（쿼터）(（대체）바람과 함께 사라지다,（대체）아빠는 딸바봉))
          ","바람과함께사라지다에 치즈케이크 0개
민츠초코봉봉에 봉봉과자 0개
눈물 흘리며 먹었어요ㅠㅠ"
23,배스킨라빈스-쌍문점,2021년 4월 25일,2,2,3,"
            하프갤론/1(제품 밀봉 배달 전용 패키지(선택 안함),다회용 보냉백(선택안함),하프갤런 스푼 선택(스푼 4개),아이스크림 선택（하프갤런）(엄마는 외계인,사랑에 빠진 딸기,바람과 함께 사라지다,그린티,초콜릿,아빠는 딸바봉),대체맛 선택（하프갤런）(（대체）바람과 함께 사라지다,（대체）아빠는 딸바봉,（대체）블랙소르베))
          ",달지만맛있어요 ~~~
24,배스킨라빈스-쌍문점,2021년 4월 4일,4,3,5,"
            패밀리/1(제품 밀봉 배달 전용 패키지(해피씰（Happy Seal） *제품을 밀봉하는 배달 전용 패키지로 고객님이 직접 제거하신 후 제품을 즐기실 수 있습니다.),다회용 보냉백(선택안함),패밀리 스푼 선택(스푼 4개),아이스크림 선택（패밀리）(뉴욕치즈케이크,초코나무숲,메이플월넛,오레오 쿠키앤크림치즈,민트 초코 봉봉),대체맛 선택（패밀리）(（대체）엄마는 외계인,（대체）사랑에 빠진 딸기))
          ","매장에서 직접 사는 것과 양이  조금 차이가 있네요.
정확한 중량는 맞지만 쪼금 부족한듯"
25,배스킨라빈스-쌍문점,2021년 2월 1일,1,2,5,"
            버라이어티팩/1(버라이어티팩 아이스크림 선택(엄마는 외계인,사랑에 빠진 딸기,바람과 함께 사라지다,초콜릿 무스,31-요거트,바닐라),대체맛 선택（버라이어티팩）(（대체）엄마는 외계인,（대체）사랑에 빠진 딸기),스푼 선택(스푼 필요 없음))
          ",이게  무슨 배달입니까 주문한지 40분되니  매장에서 전화 전화와  5분안에 기사님이 오시니 제일먼저  보내준다고해서 30분둬에 와서 들어와서 만제보니뇍았다면서 제퓸을  밬에 드시면된다해서 30분전에 안그래두 된다구 해서 전 던진다구해서 놔돟둬니 미ㅐ장은상관없고 배달기사는 나몰라라한다네요
26,배스킨라빈스-쌍문점,2021년 1월 2일,3,5,5,"
            패밀리/1(제품 밀봉 배달 전용 패키지(선택 안함),다회용 보냉백(선택안함),아이스크림 선택（패밀리）(사랑에 빠진 딸기,그린티,체리쥬빌레,자모카 아몬드 훠지,다크초코나이트),대체맛 선택（패밀리）(（대체）쫀떡궁합,（대체）초코나무숲),패밀리 스푼 선택(스푼 2개))
          ",여기에서 배달은 시키지 마세요. 두 시간 가까이 걸렸네요. 90분 걸린다고 뜬거 보고 바로 취소요청했는데 취소 안된대요. 어이없음. 그냥 기다렸더니 결국 90뷴 훌쩍 지나서 거의 두 시간 만에 옴. 그리고 다른 지점들은 다 세로로 길게 담아서 속 까지 안 파도 다 맛볼 수 있게 돼있는데. 여긴 그런거없음
27,배스킨라빈스-쌍문점,2020년 11월 22일,1,1,5,"
            쿼터/1(제품 밀봉 배달 전용 패키지(해피씰（Happy Seal） *제품을 밀봉하는 배달 전용 패키지로 고객님이 직접 제거하신 후 제품을 즐기실 수 있습니다.),아이스크림 선택（쿼터）(31-요거트,바닐라,슈팅스타,레인보우 샤베트),대체맛 선택（쿼터）(（대체）초콜릿,（대체）오레오 쿠키앤크림),스푼 선택(스푼 2개))
          ",못 받았는데요????????
28,배스킨라빈스-쌍문점,2020년 11월 8일,1,1,5,"
            쿼터/1(제품 밀봉 배달 전용 패키지(선택 안함),아이스크림 선택（쿼터）(엄마는 외계인,뉴욕치즈케이크,아이스 붕어빵,아이스 호떡),대체맛 선택（쿼터）(（대체）뉴욕치즈케이크,（대체）아이스 붕어빵),스푼 선택(스푼 2개))
          ","감사합니다 먹고 자려고 했는데 1시간 늦게 오네요
사과문자나 연락한통 없이 한시간이나 늦게 올수가 잇군요.."
29,배스킨라빈스-쌍문점,2020년 10월 5일,4,3,5,"
            쿼터/1(제품 밀봉 배달 전용 패키지(선택 안함),아이스크림 선택（쿼터）(바람과 함께 사라지다,쫀떡궁합,아몬드 봉봉봉,매시업스 시리얼),대체맛 선택（쿼터）(（대체）베리베리 스트로베리,（대체）이상한 나라의 솜사탕),스푼 선택(스푼 6개))
          ",다른곳들은 세로로 세워서 보내주시는데 여긴 어찌된게 겹겹이 있어서 모든맛을 다 먹어보려면 끝까지 먹어야하네요ㅋ
30,배스킨라빈스-쌍문점,2020년 9월 26일,1,1,3,"
            쿼터/1(제품 밀봉 배달 전용 패키지(해피씰（Happy Seal） *제품을 밀봉하는 배달 전용 패키지로 고객님이 직접 제거하신 후 제품을 즐기실 수 있습니다.),아이스크림 선택（쿼터）(사랑에 빠진 딸기,뉴욕치즈케이크,오레오 쿠키앤크림,아몬드 봉봉봉),대체맛 선택（쿼터）(（대체）엄마는 외계인,（대체）사랑에 빠진 딸기),스푼 선택(스푼 필요 없음))
          ","뉴욕치즈케이크가 재고가 많이남았어요?
네가지맛인데 뉴욕치즈케이크가 무슨 절반을 넘게 담아요
장난질좀 하지마요 이런걸로 승질나게"
31,배스킨라빈스-쌍문점,2020년 1월 23일,1,1,5,"
            버라이어티팩/1(버라이어티팩 아이스크림 선택(엄마는 외계인),대체맛 선택（버라이어티팩）(（대체）엄마는 외계인,（대체）사랑에 빠진 딸기),포장 이동시간(30분),스푼 선택(스푼 필요 없음))
          ",주문할 때마다 문제가 생기는 곳
32,배스킨라빈스-쌍문점,2020년 1월 21일,3,5,5,"
            쿼터/1(블록수납함(선택 안함),아이스크림 선택（쿼터）(민트 초코렛칩,자모카 아몬드 훠지,초코나무 숲,슈퍼버스데이),대체맛 선택（쿼터）(（대체）아몬드봉봉,（대체）허니치즈트랩),포장 이동시간(30분),스푼 선택(스푼 필요 없음))
          ","첨이네요 배달시킨거~
넘 많아서 조금씩 먹고 있어요
감사해요"
33,배스킨라빈스-쌍문점,2020년 1월 1일,1,1,5,"
            쿼터/1(블록수납함(선택 안함),아이스크림 선택（쿼터）(베리베리 스트로베리,민트 초코렛칩,뉴욕치즈케이크,체리쥬빌레),대체맛 선택（쿼터）(（대체）사랑에 빠진 딸기,（대체）쿠키 앤 크림),포장 이동시간(30분),스푼 선택(스푼 3개))
          ",아직 받지도 못했는데 리뷰 쓸 수 있다 해서 리뷰남기네요 아이스크림이 무슨 조리되서 나오는것도아니고 한시간이 지나도 안와서 전화해보니 막 출발했다하고 요즘 치킨집 중국집 이런곳에 시켜도 40분정도면 오는데 아이스크림 퍼서 라이더 전달만 하면 되는것이 왜 한시간이나 넘게걸리는지 모르겠네요ㅡㅡ 배라는 다신 배달로 안시키고 싶네요
34,배스킨라빈스-쌍문점,2019년 10월 18일,3,3,5,"
            쿼터/1(아이스크림 선택（쿼터）(엄마는 외계인,쿠키 앤 크림,슈팅스타,쌀떡궁합),대체맛 선택（쿼터）(（대체）사랑에 빠진 딸기,（대체）쫀떡궁합),포장 이동시간(30분),스푼 선택(스푼 2개))
          ",ㄱㄱㄱㄱㄱㄱㄱㄱㄱㄱㄱㄱㄱㄱ
35,배스킨라빈스-쌍문점,2019년 10월 18일,5,1,2,"
            파인트/1(아이스크림 선택（파인트）(엄마는 외계인,쿠키 앤 크림,초콜릿),대체맛 선택（파인트）(（대체）엄마는 외계인),포장 이동시간(30분),파인트 스푼 선택(스푼 3개)),파인트/1(아이스크림 선택（파인트）(엄마는 외계인,쿠키 앤 크림,그린티),대체맛 선택（파인트）(（대체）엄마는 외계인),포장 이동시간(30분),파인트 스푼 선택(스푼 3개))
          ",담다마셨네요 할인은할인아고 정량은주셔야죠
36,배스킨라빈스-쌍문점,2019년 10월 15일,5,3,5,"
            쿼터/1(아이스크림 선택（쿼터）(엄마는 외계인,사랑에 빠진 딸기,그린티,민트 초코렛칩),대체맛 선택（쿼터）(（대체）엄마는 외계인,（대체）그린티),포장 이동시간(30분),스푼 선택(스푼 필요 없음))
          ",맛있어요~ 배달도 가까운 지역이라 그런지 예상 시간보다 일찍 왔어요! 근데 이벤트 기간이라서 그런지 아이스크림을 너무 정직하게 층층이 쌓아주셔서ㅠㅠ 한 맛씩만 먹어야 했어요ㅠㅠ
37,배스킨라빈스-쌍문점,2019년 10월 15일,5,3,5,"
            쿼터/1(아이스크림 선택（쿼터）(민트 초코렛칩,뉴욕치즈케이크,이상한 나라의 솜사탕,아빠는딸바봉),대체맛 선택（쿼터）(（대체）사랑에 빠진 딸기,（대체）피스타치오 아몬드),포장 이동시간(30분),스푼 선택(스푼 3개))
          ","여기는 요청 메세지를 안보시나봐요?
민트초코 제일 밑으로 넣어달라했더니 가장 위에 올려두셨네요...배달은 빠르고 포장상태도 좋지만 상세 메세지 확인도 하셨음 좋겠네요"
38,배스킨라빈스-쌍문점,2019년 10월 13일,3,2,5,"
            파인트/1(아이스크림 선택（파인트）(사랑에 빠진 딸기,아몬드봉봉,이상한 나라의 솜사탕),대체맛 선택（파인트）(（대체）엄마는 외계인),포장 이동시간(30분),파인트 스푼 선택(스푼 필요 없음)),미니 버블스라이스케이크/1(포장 이동시간(30분)),아이스크림 롤（초콜릿）/1(포장 이동시간(30분))
          ","세가지맛을시켯는데 한가지맛만엄청많네요...
골고루좀주시지ㅠ"
39,배스킨라빈스-쌍문점,2019년 9월 6일,3,3,5,"
            쿼터/1(아이스크림 선택（쿼터）(베리베리 스트로베리,월넛,뉴욕치즈케이크,쌀떡궁합),대체맛 선택（쿼터）(（대체）아몬드봉봉,（대체）쿠키 앤 크림),포장 이동시간(30분),스푼 선택(스푼 필요 없음))
          ","배송 80분
아이스크림 많이 녹아서 왔어요"
40,배스킨라빈스-쌍문점,2019년 8월 22일,3,5,5,"
            쿼터/1(아이스크림 선택（쿼터）(엄마는 외계인,31-요거트,뉴욕치즈케이크,쫀떡궁합),대체맛 선택（쿼터）(（대체）엄마는 외계인,（대체）사랑에 빠진 딸기),포장 이동시간(30분),스푼 선택(스푼 1개))
          ",뭐 배라는 언제나맛있지만 배송이 겁 나 느려요 기다리는거 상관없으면 시키면만족하실듯
41,배스킨라빈스-쌍문점,2019년 8월 15일,5,3,5,"
            쿼터/1(아이스크림 선택（쿼터）(엄마는 외계인,바람과 함께 사라지다,피스타치오 아몬드,심슨에 반하나),대체맛 선택（쿼터）(（대체）월넛,（대체）자모카 아몬드 훠지),포장 이동시간(1시간),스푼 선택(스푼 5개))
          ",아이스크림인데 두시간이 넘도록 안와서 걱정했는데 다행히 안녹고 잘 왔어요! 다만 스푼을 하나도 안보내 주셔서...흑흑흑
42,배스킨라빈스-쌍문점,2019년 8월 14일,5,2,5,"
            쿼터/1(아이스크림 선택（쿼터）(엄마는 외계인,바람과 함께 사라지다,아몬드봉봉,자모카 아몬드 훠지),대체맛 선택（쿼터）(（대체）뉴욕치즈케이크,（대체）체리쥬빌레),포장 이동시간(1시간),스푼 선택(스푼 6개))
          ",이번껀 잘 받았는데요. 나중꺼 갑자기 취소당해서 난감했어요.
43,배스킨라빈스-쌍문점,2019년 8월 13일,3,1,5,"
            패밀리/1(제품 밀봉 배달 전용 패키지(선택 안함),아이스크림 선택（패밀리）(아몬드봉봉,초콜릿 무스,베리베리 스트로베리,체리쥬빌레,심슨에 반하나),대체맛 선택（패밀리）(（대체）엄마는 외계인,（대체）사랑에 빠진 딸기),포장 이동시간(30분),패밀리 스푼 선택(스푼 필요 없음))
          ",아이스크림 골고루 먹고싶었는데 어느 맛은 많고 어느 맛은 적었어요
44,배스킨라빈스-쌍문점,2019년 8월 12일,3,4,5,"
            쿼터/1(아이스크림 선택（쿼터）(베리베리 스트로베리,워싱턴 블루베리 쥬빌레,골든애플 요거트,심슨에 반하나),대체맛 선택（쿼터）(（대체）엄마는 외계인,（대체）사랑에 빠진 딸기),포장 이동시간(30분),스푼 선택(스푼 6개))
          ",어이스크림하면 베라이지요
45,배스킨라빈스-쌍문점,2019년 8월 10일,5,3,1,"
            파인트/1(아이스크림 선택（파인트）(쿠키 앤 크림,체리쥬빌레,쫀떡궁합),대체맛 선택（파인트）(（대체）체리쥬빌레),포장 이동시간(1시간),파인트 스푼 선택(스푼 3개)),스노우 모찌 콩고물 /2(포장 이동시간(1시간)),아이스 마카롱 쿠키앤크림/1(포장 이동시간(1시간))
          ",맛이야 베스킨라빈스는 원래 맛있으니까 할말은 없고 양이야 저울로 해서 하니까 말할거 없는데요 배달에서 좀 실망했습니다 1시간이나 늦게 오는데 미리 말도 안해주고 고객센테는 안되고 매장에 전화해도 계속 통화중이고 솔직히 어의가 없네요
46,배스킨라빈스-쌍문점,2019년 8월 9일,2,3,5,"
            쿼터/1(아이스크림 선택（쿼터）(바람과 함께 사라지다,31-요거트,초코나무 숲,워싱턴 블루베리 쥬빌레),대체맛 선택（쿼터）(（대체）바람과 함께 사라지다,（대체）뉴욕치즈케이크),포장 이동시간(30분),스푼 선택(스푼 6개))
          ",1시간30분 걸린다는 예상시간보다 20분이나 늦게 오고 스푼도 넣어달라고 체크했는데 하나도 안보내주셨네요.
47,배스킨라빈스-쌍문점,2019년 8월 9일,2,1,5,"
            쿼터/1(아이스크림 선택（쿼터）(31-요거트,슈팅스타,레인보우 샤베트),대체맛 선택（쿼터）(（대체）베리베리 스트로베리,（대체）뉴욕치즈케이크),포장 이동시간(1시간),스푼 선택(스푼 6개))
          ",2시간동안 안오고 있어요~
48,배스킨라빈스-쌍문점,2019년 8월 6일,3,4,5,"
            쿼터/1(아이스크림 선택（쿼터）(슈팅스타,자모카 아몬드 훠지,체리쥬빌레,망고탱고),대체맛 선택（쿼터）(（대체）체리쥬빌레,（대체）망고탱고),포장 이동시간(1시간),스푼 선택(스푼 6개))
          ",스픈이 안왔어요 담엔 챙겨주셔요 ㅠ
49,배스킨라빈스-쌍문점,2019년 8월 6일,4,3,5,"
            쿼터/1(아이스크림 선택（쿼터）(엄마는 외계인,사랑에 빠진 딸기,슈팅스타,뉴욕치즈케이크),대체맛 선택（쿼터）(（대체）엄마는 외계인,（대체）사랑에 빠진 딸기),포장 이동시간(30분),스푼 선택(스푼 5개))
          ",배달이좀오래걸리긴했는데 베라는베라!
50,배스킨라빈스-쌍문점,2019년 8월 4일,2,2,5,"
            패밀리/1(제품 밀봉 배달 전용 패키지(선택 안함),아이스크림 선택（패밀리）(바람과 함께 사라지다,자모카 아몬드 훠지,이상한 나라의 솜사탕,초코나무 숲,핑크 스타),대체맛 선택（패밀리）(（대체）사랑에 빠진 딸기,（대체）아몬드봉봉),포장 이동시간(30분),패밀리 스푼 선택(스푼 필요 없음))
          ",아이스크림 가로로 담아서 5가지 맛중에 3가지를 위에서 먹고서야 나머지 2가지 맛을 먹었네요 좀 아쉽네요
51,배스킨라빈스-쌍문점,2019년 7월 15일,4,3,5,"
            쿼터/1(아이스크림 선택（쿼터）(사랑에 빠진 딸기,초콜릿 무스,슈팅스타,자모카 아몬드 훠지),대체맛 선택（쿼터）(（대체）사랑에 빠진 딸기,（대체）자모카 아몬드 훠지),포장 이동시간(1시간),스푼 선택(스푼 6개))
          ",싼 가격에 배달해먹을 수 있어서 좋아요
52,배스킨라빈스-쌍문점,2019년 7월 9일,3,5,5,"
            쿼터/1(아이스크림 선택（쿼터）(엄마는 외계인,사랑에 빠진 딸기,자모카 아몬드 훠지,쫀떡궁합),대체맛 선택（쿼터）(（대체）엄마는 외계인,（대체）사랑에 빠진 딸기),포장 이동시간(30분),스푼 선택(스푼 6개))
          ",맛이 너무 섞여서 마음이 조금 속상
53,배스킨라빈스-쌍문점,2019년 7월 7일,2,4,5,"
            쿼터/1(아이스크림 선택（쿼터）(엄마는 외계인,피스타치오 아몬드,뉴욕치즈케이크,체리쥬빌레),대체맛 선택（쿼터）(（대체）자모카 아몬드 훠지,（대체）이상한 나라의 솜사탕),포장 이동시간(30분),스푼 선택(스푼 2개))
          ",다른집꺼가 잘못와서 매장에 전화함. 확인해보고 연락준다는데 배달기사는 뒤늦게 와서는 죄송하단 말한마디 없음. 아이스크림 다 녹아서 옴. 다른집에서 내가 주문한 아이스크림을 개봉했었는지는 모르는일. 찝찝하고 기분 안좋음. 적어도 배달전에 주소는 다시한번 확인하는게 기본 아닌가요? 갠적인 통화하느라 정신없는 어린 배달기사들. 일 할땐 집중해서 하시길.
54,배스킨라빈스-쌍문점,2019년 7월 6일,3,3,5,"
            쿼터/1(아이스크림 선택（쿼터）(바람과 함께 사라지다,초콜릿 무스,초코나무 숲,체리쥬빌레),대체맛 선택（쿼터）(（대체）아몬드봉봉,（대체）민트 초코렛칩),포장 이동시간(30분),스푼 선택(스푼 5개))
          ","초보 서버분이 푸셨나봐여
정말 개떡같이 퍼놓음
양도 지멋대로 제각각
쿠폰써서 주문해서 그런가요?
공짜로 먹는것도 아닌데....."
55,배스킨라빈스-쌍문점,2019년 7월 6일,2,4,3,"
            패밀리/1(제품 밀봉 배달 전용 패키지(선택 안함),아이스크림 선택（패밀리）(엄마는 외계인,쿠키 앤 크림,뉴욕치즈케이크,초코나무 숲,블랙 소르베),대체맛 선택（패밀리）(（대체）쿠키 앤 크림,（대체）그린티),포장 이동시간(30분),패밀리 스푼 선택(스푼 필요 없음))
          ",너무 많이 녹아서 배달되었고 숟가락도 안 들어있었네요
56,배스킨라빈스-쌍문점,2019년 7월 5일,3,3,5,"
            쿼터/1(아이스크림 선택（쿼터）(엄마는 외계인,바람과 함께 사라지다,그린티,31-요거트),대체맛 선택（쿼터）(（대체）바람과 함께 사라지다,（대체）31-요거트),포장 이동시간(30분),스푼 선택(스푼 필요 없음))
          ","배달 1시간!
조금 녹아서옴"
57,배스킨라빈스-쌍문점,2019년 6월 27일,1,1,5,"
            쿼터/1(아이스크림 선택（쿼터）(바람과 함께 사라지다,아몬드봉봉,망고탱고),대체맛 선택（쿼터）(（대체）엄마는 외계인,（대체）뉴욕치즈케이크),포장 이동시간(1시간),쿼터 스푼 선택(스푼 1개))
          ","배달늦고 요청한데로 안오고 어떻게 예비로선택한 두종류만 퍼서 보내는지..
4종류 다 품절이예요? 비싼아이스크림으로 호구잡혔습니다
쌍문점말고  쌍문역점에서 시켜 드세요  프렌차이져도 질자체가 틀리네요


열받아서 전화했더니 방문시 한번꽁짜로 준다고했지만 갈마음도 없네요"
58,엔제리너스-수유역점,2022년 3월 10일,3,3,5,"
            크리미딸기라떼/2(사이즈선택(R（16oz）),음료 선택(ICE)),초콜릿 라떼/1(사이즈선택(R（16oz）),HOT／ICE 선택(ICE)),딸기생크림케이크/1,악마의소보루번/1,오리지널슈가크로와상/1,큐브달콤브레드/1
          ","그냥 그렇습니다 뭐사람마다는 다르니까요
잘은 먹었습니다"
59,엔제리너스-수유역점,2022년 3월 1일,5,2,5,"
            1인 샌드위치SET/1(샌드위치 선택(햄&에그),HOT／ICE 선택(ICE),사이즈선택 1(R（16oz）)),크리미딸기라떼/1(사이즈선택(R（16oz）),음료 선택(ICE))
          ",딸기라떼에 얼음을 건져내니 양이너무적엇어욤.....
60,엔제리너스-수유역점,2022년 2월 24일,3,4,5,"
            딸기스노우/1(사이즈선택(R（16oz）),음료 선택(ICE)),말차갸또/1
          ",딸기스노우 왜이렇게 딸기주스처럼 왔는지ㅠㅠ 너무 녹아있었어요.
61,엔제리너스-수유역점,2022년 2월 12일,2,2,5,"
            오리지널 불고기 샌드위치/1(기본선택(고수빼기)),크리미딸기라떼/1(사이즈선택(R（16oz）),음료 선택(ICE)),플레인시나몬크로플/1
          ",주문때마다 복불복으로 포장되어 오는 메뉴들.
62,엔제리너스-수유역점,2022년 2월 5일,3,4,5,"
            쉬림프&면두부 샐러드/2
          ","두부샐러드 두개나샀는데 양은 넉넉, 소스는 시판소스에 맛도 그닥"
63,엔제리너스-수유역점,2022년 2월 3일,5,2,3,"
            딸기소보루크림번/1,크림치즈 캐롯케익/1,뉴욕치즈케익/1,무화과크랜베리 스콘（딸기잼 포함）/1
          ",배달이 다른주소로 잘못가서 엔제리너스에서 전화가 와서 다시 배달해주셨고 처음주문했던 목록중에 무화과 크랜베리스콘이 품절되서 플래인 스콘으로 교체해서 보내주시고 가격부분 모자란부분은 다른것으로 대체해서 더보내주셨어요 그런데 치즈케잌이 양이 정말 적더라구요. 아쉬웠어요 맛은 정말 좋았는데~~
64,엔제리너스-수유역점,2022년 2월 2일,5,3,5,"
            에그마요 샌드위치/1,딸기소보루크림번/2,몬스터칙촉쇼콜라/1
          ","일단 배달이 너무 늦어요 한 시간 걸렸네요..
무엇보다 주문했던 쿠키와 다른 맛이 와서
연락했더니 품절이라 다른 맛을 보냈다라고 하는게 너무 황당해요
품절이면 전화로 확인을 하셨어야죠..;; 
고객대응이 영 별로네요"
65,엔제리너스-수유역점,2022년 2월 1일,2,1,5,"
            꽃살크래미/1,에그마요 샌드위치/1,딸기소보루크림번/1
          ",반미는 괜찮은데 딸기소보루크림번에 딸기가 완전 꽁꽁얼어서 왔네요….냉동딸기 박아놓고 어떻게 먹으라는 건지…
66,엔제리너스-수유역점,2022년 1월 31일,1,2,5,"
            카페라떼/1(옵션선택(카페라떼ICED R)),카페라떼ICE（L）/1,로투스비스코프/1
          ",라떼가 그냥 물맛…
67,엔제리너스-수유역점,2022년 1월 31일,5,3,5,"
            쉬림프&면두부 샐러드/1,믹스베리주스/1(사이즈선택(R（16oz）),음료 선택(ICE))
          ","맛있어요 좋아요
음료는 얼음 뺏더니 양 넘 적어져서 아쉬웠어요TT"
68,엔제리너스-수유역점,2022년 1월 8일,1,5,5,"
            듀얼브루 디카페인 카페라떼/1(옵션선택(듀얼브루 디카페인 카페라떼ICE R)),딸기소보루크림번/1,플레인시나몬크로플/1
          ","와플은 시커멓게 다 태워서 와서 써서 못 먹겠어요 돈 아까워 억지로 먹음.
디카페인은 끝맛이 아세톤 먹는 맛이 나는데 왜 그런건지?
이 이상한 끝맛과 향은 대체 뭐야했는데 두번째 삼켜보니 아세톤 그 냄새. 몇번 삼킬때마다 확실히 아세톤 향이 맞음....
난생 처음 먹는 맛.. 디카페인이면 이런가요 다른덴 안 이렇덴데
다 태운 와플 그대로 보내는건 진짜 넘 아닙니다
이렇게 팔면서 리뷰이벤트 한다는게 참 어이없네요
딸기 소보루도 빵이 넘 뻑뻑하고 맛없고 크림도 보기랑 달리 별루 안 들었어요 주문 완전 대실패! 폭망!"
69,엔제리너스-수유역점,2021년 12월 24일,1,1,5,"
            동원참치반미/1,오리지널 불고기 샌드위치/1(기본선택(고수빼기))
          ","3:46분 주문했고 지금 5시20분인데 배달이 아직 안 되요
애초부터 주문 접수하지 않았어야지"
70,엔제리너스-수유역점,2021년 12월 17일,3,3,5,"
            한라봉스노우/1(사이즈선택(R（16oz）),음료 선택(ICE)),리얼 샤인머스캣 주스/1(사이즈선택(R（16oz）),음료 선택(ICE))
          ",제 음료는 어디에??? 배달이 안됐네요 ㅋㅋㅋㅋㅋ
71,엔제리너스-수유역점,2021년 8월 25일,3,4,5,"
            쉬림프&면두부 샐러드/1,프리미엄 티라미수/1(케이크선택(흑임자&쇼콜라（토핑 별도 제공）))
          ","헐 모야ㅠㅠ 티라미스가 흑임자 맛이었다니ㅠㅠ 선택옵션이 있는줄도 몰랐고 당연히 내가생각하는 그림그대로의 갈색파우더가 뿌려져있는 초코커피맛티라미스인줄 ㅠ 옵션 안보고 그냥 주문한 건 내 탓이지만 다른 맛은 다 품절인가봐여 흑임자만 있었음 ㅠ
흑흑 굳이 따지자면 흑임자 불호인데 흑흑.. 글고 흑임자가루에 약간 소금? 같이 들어있는지 짭조름한 맛 남.. 빵 자체는 되게 부드럽고 맛있는데 초코가 빠졌다니 실망..흑 
글구 할인 기간이라 그런가 평소보다 서비스가 별로였어요ㅠ 얼음많이달라하면 평소엔 얼음컵 따로 주시던데 오늘은 안주심 #식후감"
72,엔제리너스-수유역점,2021년 8월 10일,3,4,5,"
            한라봉스노우/1(사이즈선택(R（16oz）),음료 선택(ICE)),한라봉에이드/1(사이즈선택(R（16oz）),음료 선택(ICE))
          ","진짜 맛있어요 최고에요 감사합니다
좋은하루대십시요"
73,엔제리너스-수유역점,2021년 7월 29일,2,4,5,"
            불닭반미/1,훈제베이컨에그/1,오리지널 불고기 샌드위치/1(기본선택(고수빼기)),카페라떼ICE（L）/1,큐브달콤브레드/1
          ","리뷰가 너무 좋아서.. 심히 기대했나봅니다.
그래도 맛있는건 맛있었어요.
불고기1순위
,그다음 반미불닭 추천합니다~
개인취향이겠지만용"
74,엔제리너스-수유역점,2021년 7월 26일,4,2,5,"
            혼빙/2
          ","그 이튿날은 두개 다 양이 텅 
왜 이렇게 제조하세요?"
75,엔제리너스-수유역점,2021년 7월 3일,1,5,5,"
            오리지널 불고기 샌드위치/1(기본선택(고수빼기)),허니레몬티/1(HOT／ICE 선택(ICE)),무화과크랜베리 스콘（딸기잼 포함）/1
          ",분명 배달료를 내는데 성의없는 배달에 화가나는군요 포장은 물론 빵도 다젖어서 먹다가 버렸습니다  기사님도 돈받고하는일인데그냥 문밖에두고가시면안되지 않나요 돈받고하는일이면 제대로하셔야할듯 폰으로 다음일을 먼저 검색하기전에 맡은일을 제대로 해주시길!
76,엔제리너스-수유역점,2021년 7월 3일,3,5,5,"
            꽃살크래미 샐러드/1,에그마요 샐러드/1,ICE 트로피컬망고티/1,레모네이드/1(사이즈선택(R（16oz）),음료 선택(ICE))
          ",핼러드 메뉴는 첫주문이라 일단 주문했는데 소스는 씁쓰름하면서도 단짠단짠하고 꽃살크래미샐러드와 에그마요샐러드의 야채는 같은것이에요 포장상태는 언제나 깔끔하고 서비스 파이는 잘먹겠습니다 번창하세요
77,엔제리너스-수유역점,2021년 6월 27일,3,5,5,"
            포도모히또크러쉬/1,레몬티/1(사이즈선택(R（16oz）),음료 선택(HOT)),플레인와플/1
          ",배달시간이 너무 오래걸려서 플레인와플은 다식었고 약간 질긴느낌까지있네요 핫케잌같은 촉촉함이었는데요 모히또크러쉬는 꽁꽁얼어서 빨대가 들어가질 않더군요
78,엔제리너스-수유역점,2021년 4월 23일,1,4,5,"
            훈제베이컨에그/1,오리지널 불고기 샌드위치/1(기본선택(고수빼기))
          ",맛있었는데 빵이 차가웠다
79,엔제리너스-수유역점,2021년 4월 21일,2,4,5,"
            꽃살크래미/1,에그마요 샌드위치/1,프리미엄 티라미수/1(케이크선택(쿠키&크림（토핑 별도 제공）))
          ","생각했던거랑 너무 달라서..
요기요에서 사진과 실물을 다르게
해놓고 샌드위치는 빵이 너무 맘에
안드네요"
80,엔제리너스-수유역점,2021년 4월 18일,3,5,5,"
            1인 샌드위치SET/1(샌드위치 선택(훈제베이컨에그),HOT／ICE 선택(ICE)),듬뿍콘버터/1
          ",베이컨이 너무 구워져 식감이 너무 바삭하지 않았아 아쉬운 맘이 있고 반미샌드위치는 첨 먹어봤는데 양이 많긴 하더라구요 이벤트에 이벤트를 더하니 참 양을 많이 받아 맘이 풍족해졌습니다
81,엔제리너스-수유역점,2021년 4월 14일,3,3,5,"
            1인 샌드위치SET/1(샌드위치 선택(오리지널 불고기（고수빼기）),HOT／ICE 선택(ICE)),오리지널 불고기 샌드위치/1(기본선택(고수빼기))
          ",고수가 없어서 너무너무 아쉬웠습니다! (친절히 메모로 안내해쥬셨지만.....그래도...ㅠㅠ) 그리고 배달원님과 정확한 소통이 안되셨던건지... 배달료 선결제를 했지만 저희에게 결제요청을 다시 하시고 배달원님과 매장 측이 서로 통화하시고 하시는데 그 과정이 조금 거칠으셔서 저희 입장에서는 좀 불편한 부분이 있었네요.....!
82,엔제리너스-수유역점,2021년 4월 3일,3,2,5,"
            훈제베이컨에그/1,꽃살크래미/1,에그마요 샌드위치/1,카라멜마끼아또/1(옵션선택(카라멜마끼아또ICED R))
          ",크래미에 속이 너무 없어요ㅠㅠ 그리고 15000원 시키면 주는 것도 오늘은 안왔어요ㅠㅠ 3번째 시키는건데ㅠㅠ  실망스럽네요ㅠㅠ 다른 샌드위치는 맛있었어요... 비가 와서 그런지 다 젖어서 왔어요ㅠㅠ 리뷰보니까 부직포가방에다가 담아주셨다는 분도 계시던데...속상해요...
83,엔제리너스-수유역점,2021년 3월 26일,4,3,5,"
            싱글오리진 카페라떼/1(옵션선택(싱글오리진 카페라떼HOT S),토핑추가(휘핑크림 추가)),카라멜마끼아또/1(옵션선택(카라멜마끼아또HOT S))
          ","추가주문한 휘핑크림은 안오고, 요청안한 리뷰서비스가 왔네요,,,전엔 따로 담겨왔는데 혹시 커피에 넣어왔나싶어 맛봤는데,,,이래서 추가주문은 안하게 돼요 오백원 소액이라 다시 가져오라하기도 뭐하고 그냥 넘어가기엔 아까운,,,"
84,엔제리너스-수유역점,2021년 3월 9일,3,3,5,"
            아메리카노/1(옵션선택(아메리카노ICED L)),아메리카노/1(옵션선택(아메리카노HOT L)),초콜릿 라떼/1(사이즈선택(R（16oz）),HOT／ICE 선택(ICE))
          ",아메리카노를 아이스하나랑 핫하나 시켜었는데  아이스로 두개왓네요 다음부터 제대로 확인하고 보내주세요
85,엔제리너스-수유역점,2021년 3월 3일,2,5,5,"
            훈제베이컨에그/1,아메리카노/1(옵션선택(아메리카노HOT S)),오리지널번/1
          ",훈제베이컨샌드위치 매운 소스 사용한다는 표시하셔야 할 것 같습니다. 기본적인 부분이라 생각하는데 아침부터 매운지 모르고 시켰다 반밖에 못먹었어요 ㅋ
86,엔제리너스-수유역점,2021년 2월 26일,2,2,5,"
            아메리카노/2(옵션선택(아메리카노ICED S),토핑추가(에스프레소샷 추가))
          ","새벽에 있는 남알바생 불친절갑👍 퉁명스럽고 아메리카노 두 잔 시켰을 뿐인데 한숨 푹푹 쉬어서 눈치봤네요ㅋㅋㅋ 
얼음에 뜨거운 샷부터 넣었는지 아니면 얼음을 조금만 넣은 건지 얼음이 다 녹아서 편의점에서 얼음 사서 넣었습니다 귀찮으신가봐요 다신 안 갈게요~!"
87,엔제리너스-수유역점,2021년 2월 11일,1,1,5,"
            더블베리망고/1,자바초콜렛칩스노우/2(사이즈선택(R（16oz）),음료 선택(ICE))
          ","연휴 기간 앞 두고 수유점에서 알바한 직원 
누군지 모르겠으나 일하는 센스 진짜 없음!!!
홀컵 하나도 안끼워서 보냈으며 음료 3개 주문 했는데 
빨대 2개?? 하나는 드리킹 하라구요?? 
매번 먹던 음료인데 아놔 음료 제조 완전 못해!! 맛없음!!
다신 수유점에서 시켜먹지 않을꺼다"
88,엔제리너스-수유역점,2021년 1월 6일,2,5,5,"
            자바초콜렛칩스노우/1(사이즈선택(R（16oz）),음료 선택(ICE),토핑추가(초코시럽 추가)),카페코코다/1(사이즈선택(R（16oz）),음료 선택(ICE))
          ",자바초컬릿칩은 그나마 나았는데 지난번에 비해 초컬릿칩이 진짜 너무 많이 들어가 있어서 짜증났어요. 카페코코다는 코코넛밀크와 쌉싸름한 카페 비율이 폭망이네요. 너무 달고 쌉싸름 했어요.
89,엔제리너스-수유역점,2021년 1월 6일,1,4,5,"
            훈제베이컨에그/1,카페라떼/1(옵션선택(카페라떼HOT S)),뉴욕치즈케익/1
          ","따뜻한 카페라떼 시켰는데, 우유 전자레인지에 데운수준이네요.... 원두찌꺼기 둥둥떠있고, 보통 바닥에 가라앉는데 이건 데코인가요?
배달과정문제도 아니고 걍 애초에 대충만든티가 너무 많이 납니다.
낮에 가서 주문하면 잘 만들어 주시던데 ㅜㅜ
반미 샌드위치랑 치즈케이크는 맛 있습니다. !
근데 커피가 야마 돌아버리네요"
90,엔제리너스-수유역점,2021년 1월 4일,2,3,5,"
            자바초콜렛칩스노우/1(사이즈선택(R（16oz）),음료 선택(ICE),토핑추가(초코시럽 추가)),아이스티/1(사이즈선택(R（16oz）),음료 선택(ICE)),뉴욕치즈케익/1,초코크림크로와상/1
          ",치즈케잌이 좀 짜졌어요. 아이스티는 너무 묽게 타서 맛이 연했고요. 그나마 나은건 자바초콜렛칩스노우였어요. 케잌이 있는데  포크도 안갖다주고........ . 손으로 먹으라는건가요? ㅋ. 배달은 31분 걸렸네요.
91,엔제리너스-수유역점,2020년 12월 19일,4,3,5,"
            햄&에그 샌드위치/1,바닐라카페라떼/1(옵션선택(바닐라카페라떼ICED S))
          ","급하게 먹느라 사진은 못 찍었는데, 반미는 맛은 좋았어요 근데 먹기가 너무 불편해서... 
바닐라라떼는 제 취향은 아니었어요"
92,엔제리너스-수유역점,2020년 12월 8일,5,3,5,"
            카페모카/1(옵션선택(카페모카 HOT S)),초코릿 레이어/1,로투스비스코프/1
          ",배송이 빨라서 좋네요.
93,엔제리너스-수유역점,2020년 12월 6일,1,2,5,"
            싱글오리진 카페라떼/1(옵션선택(싱글오리진 카페라떼ICED S)),뉴욕치즈케익/1,오리지널번/1
          ","음...엔제리너스가 실망할때도 있네요
치즈케익이랑 번은 기대이하네요"
94,엔제리너스-수유역점,2020년 10월 20일,3,5,5,"
            햄&에그 샌드위치/1,초콜릿 라떼/1(사이즈선택(R（16oz）),HOT／ICE 선택(ICE),토핑추가(초코시럽 추가))
          ","초컬릿 라떼는 맛있었어요.
샌드위치는 지난번에 소스가 부족하다고 했더니, 댓글에 다음번에 주문시 소스 요청 하면 더 준다고 하셨는데 똑같더라구요......... . 
배달은 30분 정도? 빠른 편이었어요."
95,엔제리너스-수유역점,2020년 10월 19일,3,4,5,"
            에그마요 샌드위치/2
          ",맛있게.잘먹었습니다.^^
96,엔제리너스-수유역점,2020년 10월 18일,3,5,5,"
            아메리카노/1(옵션선택(아메리카노ICED S)),카페모카/1(옵션선택(카페모카 ICED R))
          ",다~좋았는데! 카페모카..넘모싱거워요 ㅠ
97,엔제리너스-수유역점,2020년 10월 17일,3,3,5,"
            자바초콜렛칩스노우/1(사이즈선택(R（16oz）),음료 선택(ICE)),듬뿍콘버터/1
          ","빵은 좀느끼했고 음료는 맜있었습니다
하지만 가격에비해 가성비가 좋은것같지는 않네요
포장은 매우깔끔했습니다"
98,엔제리너스-수유역점,2020년 10월 17일,3,5,5,"
            오리지널 불고기 샌드위치/1(기본선택(고수넣기)),에그마요 샌드위치/1
          ","처음먹었을때 바게트가 바삭하니  엄청나게 맛있어서  재주문했는데 오늘 바삭은 없네요ㅠ 그래도 맛있었어요.


에그마요보다 불고기가 최고입니다!"
99,엔제리너스-수유역점,2020년 10월 14일,3,3,5,"
            오리지널 불고기 샌드위치/1(기본선택(고수넣기)),에그마요 샌드위치/1
          ","요청사항을 안 보시나봐요.
리뷰이벤트 안 가져다주셨네요"
100,엔제리너스-수유역점,2020년 10월 10일,4,3,5,"
            오리지널 불고기 샌드위치/1(기본선택(고수넣기)),에그마요 샐러드/1
          ","맛나요 장마때문애 가끔 야채상태가 안좋은데
이번엔 괜차나서 맛나게머금"
101,엔제리너스-수유역점,2020년 10월 10일,1,1,5,"
            에그마요 샌드위치/1,딸기스노우/1(음료 선택(ICE),사이즈선택(R（16oz）))
          ","재교환은 제품은 잘 받긴 받았습니다. 신경 써주신 듯한 인상도 받았구요.다만,드리고 싶은 말씀은 이런 과정이 반복된다면 매장측에서 방법을 강구해야 하지 않을가요.그동안 수 없이 주문했던 고객에게 돌아오는 답변은 ""고객님은 해당 메뉴는 주문해야 하지 말아야 한다는 한다"". ""고객님만 그런다 ""식의 말을 듣는 다면 어느 누가 좋아할가요? 배송과정에서 예상이 되고 더군다나 주문 고객이 누군지 인지 하고 있었다면 조금 더 돌아 볼 수 있지 않았을가요.직접 제조 까지 해주셨다면서요. 할말은 많지만 이만 줄입니다.티는 안냈지만 솔직히 기분은"
102,엔제리너스-수유역점,2020년 10월 9일,2,2,5,"
            카페코코다/1(음료 선택(ICE),사이즈선택(R（16oz）)),그린밀크티/1(HOT／ICE 선택(HOT),사이즈선택(R（16oz）))
          ",빨라서 좋았어요 ㅎㅎ
103,엔제리너스-수유역점,2020년 10월 6일,1,1,5,"
            오리지널 불고기 샌드위치/1(기본선택(고수넣기)),에그마요 샌드위치/1
          ",한시간이 넘었는데..안옴
104,엔제리너스-수유역점,2020년 10월 5일,3,5,5,"
            카페라떼/1(HOT／ICE 선택(ICE),사이즈선택(R（16oz）)),바삭갈릭/1,듬뿍콘버터/1
          ","신메뉴 주문해봤어요
콘버터는 제입맛에는 너무 다네요ㅜ 
마늘은 아직 못먹었어요
커피는 빨대도 없이 왔는대
사이즈 업 했는데 맞게 왔는지 모르겠네요....
오늘은 처음으로 아쉬운 아침식사였어요ㅠ"
105,엔제리너스-수유역점,2020년 10월 2일,3,3,5,"
            BBQ 포크 샌드위치/1,아메리카노/1(HOT／ICE 선택(ICE),사이즈선택(L（20oz）))
          ","커피맛은
다른매장과비슷
맛도
양도
그가격이면
다른매장과비슷"
106,엔제리너스-수유역점,2020년 9월 21일,1,1,5,"
            요거트스노우/1(음료 선택(ICE),사이즈선택(R（16oz）)),메이플카라멜브레드/1(토핑추가(휘핑크림 추가))
          ",벌레 나왔어요.
107,엔제리너스-수유역점,2020년 9월 12일,3,5,5,"
            싱글오리진 카페라떼/1(HOT／ICE 선택(ICE),사이즈선택(R（16oz）)),바삭갈릭/1
          ",기대했는데 소스가 너무많아서 느끼해요 샌드위치가 훨씬 맛나네요 ㅜ!
108,엔제리너스-수유역점,2020년 9월 12일,3,5,5,"
            초콜릿 라떼/2(HOT／ICE 선택(ICE),사이즈선택(R（16oz）),토핑추가(초코시럽 추가)),골든매달애플（스파클링）/1
          ","초컬릿 라떼는 괜찮았어요, 양도 많고...
골든메달애플은 아직 안먹어봐서 모르겠어요.
배달은 적당히 빨리 와서 좋았는데 벨은 왜 
누르셨는지 모르겠네요."
109,엔제리너스-수유역점,2020년 8월 10일,1,1,5,"
            요거트스노우/1(음료 선택(ICE),사이즈선택(R（16oz）)),망고스노우/1(음료 선택(ICE),사이즈선택(R（16oz）))
          ","다 녹아서 층 생긴거 보이나요?
이 상태로 오면 스노우 시킨 의미가 없습니다"
110,엔제리너스-수유역점,2020년 8월 6일,4,3,5,"
            오리지널 불고기 샌드위치/1(기본선택(고수넣기)),메이플초코브레드/1(토핑추가(휘핑크림 추가))
          ",빵이 날씨탓인지 생크림이랑 다 녹아서왔어요. 요즘 장마철이니 이해하고 그냥 먹었어요.
111,엔제리너스-수유역점,2020년 8월 6일,5,3,4,"
            에그마요 샌드위치/1,혼빙/1
          ",만드시는 분에 따라 다른 건지 모르겠지만 이번 샌드위치는 에그마요 속이 너무 적었어요.  빵이 다 안 갈라진 상태에서 에그마요는 앞쪽만 살짝 얹어 거의 그냥 빵맛으로 먹었네요ㅠ 에그마요 푸짐해서 가성비 좋았는데 아쉬웠어요..
112,엔제리너스-수유역점,2020년 8월 5일,1,5,5,"
            오리지널 불고기 샌드위치/1(기본선택(고수넣기)),에그마요 샌드위치/1
          ","커피가 새벽 타임엔 10번 중 8번이 괜찮았다면 오전오후 시간대엔 10번 중 8번이 별로입니다
저번에 한입 먹고 다 버릴 정도로 맛없는 커피 주신것도 오전오후 시간대에요
똑같은 돈내고 먹는건데 맛없으면 돈아깝습니다"
113,엔제리너스-수유역점,2020년 8월 3일,3,5,5,"
            치킨 샐러드/1,코코넛밀크스노우/1(음료 선택(ICE),사이즈선택(R（16oz）))
          ","샐러드는 고기 빼고 맛있었어요. 
코코넛 스노우도 맛있었어요."
114,엔제리너스-수유역점,2020년 8월 3일,3,5,5,"
            치킨 샐러드/1,딸기스노우/1(음료 선택(ICE),사이즈선택(R（16oz）))
          ","음음 샐러드는 아닌 걸로ㅠㅠㅠㅠㅠㅠ
미지근하고 냄새도 이상해서 다 버렸어요
샐러드보단 샌드위치 종류가 훨씬 낫네욥"
115,엔제리너스-수유역점,2020년 8월 1일,3,5,1,"
            오리지널 불고기 샌드위치/1(기본선택(고수빼기)),치킨&치즈 샌드위치/1
          ",여러곳 돌다 오셨나봐요. 영수증에 동 표시 되어있는걸보니... 그래서 그런가 뚜벅이로 포장해와서 집에서 먹었을때보다 맛이 아쉬웠어요. 빵 상태가 그래서 그런가ㅜ 비때문이라 하기엔 저도 비오는날 포장해왔어가지고ㅠㅠ 치킨치즈 소스는 전에는 마요네즈만 있었는데 칠리인가 뭔가 더 발라져 있던데 제 입엔 전에 먹었던 마요네즈만 있던 반미가 더 맞았고요ㅠㅠ 어제 배달은 좀 아쉬웠어여.. 이벤트 아니면 괜찮은거겠죠ㅠㅠ 신랑도 전에 자주 사먹던건데 빵이 질겼다고 하더라고요..
116,엔제리너스-수유역점,2020년 7월 31일,1,1,5,"
            에그마요 샌드위치/1,체리 퐁당 스노우/1(음료 선택(ICE),사이즈선택(R（16oz）))
          ","빨대안오고 배달지연이 아무리 이벤트라지만 1시간 지연되서 1시간40분에 샌드위치 눌려있고, 이벤트참여불가면 글 바꾸시지 페스츄리도 안옴. 매니저 짜르세요"
117,엔제리너스-수유역점,2020년 7월 31일,2,2,5,"
            오리지널 불고기 샌드위치/1(기본선택(고수넣기)),카페라떼/1(HOT／ICE 선택(HOT),사이즈선택(S（12oz）),토핑추가(에스프레소샷 추가))
          ","비도 안오는데 30분 늦게 받았습니다 누락인줄 알고 주문취소했는데 연락도 없네요? 
그리고 행사하면 이벤트참여 불가라고 써놓으세요
불가면 아메를 따로 시켰지 열받게 저것만 띡 보내지 말고"
118,엔제리너스-수유역점,2020년 7월 26일,1,1,1,"
            에그마요 샌드위치/1,아메리카노/1(HOT／ICE 선택(ICE),사이즈선택(S（12oz）)),갈릭스틱/1
          ",배달오고 빵든 케이스 올리자마자 밑에 계란들이 다 쏟아져있더라구요 비닐이랑 커피옆부분도 다 더러워지고 이럴꺼면 빵 안흘러내리게 스티커를 왜 붙이신건지 스티커를 붙이고 반대로 넣어서 그런거같은데 앞으로는 조심해주세요 돈내고 사먹고 다 버렸습니다
119,엔제리너스-수유역점,2020년 7월 23일,1,1,5,"
            BBQ 포크 샌드위치/1,아이스티/1(음료 선택(ICE),사이즈선택(R（16oz）))
          ",아니 언제오나여 배고파 죽겠네요 에효
120,엔제리너스-수유역점,2020년 6월 26일,1,1,5,"
            BBQ 포크 샌드위치/1,프리미엄치킨 샌드위치/1
          ",주문한지 1시간 15분 지났는데도 안오는데 좀 너무한 것 같네요. 샌드위치 두개시켰는데 하나는 완제품이고;
121,엔제리너스-수유역점,2020년 5월 19일,5,2,5,"
            한라봉스노우/1(음료 선택(ICE),사이즈선택(R（16oz）)),새콤리얼주스/1(음료 선택(ICE),사이즈선택(R（16oz）))
          ",코로나 안전을 위해 집에서 누리는 까페!!
122,엔제리너스-수유역점,2020년 5월 12일,3,5,5,"
            치킨&치즈 샌드위치/1,몬스터칙촉/1(몬스터칙촉 선택(쇼콜라))
          ",할인해서 싸게 샀어요~ 양도 적당하니 좋네요
123,엔제리너스-수유역점,2020년 5월 1일,3,5,5,"
            달콤스노우/1(음료 선택(ICE),사이즈선택(R（16oz）)),상큼라C요거트/1(음료 선택(ICE),사이즈선택(R（16oz）))
          ",생각했던 키위맛이 아니었어요😭 이번 신메뉴는 제 입맛엔 안맞았아요 다음엔 늘 먹던 밀크티를 먹어야겠네요
124,엔제리너스-수유역점,2020년 4월 20일,1,5,5,"
            아메리카노/1(HOT／ICE 선택(ICE),사이즈선택(L（20oz）)),초코릿 레이어/1
          ","아메가 여기서 여태 시킨것 중 제일 맛 없었어요 먹기 힘들정도로
여기도 누가 내리느냐에 따라 맛차이가 진짜 심한듯합니다
별개로 요청사항 잘 들어주시고 서비스 감사합니다"
125,엔제리너스-수유역점,2020년 4월 13일,3,2,5,"
            큐브달콤브레드/1,뉴욕치즈케익/1
          ",😶😶😶😶😶
126,엔제리너스-수유역점,2020년 4월 10일,3,2,5,"
            바닐라카페라떼/1(HOT／ICE 선택(ICE),사이즈선택(R（16oz）)),리얼베리케이크/1
          ","초코크로아상으로 주셔서 감사해요😍 안에 초코크림 안싱겁게 들어있어서 나름 맛있네용 커피는 사이즈업했는데도 그냥 일반 사이즈 같았어요ㅠ안했으면 아쉬울뻔 했어요 ㅋㅋ케이크는,,,,,,,"
127,엔제리너스-수유역점,2020년 4월 10일,3,5,5,"
            크로크무슈/1,오트밀 카라멜 스노우/1(음료 선택(ICE),사이즈선택(R（16oz）)),호박 찰빵/1
          ",맛있게먹었습니다만 빵이 다 식었습니다...
128,엔제리너스-수유역점,2020년 4월 9일,5,3,5,"
            아메리카노/1(HOT／ICE 선택(ICE),사이즈선택(R（16oz）)),뉴욕치즈케익/1
          ","주문한지 30분만에 왔어요. 배달 속도 완전 짱!!
아이스 커피 얼음 가득가득 녹지도 않고 왔구요 만족^^ 
리뷰 이벤트로 애플파이 부탁 드렸는데 또 세심하게 애플 파이로챙겨주셨구요, 대박 만족!! 
그런데 치즈 조각 케이크는 너무 얇은 것 아닌가요...?
맛은 정말 좋은데 5천원 조각 케이크라고 하기에는 다른 커피숍의 치즈 케이크랑 너무 비교가 되네요. 오늘만 얇게 자르셨나?? ㅠㅠ 그래도 맛나니까 재주문 위사 100%입니다!! 
맛나게 먹었어요!!"
129,엔제리너스-수유역점,2020년 4월 8일,3,5,5,"
            쫀득 베리라떼/1(음료 선택(ICE),사이즈선택(R（16oz）)),롤와퍼/1
          ",우유맛밖에 안나고 얼음이 너무 많은데 심지어 생딸기랑 떡은 어케먹으라고 일반빨대를 주신거죠 ㅠ_ㅠ
130,엔제리너스-수유역점,2020년 3월 29일,3,5,5,"
            카페라떼/1(HOT／ICE 선택(ICE),사이즈선택(S（12oz）),토핑추가(헤이즐넛시럽 추가)),카라멜마끼아또/1(HOT／ICE 선택(ICE),사이즈선택(S（12oz）))
          ",배달도 빠르고 서비스 감사합니다ㅎㅎ
131,엔제리너스-수유역점,2020년 3월 5일,2,2,5,"
            쫀득 베리라떼/1(음료 선택(ICE),사이즈선택(R（16oz）)),큐브달콤브레드/1
          ",배달을 어떻게 하신건지 음료가 죄다 쏟아져서 봉투까지 싹 다 젖어서 왔네요 직접 안 받고 문 앞에 두고 가라하면 이런 식으로 막 배달해도 되나요? 음료 한 입도 못 먹고 버렸습니다 배달대행업체 잘못이겠지만 기분좋게 시켰는데 기분이 확 상했어요 리뷰 이벤트 페스츄리는 누락인지 오지도 않았네요
132,엔제리너스-수유역점,2020년 2월 9일,3,3,1,"
            자바초콜렛칩스노우/1(음료 선택(ICE),사이즈선택(R（16oz）),토핑추가(에스프레소샷 추가)),메이플초코브레드/1
          ",뭐 나쁘지않아요ㅜㅠ
133,엔제리너스-수유역점,2020년 2월 2일,3,3,5,"
            아메리카노/2(HOT／ICE 선택(ICE),사이즈선택(S（12oz）)),요거트스노우/1(음료 선택(ICE),사이즈선택(R（16oz）))
          ",아이스아메리카노는가격에비해 넘많아서 얼음을먹는건지.양이좀적었구요.요거트스노우는 그냥 먹을만했어요.
134,엔제리너스-수유역점,2020년 1월 26일,3,3,5,"
            그린티스노우/1(음료 선택(ICE),사이즈선택(R（16oz）)),플레인 찰빵/1
          ","그린티 스노우가 좀 가라앉아 오긴 했지만
녹아서어쩔수없다거 생각하구..
맛있게먹었습니다
찰빵은 드시지마세요
찰빵 데워온거같은데 딱딱한데다 눌려있어
안익은밀가루맛이나서 다버렸는데
어케먹는건가요 렌지돌려야되나??"
135,엔제리너스-수유역점,2020년 1월 7일,3,3,5,"
            벨지안 밀크초코/1(HOT／ICE 선택(ICE),사이즈선택(R（16oz）)),갈릭스틱/1,햄에그치아바타/1
          ",아..너무달아요 ㅋㅋ 담엔 아메리카노로
136,엔제리너스-수유역점,2020년 1월 3일,2,2,5,"
            망고스노우/1(음료 선택(ICE),사이즈선택(R（16oz）)),프리미엄 머쉬룸 베이컨 샌드위치/1
          ","샌드위치 너무 가격비싼데
둘이먹기 너무 모자르고 너무맛없고
데워주시지도않음...ㅠ.ㅠ"
137,엔제리너스-수유역점,2019년 12월 18일,3,4,4,"
            바닐라카페라떼/1(HOT／ICE 선택(ICE),사이즈선택(S（12oz）)),자색고구마/1(HOT／ICE 선택(HOT),사이즈선택(R（16oz）)),크로크마담/1
          ",솔직한 리뷰 솔직한 리뷰
138,엔제리너스-수유역점,2019년 12월 7일,1,1,5,"
            요거트스노우/1(음료 선택(ICE),사이즈선택(R（16oz）)),블루베리스노우/1(음료 선택(ICE),사이즈선택(R（16oz）))
          ","아 정말 화가나네요,,,요거트스무디에서 머리카락이 나왔어요;;; 이거 어떻게 보상하실건가요??;;;"
139,엔제리너스-수유역점,2019년 12월 4일,1,1,5,"
            카페모카/1(HOT／ICE 선택(ICE),사이즈선택(R（16oz）)),큐브달콤브레드/1
          ",배달 요청사항... 안읽으시나요
140,엔제리너스-수유역점,2019년 10월 24일,3,3,5,"
            자바초콜렛칩스노우/1(음료 선택(ICE),사이즈선택(R（16oz）)),메이플초코브레드/1,햄에그치아바타/1
          ",자바칩 커피랑 안섞여서 그냥 온것같고 햄에그는 다식어서 딱딱해요ㅠㅠ
141,엔제리너스-수유역점,2019년 10월 19일,1,1,5,"
            아메리카노/3(HOT／ICE 선택(ICE),사이즈선택(L（20oz）)),카페모카/1(HOT／ICE 선택(ICE),사이즈선택(R（16oz）),토핑추가(휘핑크림 추가)),메이플초코브레드/1(토핑추가(휘핑크림 추가))
          ",아니 아메리카노3개시켯는데ㅡㅡ 휘핑크림 3개주노?
142,엔제리너스-수유역점,2019년 9월 15일,3,5,4,"
            딸기스노우/1(음료 선택(ICE),사이즈선택(R（16oz）)),오트밀 블루베리 스노우/1(음료 선택(ICE),사이즈선택(R（16oz）))
          ",★★★★★★★★★★
143,엔제리너스-수유역점,2019년 9월 1일,3,3,4,"
            자바초콜렛칩스노우/1(사이즈선택(R（16oz）),음료 선택(ICE)),큐브달콤브레드/1
          ",그냥 soso....
144,엔제리너스-수유역점,2019년 7월 19일,3,3,5,"
            카페모카/1(HOT／ICE 선택(ICE),사이즈선택(S（12oz）)),마스카포네 티라미수 케이크/1,크림치즈 캐롯케익/1(토핑추가(휘핑크림 추가))
          ",맛있어요 서비스빵도 존맛요
145,엔제리너스-수유역점,2019년 6월 21일,4,3,5,"
            카페모카/1(HOT／ICE 선택(ICE),사이즈선택(R（16oz）)),메이플초코브레드/1,뉴욕치즈케익/1
          ",메이플초코브레드 시키면 박스가 너무 커서 먹기 불편해요 ㅠ 그냥 달콤초코 그거처럼 잘라서 넣어주셨으면 좋겠어요
146,엔제리너스-수유역점,2019년 6월 18일,4,3,5,"
            망고스노우/1(사이즈선택(R（16oz）),음료 선택(ICE)),큐브달콤브레드/1,햄에그치아바타/1
          ",청포도스노우는 언제 먹어도 냠냠긋
147,엔제리너스-수유역점,2019년 6월 10일,2,5,3,"
            싱글오리진 아메리카노/1(HOT／ICE 선택(ICE),사이즈선택(R（16oz）)),화이트쇼콜라/1
          ",케이크가 아니라 빵을먹는느낌...무난했고 얼음많이 요청드렸는데 부족했어요 담번엔 폭탄으로 주세욤
148,엔제리너스-수유역점,2019년 5월 24일,3,5,5,"
            싱글오리진 아메리카노/1(HOT／ICE 선택(ICE),사이즈선택(S（12oz）)),청포도 요거트 스노우/1(사이즈선택(R（16oz）),음료 선택(ICE))
          ",청포도스노우가 사진이랑 너무 달라서 당황했지만 상큼하니 괜찮네요 그리고 빨대좀 잘 챙겨주세요 오늘이 처음이 아니에요 빵이 안온다던가 시킬때마다 뭔가 하나씩 빠져서 오는것같네요
149,엔제리너스-수유역점,2019년 5월 9일,1,1,5,"
",비번적어드렸는데 전화를하시네.귀찮게...배달이너무느려요...
150,엔제리너스-수유역점,2019년 4월 27일,4,2,5,"
            자색고구마/1(HOT／ICE 선택(HOT),사이즈선택(S（12oz）)),레몬티/1(음료 선택(HOT),사이즈선택(S（12oz）)),아이스티/1(음료 선택(ICE),사이즈선택(L（20oz）)),큐브달콤브레드/1
          ",자색 고구마라떼 원래 양이 적나요? 따뜻한거 시켜서  열어봤는데..절반밖에 없네요..
151,엔제리너스-수유역점,2019년 4월 23일,2,5,5,"
            싱글오리진 아메리카노/1(HOT／ICE 선택(ICE),사이즈선택(R（16oz）)),자바초콜렛칩스노우/1(음료 선택(ICE),사이즈선택(R（16oz）))
          ",배달은 빨랐는데 샷을 잘못뽑은건지 아메리카노가 너무 시네요 적당한 신맛이 아니라 신맛밖에 없습니다
152,엔제리너스-수유역점,2019년 4월 19일,4,3,5,"
            싱글오리진 아메리카노/1(HOT／ICE 선택(ICE),사이즈선택(S（12oz）),토핑추가(헤이즐넛시럽 추가)),싱글오리진 아메리카노/1(HOT／ICE 선택(ICE),사이즈선택(R（16oz）),토핑추가(헤이즐넛시럽 추가))
          ",새로온 알바가 있나요..? 맛이 달라졌넹..
153,엔제리너스-수유역점,2019년 3월 16일,2,4,5,"
            망고스노우/1(음료 선택(ICE),사이즈선택(S（12oz）)),큐브달콤브레드/1(토핑추가(휘핑크림 추가))
          ",배달이 1시간 20분쯤 걸린 거 같아요 한 5분도 안 걸리는 곳인데 매장에선 15분 전에 출발했다고 했지만 그 후로 15분 뒤에 왔으니 매장에서 출발한 지 30분 만에 왔네요...ㅋㅋㅋ
154,엔제리너스-수유역점,2019년 3월 10일,2,2,5,"
            모짜렐라치즈 포카치아/1,프리미엄치킨 샌드위치/1,프리미엄 머쉬룸 베이컨 샌드위치/1
          ",생각보다 빠른 배달 감사합니다 ........
155,더베이커스테이블-삼청동점,2021년 5월 21일,1,1,5,"
            Mushroom soup 머쉬룸수프/1,Steak Sandwich 스테이크 샌드위치/1,FRENCH TOAST 프렌치 토스트/1
          ","요기요측의 사진업로드 실수로 프렌치 토스트를 헷갈려 주문하였는데, 대응 하셨던 직원분인지 사장님이신지 태도가 너무 하시네요. 방문으로 여러번 갔었고 익숙한 집이어서 당연히 의심하지 않고 주문했는데 원래 프렌치 토스트는 저게 맞다는 말 한마디뿐이네요. 고객 입장에서는 충분히 오해할수 있는 부분인데 원래 프렌치토스트는 저게 맞으니 우리잘못 아니라는식의 대응은 아니지 않나요? 그리고 환불이든 교환이든 어떻게 하실건지 안내도 없고 무작정 사진만 보내라 하시고. 직원 교육이든 사장님 마인드던 최악."
156,아라연대게3호점,2022년 1월 13일,3,2,3,"
            킹크랩 2키로/1
          ",그냥저냥  보통입니다
157,아라연대게3호점,2021년 12월 9일,3,3,5,"
            대게2키로내  세트/1,대게해물라면/1
          ","요즘 킹크랩 값이 비싼가보내요.
살이 약간 없었지만 맛있게 잘 먹었습니다
라면에도 조그만 게들만 있어서 아쉬웠지만 맛있게 잘 먹었습니다
배송시간 맞추시려고 노력하셔서.. 감동이네요"
158,아라연대게3호점,2021년 5월 5일,2,2,1,"
            대게2키로내/1
          ","대게 배달 ,맛,  배달,  시간,, 최악"
159,아라연대게3호점,2021년 4월 2일,1,1,1,"
            연세트4人（대게2마리＋문어숙회＋대게볶음밥大＋대게라면1개＋후식）/1,골뱅이/1
          ",4인셋트에 손바닥만한 4칸반찬 한개오구요 소꿉장난하는줄 잘못쪄서 그런건지 몸통은 엄청 비려서 못먹었구요 내장은 하나가 까만색이라 찝찝해서 그대로 버렷구요 게 자체가 엄청짜네요 문어숙회는 안와서 전화했더니 계절이 아니라 안준다네요 그러면 구성에서 빼셔야죠 그구성보고 4인세트를 왜 주문한건데 이날은 너무 열받아서 욕나올까봐 이제 리뷰 남기네요
160,써브웨이-길음뉴타운점,2022년 2월 3일,4,1,5,"
            스테이크 & 치즈 30cm 세트/1(빵선택(화이트),치즈선택(아메리칸치즈),빵／미트 토스팅 선택(토스팅),야채 제외(토마토 제외,오이 제외,할라피뇨 제외),소스선택 *미선택시 추천소스 제공(허니머스타드,스모크바베큐),쿠키 또는 칩(더블 초코칩 쿠키),음료선택(코카콜라 제로 （355ml）)),스테이크 & 치즈 30cm 세트/1(빵선택(파마산오레가노),치즈선택(아메리칸치즈),빵／미트 토스팅 선택(토스팅),야채 제외(올리브 제외),소스선택 *미선택시 추천소스 제공(허니머스타드,스모크바베큐),쿠키 또는 칩(라즈베리 치즈케익),음료선택(코카콜라 제로 （355ml）))
          ","성북구내 타 매장에서 먹다가 한번 길음뉴타운점에서 시켜봤는데, 토핑양이 타매장 대비 20%이상 덜 들어간 느낌.. 한눈에 봐도 작아요"
161,써브웨이-길음뉴타운점,2021년 11월 24일,1,1,1,"
            로스트 치킨 30cm 단품/1(빵선택(휘트),치즈선택(슈레드치즈),빵／미트 토스팅 선택(토스팅),소스선택 *미선택시 추천소스 제공(스윗 칠리,랜치,후추))
          ","참다참다가 글남겨요. 한두번 주문한것도 아니고요. 주문요청좀 보시고 주문받으세요.
오늘은 빵조차 안데워서 차갑게 배달왔고 
야채도 쥐꼬리만큼 넣어주셨네요. 
다른 지점들은 요청사항 넣으면 그대로 해주는데
여기는 뭐 기본적인 체크사항들도 안해주니 어이가 없어요. 최소 배달요금이 저렴해서 주문하는데 참다참다가 글남기니다. 알바교육 제대로 하거나 요청사항 제대로 읽으시길."
162,써브웨이-길음뉴타운점,2021년 9월 17일,2,4,1,"
            스파이시 이탈리안 15cm 단품/1(빵선택(파마산오레가노),치즈선택(슈레드치즈),빵／미트 토스팅 선택(토스팅),야채 제외(피클 제외),소스선택 *미선택시 추천소스 제공(레드와인식초,랜치,올리브오일)),풀드포크 바비큐 15cm 단품/1(빵선택(화이트),치즈선택(슈레드치즈),빵／미트 토스팅 선택(토스팅),야채 제외(피클 제외),소스선택 *미선택시 추천소스 제공(스모크바베큐,랜치,핫칠리)),초코칩 쿠키/1
          ",피클제외인데 피클넣고 배달이 언제 왔는지는 모르지만 문자도 안주고 아님 초인종이라도 누르던가...심지어 문앞에 놓지도 않고 문고리에 매달아놔서 두번이나 나가봤는데 아무것도 없어서 마냥 기다리다가 너무 안와서 밖에 나가봤다가 발견했네요
163,써브웨이-길음뉴타운점,2021년 8월 25일,3,4,5,"
            미트볼 15cm 단품/1(빵선택(화이트),치즈선택(모차렐라치즈),빵／미트 토스팅 선택(토스팅),야채 제외(오이 제외,피망 제외,할라피뇨 제외),소스선택 *미선택시 추천소스 제공(허니머스타드,스윗 칠리,랜치)),이탈리안 비엠티 30cm 단품/1(빵선택(파마산오레가노),치즈선택(아메리칸치즈),빵／미트 토스팅 선택(토스팅),소스선택 *미선택시 추천소스 제공(스윗 어니언,스윗 칠리,랜치))
          ",그런대루 80프로 부족하긴했지만 잘먹었어요
164,써브웨이-길음뉴타운점,2021년 8월 11일,3,5,5,"
            페퍼 치킨 슈니첼 15cm 단품/1(빵선택(허니오트),치즈선택(슈레드치즈),빵／미트 토스팅 선택(토스팅),소스선택 *미선택시 추천소스 제공(레드와인식초,스모크바베큐,핫칠리)),페퍼 치킨 슈니첼 15cm 단품/1(빵선택(파마산오레가노),치즈선택(아메리칸치즈),빵／미트 토스팅 선택(토스팅),소스선택 *미선택시 추천소스 제공(허니머스타드,사우스웨스트)),스테이크 & 치즈 15cm 단품/1(빵선택(파마산오레가노),치즈선택(슈레드치즈),빵／미트 토스팅 선택(토스팅),야채 제외(올리브 제외,할라피뇨 제외),소스선택 *미선택시 추천소스 제공(레드와인식초,스모크바베큐,사우스웨스트))
          ","광고에서 장도연씨가 맛있게 먹던데 이건 별로네요ㅠ
배송은 주문 9분만에 받았네요 
완전 빠름"
165,써브웨이-길음뉴타운점,2021년 7월 29일,4,3,3,"
            써브웨이 클럽 15cm 세트/1(빵선택(플랫브레드),치즈선택(슈레드치즈),빵／미트 토스팅 선택(토스팅),소스선택 *미선택시 추천소스 제공(스윗 어니언,스윗 칠리,핫칠리),쿠키 또는 칩(초코칩 쿠키),음료선택(코카콜라 제로 （355ml）)),에그마요 샐러드 단품/1(치즈선택(슈레드치즈),재료추가(아보카도 추가（15cm）),야채 제외(피망 제외),소스선택 *미선택시 추천소스 제공(랜치,핫칠리,후추))
          ",야채토핑소스 전체적으로 양면에서 아쉬웠어요
166,써브웨이-길음뉴타운점,2021년 7월 27일,5,3,5,"
            이탈리안 비엠티 15cm 세트/1(빵선택(허니오트),치즈선택(아메리칸치즈),빵／미트 토스팅 선택(토스팅),소스선택 *미선택시 추천소스 제공(스윗 어니언,스윗 칠리),쿠키 또는 칩(더블 초코칩 쿠키),음료선택(코카콜라 （355ml）)),베지 30cm 세트/1(빵선택(허니오트),치즈선택(아메리칸치즈),빵／미트 토스팅 선택(토스팅 안함),야채 제외(피클 제외,할라피뇨 제외),소스선택 *미선택시 추천소스 제공(레드와인식초),쿠키 또는 칩(파인애플 쿠키),음료선택(코카콜라 （355ml）))
          ","빵을 위아래 다 파내고 주시는건지..
아님 야채를 조금만 넣어주시는건지
양이 적어요
아주 슬림한 샌드위치였어요"
167,써브웨이-길음뉴타운점,2021년 6월 20일,2,1,5,"
            에그마요 30cm 단품/1(빵선택(플랫브레드),치즈선택(슈레드치즈),빵／미트 토스팅 선택(토스팅 안함),야채 제외(피클 제외,올리브 제외),소스선택 *미선택시 추천소스 제공(스윗 어니언,핫칠리,후추))
          ","야채 많이 넣어달라고 했는데 기본 양보다도 적어요
너무 납작하고 허술해요
타지점이랑 너무너무 비교돼요... 실망입니다 
배달은 아주 빨랐어요"
168,신전떡볶이-퇴계로점,2022년 3월 15일,3,4,3,"
            로제떡볶이/1(맛 선택(순한맛)),치즈떡볶이/1(맛 선택(순한맛)),모듬튀김/1,참치마요컵밥/2
          ",컵밥에 밥이너무 딱딱해서 떡볶이랑 튀김만먹었어요ㅜ
169,신전떡볶이-퇴계로점,2022년 3월 11일,3,5,5,"
            스팸마요컵밥/1,세트1（떡1인＋오뎅5＋만두5＋잡채3＋김말이3/1(맛 선택(중간맛))
          ","잘 먹었습니다!!
리뷰이벤트 알새우칩 대박!!!!!
근데 신전치고 떡볶이가 약간 아쉬웠어요ㅜ"
170,신전떡볶이-퇴계로점,2022년 3월 10일,3,5,5,"
            떡볶이/1(맛 선택(순한맛)),잡채말이튀김 3개/1,한입고추튀김 3개/1,오징어튀김 3개/1,신전김밥/1
          ",제발 순한맛은 순한맛으로 조리해주세요 신전 진짜 여러 지점에서 먹어봤는데 이런 맛의 순한맛은 처음이에요 아무래도 조리를 잘못하신 거 같아요 입이 너무 얼얼하네요...
171,신전떡볶이-퇴계로점,2022년 3월 3일,3,3,3,"
            로제떡볶이/1(맛 선택(매운맛)),오뎅튀김 5개/1,만두튀김 5개/1,김말이튀김 3개/1,치킨마요컵밥/1
          ",리뷰이벤트 참여하고싶었는데 안주셨네요 ㅠ
172,쉐프의생안심탕수육-강북점,2022년 2월 2일,5,2,2,"
            쉐프's 탕수육/1(사이즈 선택(소),탕수육 소스 선택(레몬간장（기본소스）))
          ","양이 좀 적습니다.
리뷰이벤트는 없어졌으면 공지 내려주시면 감사하겠습니다.
맛은 있습니다."
173,꿀소담,2022년 3월 5일,5,3,5,"
            New 치킨텐더 샌드위치/1,바닐라 라떼/1(HOT or ICE 선택(ICE))
          ",너무 매워서 아이가 못먹었어요 ㅜ 야채가 투머치고욥 ㅜ
174,꿀소담,2022년 2월 27일,1,1,1,"
            New 치크크림 밀크티（우유＋치즈크림베이스）/1,제주도 유기농 말차라떼/1(HOT or ICE 선택(ICE)),당근케이크/1
          ",하나가 다 엎어져서 왔어요.. 이게 뭔가요ㅠㅠ 하...
175,꿀소담,2022년 2월 23일,5,2,5,"
            바스크 치즈케이크/1,레몬케이크（구움과자）/1,New AOP 이즈니 크로플/1(메뉴 선택(플레인))
          ",진짜 핵 짱맛있믄데 양이 넘 적어요ㅜㅜ
176,꿀소담,2022년 2월 22일,3,4,4,"
            New 에그 베이컨햄 샌드위치/1,결스콘（파이타입）/1(메뉴 선택(크랜베리))
          ",결스콘 이름그대로 결이 살아있어요. 에그햄샌드위치 품절이라 단호박 샌드위치로 교환해주셨는데 맛없어서 겨우 반먹고 반은 버렸습니다..(단호박 좋아하는 편)
177,꿀소담,2022년 2월 22일,5,3,3,"
            New 소세지롤（＋살사소스）（이즈니버터）/2,New 피자치즈빵/1
          ",맛있긴한데 좋은재료를 쓰셔서 그런지 가격대비 양이 적네요
178,꿀소담,2022년 2월 15일,5,1,5,"
            （1~2인） 생딸기 빙수 （＋보냉백）/1
          ",좀 새서 왔어요ㅜㅜ 맛은 있습니다...
179,꿀소담,2022년 2월 14일,3,5,5,"
            New 고메버터 러스크（유기농밀）/1,New 유기농 원당 생식빵（큐브9.5）/1(메뉴 선택(플레인)),New 프랑스 천일염 소금빵/1,New 감자빵/1
          ","저번에 맛있어서 한번더 시킨건데 오늘은 어제 남은 빵 먹는거처럼 빵상태가 매우 좋지 않네요.
식빵이 제일 괜찮고 나머지는 영.."
180,꿀소담,2022년 2월 14일,5,3,5,"
            New 얼그레이 바스크/2
          ",일주일동안 몇번을 시ㅕㅆ는지~ 바스크는 잘지만 맛있습니다
181,꿀소담,2022년 2월 6일,1,5,5,"
            New AOP 이즈니 크로플/1(메뉴 선택(화이트초코 （프랑스）),생크림 추가(동물성100% 생크림)),필라델피아 크림치즈 크로와상/1
          ","크로플은 입맛에 안맞네요 에그타르트도 비추
티라미수랑 당근케익, 필라델피아 크림치즈가 맛있었습니다"
182,꿀소담,2022년 2월 5일,2,3,4,"
            결스콘（파이타입）/1(메뉴 선택(플레인)),파운드케이크/1(메뉴 선택(얼그레이)),New 비스켓 시리즈/1(메뉴 선택(말차（＋글레이즈드）))
          ","스콘 기본인데 잼이 오는 줄 알았는데 아니었나보네요 스콘/비스켓 둘다 주문했는데 가격때문인지 버터의 풍미는 느껴지지않고 그냥 밀가루를 구운느낌이었고 맛이 없어 아쉬웠어요
케익류가 그나마 괜찮은 것 같아요"
183,꿀소담,2022년 2월 2일,3,3,3,"
            아메리카노 （강배전／2샷기본）/1(HOT or ICE 선택(ICE)),아메리카노 （강배전／2샷기본）/1(HOT or ICE 선택(HOT)),필라델피아 크림치즈 크로와상/1
          ",따뜻한 커피가 다 식어서 왔네요 크로와상은 맛있는데 혼자 먹기는 많이 달아서 같이 먹어야 겠네요 크림 짱 마니 줘요 커피만 따뜻해도 좋을텐데 너무 식어서 별루였어요
184,꿀소담,2022년 1월 31일,3,4,4,"
            （1~2인） 옛날 팥빙수（떡x）（＋보냉백）/1
          ",기대를 너무 많이 했나봐요
185,꿀소담,2022년 1월 30일,3,3,5,"
            （1~2인） 오레오 빙수 （＋보냉백）/1
          ",사장님 컵을 조금 큰걸 사용하시는게 어떨까요?내용물이 많게 보이려고 그러시는건지 모르겠지만 뚜껑을 열자 빙수랑 섞어 먹을 메인은 뚜껑에 붙어서 다른 그릇에 덜어 먹어야 할듯해요 이건 아닌거 같습니다
186,꿀소담,2022년 1월 29일,3,5,5,"
            'Season' 생딸기 티라미수/1,순수단호박케이크（No밀가루）（실온 30분 해동해주세요）/1
          ",맛있는데 너무 달아요...
187,꿀소담,2022년 1월 27일,3,3,5,"
            아메리카노 （강배전／2샷기본）/1(HOT or ICE 선택(ICE),추가선택(샷추가)),당근케이크/1,레드벨벳 컵케이크（필라델피아 크림치즈）/1
          ","다 좋은데, 봉투 안에서 커피가 고정 안된채 이리저리 굴러다니니깐 씰링후 비닐랩으로 이중 포장을 해놔도 새서 오네요"
188,꿀소담,2022년 1월 22일,2,2,2,"
            프랑스 발로나 초콜릿라떼/2(HOT or ICE 선택(ICE))
          ",뚜껑 제대로 안닫아주셔서 내 손이 초코라떼인줄..알았습니다..네..
189,꿀소담,2022년 1월 3일,3,3,5,"
            New 바닐라빈 에그타르트（바닐라빈）（오븐or에프）/2,New 하프 맘모스（버터크림＋잼）/1
          ","에그타르트의 타르트부분이 너무 두꺼워서 맛 부분에서 넘 나 아쉽네요 타르트는 엄청 큽니다
맘모브빵은 크림이 거의 느껴지지 않고 소보로 맛만 진합니다"
190,꿀소담,2022년 1월 3일,5,3,5,"
            아메리카노 （강배전／2샷기본）/1(HOT or ICE 선택(ICE)),바스크 치즈케이크/2
          ",커피랑 디저트는 항상 여기서 시켜요
191,꿀소담,2021년 12월 31일,5,3,1,"
            당근케이크세트/1(음료 선택(카페라떼),핫／아이스 선택(hot))
          ","당근케이크 세트시키면 음료 2개오는 거 맞죠? 근데 옵션선택하는 부분에도 1개만 선택가능하고, 영수증에고 1개만 올라와서 기사분이 헷갈리신듯 하네요. 커피가 1개만 왓습니다"
192,꿀소담,2021년 12월 13일,4,2,5,"
            크림아메리카노（바닐라생크림）/1(추가선택(헤이즐넛시럽 추가)),New 흑임자밀크티（우유＋흑임자）/1,수제 과일청 차/1(음료 선택(딸기)),New 하프 맘모스（버터크림＋잼）/1
          ","맛은 있는데..양이 너무 적어서 깜짝 놀랐네요..
맘모스는 사진보다 훨씬 얇고 버터크림맛을 거의 못느끼겠더라구요..
흑임자는 엄청 맛있었어요"
193,꿀소담,2021년 12월 5일,2,3,4,"
            （1~2인） 옛날 팥빙수（＋보냉백）/1,결스콘（파이타입）/1(메뉴 선택(크랜베리))
          ","원래 이렇게 녹혀서 먹는건지ㅠㅜ..
너무 녹아왔어요... 옛날팥빙수래서 얼음빙수일줄 알았는데 얼음은 절대 아니고 우유눈꽃빙수?에 근접하지만 완전한 눈꽃은 또 아닌 것 같은..
스콘은 가격 대비 컸어요."
194,꿀소담,2021년 12월 5일,4,3,3,"
            New 흑임자 인절미 갸또/1,당근케이크/1,결스콘（파이타입）/1(메뉴 선택(크랜베리)),New 크로플（쫀득식감／오븐혹은토스터기에 돌려드세요）/2(메뉴 선택(화이트초코 （프랑스）))
          ","흑임자 인절미갸또는 흑임자랑 빵 부분이 맛있어요. 당근케이크도 다른 데보다 괜찮아서 재주문. 스콘은 음… 그냥 평범? 
여기는 제일 맛있는 메뉴가 크로플이에요. 크로플 때문에 여기서 재주문했어요. 이번에는 오리지널 없이 꼭 초코추가된 메뉴밖에 없어서 아쉽… 그래서 이번에는 화이트 초코로 주문 했는데 초코를 추가할거면 화이트가 더 맛있어요."
195,꿀소담,2021년 12월 3일,5,3,5,"
            결스콘（파이타입）/1(메뉴 선택(말차（제주유기농）)),New 비스켓 시리즈/1(메뉴 선택(얼그레이（＋글레이즈드）)),New 비스켓 시리즈/2(메뉴 선택(누텔라 오레오)),New 비스켓 시리즈/2(메뉴 선택(플레인（＋수제잼）))
          ","플레인비스켓에 수제잼이 2개가 같이 와야했는데…
잼을 않보내주셨어요.ㅠㅜ"
196,꿀소담,2021년 12월 2일,1,2,1,"
            아메리카노 （강배전／2샷기본）/1(HOT or ICE 선택(ICE)),카페라떼/2(HOT or ICE 선택(ICE))
          ","1시간 10분 걸렸네요 30분시작이였는데
늦게오는거까진 비오니.이해합니다 그럴수있죠
근데 빨때는 어디갔나요?"
197,꿀소담,2021년 11월 28일,5,3,4,"
            （1~2인） 옛날 팥빙수（＋보냉백）/1,（1~2인） 오레오 빙수 （＋보냉백）/1
          ",팥이 좀 흘렀던거 말고 좀 녹아왔어요
198,꿀소담,2021년 11월 21일,3,5,5,"
            카라멜 마끼아또/1(HOT or ICE 선택(ICE)),파운드케이크/1(메뉴 선택(고흥 유자)),청크초코/1
          ",카라멜 마끼아또 좀 더 달게 해달라고 부탁드렸는데 왜ㅜㅜ 이렇게 쓴가요 저번에도 누락됐는데ㅜㅜ
199,꿀소담,2021년 11월 20일,1,1,4,"
            New 달고나라떼（커피＋수제달고나）/2,크로와상/2
          ",달고나 먹구싶어서  시켰는데  달고나는 보이지도않고 얼음만둥둥   달고나를  따로 챙겨주시지   맥심 커피   먹는거같네여
200,꿀소담,2021년 11월 3일,1,1,1,"
            카라멜 마끼아또/1(HOT or ICE 선택(HOT)),New 달고나라떼（커피＋수제달고나）/1,（1~2인） 오레오 빙수 （＋보냉백）/1,당근케이크/1,레드벨벳 컵케이크（필라델피아 크림치즈）/1,바스크 치즈케이크/1
          ",정말 어이없네요 생일이라 시켰는데 치즈케익(6500원)시켰는데 치즈크로와상(5000원) 오고 오레오 빙수(10500원) 시켰는데 팥빙수(9500원)와서 먹고싶지 않은 거 먹고 2500원 손해보고 먹다가 알게되서 환불은 시키지도 못하겠고 정말 후회되네요 다음부터는 절대 안 시키고 싶네요.. 1개도 아니고 2개씩이나 틀려서 오다니..
201,꿀소담,2021년 10월 24일,2,3,5,"
            아메리카노 （강배전／2샷기본）/1(HOT or ICE 선택(HOT)),플랫화이트（케이크아웃잔에 1／2만 차는 커피에요!）/1(HOT or ICE 선택(HOT)),New 단팥브래드/1
          ","커피는 맛있게 잘 마셨는데, 단팥빵이 딱딱해서 먹지 못할 수준으로 굳은게 왔네요...."
202,꿀소담,2021년 10월 24일,3,3,5,"
            레몬보스턴케이크（레몬커드）/1,결스콘（파이타입）/1(메뉴 선택(앙버터 （랜덤）))
          ",맛은 평범합니다.
203,꿀소담,2021년 10월 17일,3,3,4,"
            카라멜 마끼아또/1(HOT or ICE 선택(ICE)),청크초코/2
          ",그래도 카라멜 마끼아또인데 너무 안달아요ㅠㅠ 자주 시켜먹는데 맛이 옛날이랑 바꼈어요 그렇다고 너무 단건 더 안좋지만
204,꿀소담,2021년 10월 16일,3,5,5,"
            （1~2인） 옛날 팥빙수 （＋보냉백）/1
          ",오늘도 맛있는 팥빙수 먹을려고 주문했는데 아이스팩은 돈받고 그냥보내서 많이 녹았네요.ㅠㅠ 아이스팩값 돌려주세요...팥빙수는 쉐이크같아요.ㅠㅠ
205,꿀소담,2021년 10월 15일,1,1,1,"
            New 흑임자 인절미 갸또/1,New 바닐라빈 에그타르트（바닐라빈）（오븐or에프）/1,New 무화과크림치즈 휘낭시에/1,New 더티초코 뺑오쇼콜라/1,New 프랑스 천일염 소금빵/1,New 모짜렐라 치즈빵/1
          ","만든지 오래된 빵을 보내셨나봐요? 딱딱해서 데웠는데도 소금빵은 참 딱딱하네요
다른빵들도 맛없어요"
206,꿀소담,2021년 10월 9일,1,1,5,"
            스페셜티 아메리카노（강배전／2샷기본）/1(HOT or ICE 선택(ICE)),결스콘（파이타입）/1(메뉴 선택(앙버터 （랜덤）)),New 하프 맘모스（버터크림＋잼）/1
          ","맘모스빵 이름에 분명 버터크림과 잼이라고 적혀있지 팥앙금 발라져있다고 써있진 않거든요?.. 후기도 정확한 사람이 없어서 제가 찍습니다 이 제품 *
팥앙금은 앙버터 외 다른빵은 먹지 않고
잼과 크림으로만 만들어진 맘모스빵인줄 알고 시켜서 아무생각없이 먹었다가 기분이 너무 안좋네요
상품에 대한 설명좀 제대로 써주세요 그리고 이거 솔직히 환불 요청드리고 싶네요..."
207,꿀소담,2021년 10월 1일,3,4,5,"
            크림아메리카노（바닐라생크림）/1(추가선택(헤이즐넛시럽 추가)),당근케이크/1,결스콘（파이타입）/1(메뉴 선택(앙버터 （랜덤）))
          ",당근케이크랑 크림아메리카노는 맛이 좋았어요 스콘이랑 케이크는 생각보다 크기가 크더라구요. 근데 스콘 랜덤으로 시킨건 리뷰보니 쑥인 것 같은데 향이 쎄서 전혀 스콘 본래 맛도 안나고 냉장보관을 하시는건지 빵이 엄청 딱딱해서 칼도 안들고 너무 퍽퍽했어요 ㅠ 맨위에 있는 플레인스콘만 골라먹고 초록부분 스콘은 다 버렸네요
208,꿀소담,2021년 10월 1일,3,1,5,"
            New 흑임자라떼 （커피＋흑임자）/1,슈퍼넛츠 고메 피칸/2
          ","꿀소담 정말 오랜만에 시켜먹는데요.
흑임자라떼 리뷰 봐보시면 반 이상이 보시다시피 제 리뷰거든요.
배달이라 매장가격보다 500원도 비싸고 일부러 흑임자+라떼랑 어우러져 먹으려고 시키는건데, 항상 양이 적어 요청사항에 흑임자양 부탁드린다고 쓰는데도 의견반영이 참..
오늘 진짜 흑임자 양 윗부분 역대급이라 뜯기전에 진심 없는 줄 알았어요.
흑임자 윗부분양을 좀 넉넉하게 주시기가 어려운걸까요…?
일부러 비교하시라고 오늘자 사진과 예전에 받은 사진 같이 올려요
이럴 줄 알았으면 오늘 배달 안시켰을텐데. 흑임자라떼를 먹는 의미가없네요."
209,꿀소담,2021년 9월 26일,1,3,5,"
            New 솔트카라멜라떼/1(HOT or ICE 선택(ICE)),New 달고나라떼（커피＋수제달고나）/1,New 고구마빵/1,New 단팥브래드/1,New 생크림 단팥빵/1
          ","처음시켜봤는데 안시켜먹고 싶은 마음이 가득
달고나라떼인데 달고나 첨가가 하나도 되어있지않음.

매일 수제 제빵이라하는데 식감이 벌써 며칠되서 푸석푸석한 크림팥빵.
고구마빵은 시큼한 냄새까지 나서 냄새가 역함.

개인적으로 매출이라곤 신경쓰지 않는 행위예술 식당느낌
1일 행위예술 완료"
210,꿀소담,2021년 9월 22일,3,5,5,"
            New 바닐라빈 에그타르트（바닐라빈）（오븐or에프）/1,필라델피아 크림치즈 크로와상/1
          ",기대하고 먹었는데 별로에요...
211,꿀소담,2021년 9월 15일,1,4,5,"
            결스콘（파이타입）/1(메뉴 선택(앙버터 （랜덤）)),생크림 크로와상/1,New 프랑스 천일염 소금빵/1,New 고구마빵/1
          ","음식 사진은 먹느라 못찍었지만..소금빵은 위에 올라간 소금양이 많아서 너무 짜고,고구마빵은 식감이 부드러운거보다 딱딱한 느낌 충전물도 별로였어요…스콘도 쑥 향이 강하게 나서 먹지도 못했구요 그나마 생크림 크로와상은 먹을만했습니다…배달도 빠르고 좋았지만 음 솔직히 맛은 그다지 좋지 못했던 거 같아 아쉽네요"
212,꿀소담,2021년 9월 11일,2,5,5,"
            New 고구마빵/1,New 단팥브래드/2,New 하프 맘모스（버터크림＋잼）/1
          ","기본적으로 빵들이 오버쿡이에요.

고구마빵 같이 차진빵은 
수분조절이 안되면 질겨지는데 그랬고
나머지 빵들은 수분이 없어서 푸석푸석해요.
팥빵은 심지어 바닥이 탔어요.

반죽이나
오븐 체크 다시 해보셔야 할거 같네요."
213,꿀소담,2021년 9월 4일,3,4,5,"
            New 감자빵/1,New 고구마빵/2,New 육쪽이마늘빵/1
          ","딸이 추출하다고 빵이 먹고싶다해서 급하게 주문했는데 배달이 빨라 좋았어여 ~~ 
빵은...  아쉬움 ..."
214,꿀소담,2021년 9월 4일,5,2,5,"
            New （ICE） 디카페인 아메리카노/1,New 고구마빵/2
          ",맛있는 커피가 다 흘러서 와서 속상하네요 다음부터는 포장에 더 신경써 주시기 부탁드려요
215,꿀소담,2021년 9월 1일,5,3,5,"
            단호박 치즈케이크/1,베리베리 치즈케이크/1,결스콘（파이타입）/1(메뉴 선택(앙버터 （랜덤）))
          ",너무 맛있어요 케이크가 작아서 실망했는데 먹자마자 너무 맛있어서 양에 대한 서운함이 사라짐여
216,꿀소담,2021년 8월 30일,3,1,1,"
            브런치TWO （크로와상샌드위치 ＋ 커피） /1(음료 선택(아이스 아메리카노)),New 육쪽이마늘빵/1
          ",아메리카노 안 가져다주셨어요
217,꿀소담,2021년 8월 29일,3,4,5,"
            카페라떼/1(HOT or ICE 선택(ICE)),New 바닐라빈 에그타르트（바닐라빈）（오븐or에프）/1,파운드케이크/1(메뉴 선택(레몬)),New 소세지롤（＋살사소스）（이즈니버터）/1
          ",커피가 좀 밍밍하고 소세지롤의 패스츄리가 좀 아쉽네요. 빠른 배달은 감사합니다.
218,꿀소담,2021년 8월 28일,3,5,5,"
            토피넛라떼/1(HOT or ICE 선택(ICE)),New 달고나라떼（커피＋수제달고나）/1,밀크티（홍차우유）/1(HOT or ICE 선택(ICE))
          ","달고나 라떼, 밀크티는 맛있는데 토피넛라떼가.. 원래 더 연했는데.. 오늘은 많이 달고 진하네요ㅠ"
219,꿀소담,2021년 8월 28일,4,3,3,"
            New 흑당밀크티（우유＋수제흑당）/1,New 달고나밀크티（우유＋수제달고나）/1,결스콘（파이타입）/1(메뉴 선택(앙버터 （랜덤）)),파운드케이크/1(메뉴 선택(레몬)),New 비스켓 시리즈/1(메뉴 선택(발로나 다크초코（＋글레이즈드）)),New 무화과크림치즈 마들렌/1,New 얼그레이 마들렌/1
          ","배달왔는데 밀크티가 다 샜어요. 이렇게 샐거 같으면 음료 캐리어에 담아주시던가, 빵이랑 따로 담아주셔야 할 것 같네요."
220,꿀소담,2021년 8월 27일,3,3,5,"
            （1~2인） 망고 빙수 （＋보냉백）/1
          ","종종 주문했는데 리뷰이벤트 빵은 단한번도 못받아봤습니다.
지금보니 일주일 내에 재주문해야 주시는것같은데
이틀연속 주문했어도 못받은적이 있어서 리뷰를 안쓰게됩니다.
개선이 됐으면합니다."
221,꿀소담,2021년 8월 26일,5,3,5,"
            바스크 치즈케이크/1,New 바닐라빈 에그타르트（바닐라빈）（오븐or에프）/1
          ",리뷰이벤트로 받은 초코크루와상은 그저그랬지만 케익이란 타르트 존맛입니다 다만 케익 정말 작어서 놀랐슴니다..두입에 순삭
222,꿀소담,2021년 8월 26일,1,1,1,"
            당근케이크/1,마시멜로우오레오/2
          ",-
223,꿀소담,2021년 8월 24일,2,2,5,"
            프랑스 발로나 초콜릿라떼/2(HOT or ICE 선택(ICE)),New 크로플（쫀득식감／오븐혹은토스터기에 돌려드세요）/1(메뉴 선택(플레인)),크로와상/1
          ","크로아상이 젤 괜찮았고, 나머지는 다 별로였어요ㅠ 크로플은 바삭해야 맛있는데 눅눅말랑했고, 아이스초코는 물에 초코 탄 그런 맛이었어요ㅠ 아니 사실 초코 5천원짜리 시킬때는 맛에 어느정도 기대가 있는데,, 우유를 타든가.. 암튼 뭐가 문젠지는 모르겠지만 다른 까페 핫초코, 아이스초코 많이 드셔보시고 필히 맛 개선하셔야 할 거 같아요 😭"
224,꿀소담,2021년 8월 21일,3,2,4,"
            （1~2인） 옛날 팥빙수 （＋보냉백）/1,레몬케이크（구움과자）/1,New 단팥브래드/1
          ",단팥빵 팥이 가득가득해요
225,꿀소담,2021년 8월 21일,3,3,3,"
            （1~2인） 옛날 팥빙수 （＋보냉백）/1
          ","빙수가 다 녹아서 왔어요 ㅜㅜ
토핑도 없고 심지어 빙수떡 딱 2개

거의 팥만 들어있어요"
226,꿀소담,2021년 8월 20일,2,2,4,"
            New 크로플（쫀득식감／오븐혹은토스터기에 돌려드세요）/1(메뉴 선택(플레인)),뺑오 쇼콜라/1,New 프랑스 천일염 소금빵/1,New 모짜렐라 치즈빵/1
          ",가게 슬로건으로 좋은 재료라 강조하는데 일단 빵부터 맛있어야 하지않나 싶음..소금빵 매우짬
227,꿀소담,2021년 8월 19일,3,3,3,"
            브런치TWO （크로와상샌드위치 ＋ 커피） /1(음료 선택(아이스 아메리카노)),스페셜티 아메리카노（강배전／2샷기본）/2(HOT or ICE 선택(ICE))
          ",음... 쏘쏘에요
228,꿀소담,2021년 8월 12일,1,5,5,"
            레몬밤/1(HOT or ICE 선택(ICE)),New 크로플（쫀득식감／오븐혹은토스터기에 돌려드세요）/1(메뉴 선택(플레인)),New 대왕 모닝빵/1
          ",레몬밤 시켰는데 이거 레몬 밤인가요???
229,꿀소담,2021년 8월 9일,1,5,5,"
            바스크 치즈케이크/1,결스콘（파이타입）/1(메뉴 선택(플레인)),New 비스켓 시리즈/1(메뉴 선택(말차（＋글레이즈드）))
          ",종종 시켜서 먹어봤는데요 이런일은 처음이라서요 녹차빵 맛이 이상해서 자세히 봤는데 안에 흰 곰팡이처럼 생긴게 보여요......좀 먹긴했는데 몸에 이상이 생기지 않을까 걱정이 되네요 배달은 빨라서 좋았어요
230,꿀소담,2021년 8월 5일,2,1,5,"
            （1~2인） 옛날 팥빙수 （＋보냉백）/1,New 국산 흑임자크림 페이츄리/1
          ",가성비 너무 떨어지네요...
231,꿀소담,2021년 8월 2일,3,4,3,"
            스페셜티 아메리카노（강배전／2샷기본）/1(HOT or ICE 선택(ICE)),New 흑당밀크티（우유＋수제흑당）/1,New 바닐라빈 에그타르트（바닐라빈）（오븐or에프）/1,크로와상 샌드위치（전자렌지에 치즈 녹을때까지）/1,New 부추빵/1,New 하프 맘모스（버터크림＋잼）/1
          ","솔직히 갠적으론 별로네요 부추빵 맛있어보여 주문했는데 먼맛인지.. 맘모스도 다른곳에서 먹던거랑 다르고... 
흑당 밀크티시켰는데 커피로만 두개와서 교환요청했는데  보내주기로 접수는되었다는데 30분이지나도 깜깜무소식이라 취소했네요
첫주문인데 아쉽게도 실망이컸어요
아쉽게됐네요"
232,꿀소담,2021년 8월 1일,1,3,1,"
            （3~4인） 옛날 팥빙수 （＋보냉백）/1
          ",요청사항에 덜 녹게 해달라고 부탁 드렸는데 뭔가 보완 된게 없네요. 모 아이스크림 회사는 거리에 따라 드라이아이스 추가로 넣어주는데 여기는 요청사항에 적어도 그대로네요. 20분 정도 걸려서 받았는데 형체만 겨우 유지하고 있지 거의 녹기 직전... 맛도 특별할게 없고 배달 시켜서 이런 상태면 다음부터는 빙수는 배달을 안시킬거 같아요.
233,꿀소담,2021년 7월 30일,5,3,5,"
            당근케이크/1,이탈리안 티라미수（마스카포네）/1,바스크 치즈케이크/1
          ","늘 맛있게 먹다가 이번엔 뭔가 이상해서 사진 첨부합니다 치즈케이크가 윗부분이 파여있는데 저게 정상적인건가요? 여태 저렇게 온적이 없어서 당황스럽네요
다른것들은 잘 왔습니다"
234,꿀소담,2021년 7월 29일,5,3,5,"
            （1~2인） 딸기 빙수 （＋보냉백）/1
          ",양은 조금 작지만 맛은 어떤곳도 비교할수없게 맛있네요 딸기빙수 맛있기 어려운데 잘먹었습니다!
235,꿀소담,2021년 7월 26일,2,5,5,"
            New （ICE） 디카페인 아메리카노/2,New 솔트카라멜라떼/1(HOT or ICE 선택(ICE)),New 바닐라빈 에그타르트（바닐라빈）（오븐or에프）/2
          ","에그타르트 2개 마감이어서 다른걸로 교환해주겠다고 하는데, 차액을 환불할 수없어서 달디달은 크로아상으로 먹었네요. 

크로아상 금액도 말씀안해주시고, 나중에 와서 보니 초코랑 화이트 초코랑 가격이 다르던데, 임의로 배달해주신듯해요. 

디카페인 아메리카노 맛은 좋았습니다."
236,꿀소담,2021년 7월 25일,5,3,4,"
            New 흑임자라떼 （커피＋흑임자）/1,스페셜티 아메리카노（강배전／2샷기본）/1(HOT or ICE 선택(ICE))
          ","최애 흑임자라떼 ...! 
사랑합니다...!
다만 용량이 먹다보면 아쉬워요 많이 마시고싶은데 그럼 카페인난리나겠죠...? ㅠ
암튼 사랑합니다 흑임자라떼"
237,꿀소담,2021년 7월 25일,4,3,1,"
            카페라떼/1(HOT or ICE 선택(ICE)),당근케이크/1
          ",누가 집앞에 던져 놓고 가라고 했나요? 그런 요청한 적 없습니다 커피가 엎어지면서 조금 샜습니다. 빨대까지 불량이었고 주문하고 1시간 넘게 걸려서 받았는데 나가서 사올걸 그랬습니다
238,꿀소담,2021년 7월 17일,3,5,5,"
            스페셜티 아메리카노（강배전／2샷기본）/1(HOT or ICE 선택(ICE),추가선택(샷추가)),프랑스 발로나 초콜릿라떼/1(HOT or ICE 선택(ICE))
          ",초코라떼는 별로였습니다
239,꿀소담,2021년 7월 14일,3,1,3,"
            당근케이크/1,결스콘（파이타입）/2(메뉴 선택(플레인)),New 생크림 단팥빵/1
          ","스콘 두개와 당근 케익을 주문했어요
오픈했을때 케익이 양도 맛도 괜찮아서 자주 갔었는데요. 케익도 양이 많이 줄고 저렇게 패인 부분도 있고 
대략 난감이네요. 배달 시 떨어졌나 했는데 그것도 아니네요. 상자 안이 깨끗하네요
플레인 스콘을 주문하면 작은 양 쨈도 수제쨈도 주셨었는데 이제 그런 것도 없네요"
240,꿀소담,2021년 7월 7일,5,3,5,"
            스페셜티 아메리카노（강배전／2샷기본）/1(HOT or ICE 선택(ICE),추가선택(헤이즐넛시럽 추가)),바스크 치즈케이크/1
          ",생각보다 좀 작지만 맛있어요!
241,꿀소담,2021년 7월 5일,1,1,3,"
            New 흑당밀크티（우유＋수제흑당）/1,New 스무디/1(메뉴 선택(제주귤망고스무디)),생과일주스100%/1(메뉴 선택(오렌지)),망고 빙수/1(사이즈 선택(1~2인)),오레오 빙수/1(사이즈 선택(1~2인))
          ",스무디는 그냥 피시방에서 만드는것만 못한 시럽만 써서 맛없고 빙수는 빙수대로 연유랑 망고시럽에 냉동망고 맛도없는거 올려놓으시고 비싸게 파시네요 이사 오자마자 처음으로 시킨곳인데 최악이에요
242,꿀소담,2021년 6월 19일,1,3,5,"
            New 크로플（쫀득식감／오븐혹은토스터기에 돌려드세요）/6(메뉴 선택(플레인)),크로와상/2,New 단팥브래드/1
          ","크로플 6개나 주문했는데 어제 만든 크로와상으로 만들었네요 
쫀득한 느낌 하나도 없고 퍼석퍼석한 느낌 가득한 크로플 
정말 맛없고 돈 아까웠습니다 
다시는 안 시켜먹을것 같아요 
너무 화가나네요"
243,꿀소담,2021년 6월 12일,5,3,5,"
            바스크 치즈케이크/1,아몬드크림 크로와상（크로와상에 아몬드반죽）/1
          ",맛과 배달 모두 좋았는데 바스크 치즈케이크가 제 예상보다는 작아서 놀랐어요ㅠㅠ 매장에서 보고 시켰으면 예상을 했을텐데 사진보고 주문했더니 기대보단 양이 적었습니다ㅠㅠ 맛있어서 양이 아쉬웠던 것같아요
244,꿀소담,2021년 5월 31일,4,3,5,"
            스페셜티 아메리카노（강배전／2샷기본）/2(HOT or ICE 선택(ICE)),카라멜 마끼아또/1(HOT or ICE 선택(ICE))
          ",익스프레스 요기요 시스템 추천해요.
245,꿀소담,2021년 5월 30일,4,2,5,"
            크로와상/1,발로나 초코 크로와상/1,스모어쿠키/1
          ","크로와상 비싼데 작아 진 느낌이 들었어요.. 흠... 맛있는데 가격보다 크롸상이 작아요~ 
배달은 너무 발라서 만족합니다 ^^"
246,꿀소담,2021년 5월 21일,4,3,5,"
            당근케이크/1,New 바닐라빈 에그타르트（바닐라빈）（오븐or에프）/1
          ",오랜만에 시켜 먹었는데 역시나 맛있어요!~
247,꿀소담,2021년 5월 19일,2,2,5,"
            옛날 팥빙수/1(사이즈 선택(1~2인))
          ",잘받았습니다 잘받았습니다
248,꿀소담,2021년 5월 3일,3,2,4,"
            제주녹차초코 크로와상（화이트초코）/1,New 감자빵/1,New 하프 맘모스（버터크림＋잼）/1
          ",맘모스빵 안에 크림 다 터져서 먹기가 곤란하네요 4천원짜린데요
249,꿀소담,2021년 5월 2일,1,1,1,"
            파운드케이크/1(메뉴 선택(레몬)),발로나 초코 크로와상/1,New 유기농 원당 생식빵（큐브9.5）/1(메뉴 선택(잼블루베리))
          ","세가지 주문했는데 두가지는 괜찮은데
식빵이 못해도 이틀은 지난 빵 같아요 
전혀 부드럽지 않고 손으로 뜯어서 먹으러니까
다 부서지고 딱딱해요 
슈퍼 천오백원짜리 식빵보다 식감이 안좋아요 
일부러 리뷰 좋지 않게 쓰려는거 절다 아니구요
너무 오래된거 보내주신거 아니에요?? 
한입 먹고 다 버렸어요 
리뷰 쓰기 전 전화 먼저 했는데 연결도 안되네요"
250,꿀소담,2021년 4월 29일,3,4,5,"
            수제 과일청 차/1(음료 선택(자몽딸기)),발로나 초코 크로와상/1
          ",차가 따뜻한게 아니고 얼음들어간거 인가요? 따뜻한걸줄알고 시켰드니 아이스가왛네요 암튼 배달빠르고 맛은있네요
251,꿀소담,2021년 4월 28일,4,3,4,"
            옛날 팥빙수/1(사이즈 선택(1~2인)),당근케이크/1,바스크 치즈케이크/1
          ",잘먹었습니다 감사합니다
252,꿀소담,2021년 4월 22일,1,1,1,"
            바스크 치즈케이크/1,파운드케이크/1(메뉴 선택(말차))
          ",연속으로 두번째 누락입니다 요청사항 아예 안읽나봐요ㅋㅋ
253,꿀소담,2021년 4월 22일,5,3,5,"
            바스크 치즈케이크/2
          ","배달이 엄청 빨리왔어요~~
상품평대로 넘 맛있는데 크기가 넘 작아서ㅠㅠ
조금만 크기가 컸으면 좋겠어요ㅠㅜ"
254,꿀소담,2021년 4월 16일,1,3,5,"
            New 유기농 원당 생식빵（큐브9.5）/1(메뉴 선택(곡물（통밀＋호밀）)),New 감자빵/1,New 고구마빵/1,New 부추빵/1
          ","배달 빠르게 왔고, 오자마자 빵 한입씩 먹었는데요. 감자빵은 맛있게 먹었는데, 고구마빵 이거는.. 만든지 좀 오래되신거 보내신거 같아요. 이미 만졌을 때 빵이 완전 딱딱해서 어디 냉장고에서 꺼낸 빵 느낌이었는데, 한입 먹고 바로 뱉었어요ㅠ 고구마 필링도 이상하고 상한게 딱 느껴지더라고요. 설마 하는 마음에 부추빵도 한입 먹었는데, 상하진 않은 것 같은데 신선하지도 않은 맛이에요. 추측하기론 만들어둔 빵을 두었다가 보내주신 것 같은데, 하나에 2500-3000원 하는 빵을... 전 다신 안시킬건데 관리 잘 하시라고 리뷰 남겨요."
255,꿀소담,2021년 4월 14일,3,3,3,"
            순수단호박케이크（No밀가루）（실온 30분 해동해주세요）/1,New 바닐라빈 에그타르트（바닐라빈）（오븐or에프）/1,다크 브라우니（프랑스 발로나）/1
          ","무슨 쿠킨진 모르나 맛있어요.
주문한 부라우니가 없어서 전화를 주셨어요.
그래서 급히 빵 두개를 바꿨는데도
돈이 조금 남았는데 그냥
쿠키로 주셨거든요? 엄청 맛있네요
다음에 브라우니랑 같이 주문하게이름 알려주세요"
256,꿀소담,2021년 4월 4일,2,1,4,"
            옛날 팥빙수/1(사이즈 선택(1~2인))
          ","빙수에 늘 진심인 사람 후기
주말의 마무리를 빙수로 하고싶던 찐 빙수 마니아...
★☆☆☆☆ 빵을 시켰어야해...
빙수는 전문점에서 시키세요

양이작단 리뷰 얼마나 작겠나 했지만....
1.그릇자체 작고
2.누군가의 우유얼음이란 후기를 보고 설렜으나
이 질감은 눈꽃우유얼음아니에요 ㅠ ㅠ 
3.팥, 떡 퀄리티는 좋은것 같아요 하지만 옥고*같은 통팥의 고퀄은 아니고요 현대백화점 밀* 같은 떡질감X
우리가 쓰는 마우스 있죠? 미니사이즈 올린사진이에요
얼음질감 확인, 얼음 85%, 팥 떡 살포시 이불
괜히 전문점들이 아닌듯. 요긴빵전문"
257,꿀소담,2021년 4월 4일,4,3,5,"
            New 생크림 단팥빵/2,New 하프 맘모스（버터크림＋잼）/1
          ",크림단팥빵 하고 하프맘모스 주문했는데  크림 단밭빵은 맛있는데 하프맘모스는 당황스러운 비추얼
258,꿀소담,2021년 4월 3일,4,3,4,"
            New 로투스라떼 （커피＋로투스베이스）/1,바닐라 라떼/1(HOT or ICE 선택(ICE)),당근케이크/1,New 비스켓 시리즈/1(메뉴 선택(말차（＋글레이즈드）))
          ",디져트맛집임 인정 케이크 쿠키 다맛있음
259,꿀소담,2021년 3월 29일,3,5,5,"
            New 스무디/1(메뉴 선택(밀크스무디)),발로나 초코 크로와상/1,곰돌이 통밀 쿠키/1
          ","크로와상 맛있어요. 매번 생각나서 먹는 거 같아요.
스무디가 근데 밀크가 아니라 오레오가 온 거 같은 초코맛이라 슬프지만  맛있네요!"
260,꿀소담,2021년 3월 28일,4,1,5,"
            옛날 팥빙수/1(사이즈 선택(1~2인))
          ","주문시간 포함 십오분안에 빠르게 배달해주셨고 배달 기사분 친절하셨습니다.
양은 생각보다 너무 너무 적어서 충격적이네요
둘이 먹으려고 했지만 만원짜리 1인용 빙수라고 보심되요 
급하게 빙수는 땡기는데 늦은시간에 빠르게 혼자 먹고 싶으실때 추천할게요"
261,꿀소담,2021년 3월 24일,4,3,5,"
            바닐라 라떼/1(HOT or ICE 선택(ICE)),바스크 치즈케이크/1
          ",요청 사항은 안 봐주신 거 같아요ㅜ 치즈케익은 너무 작았어요 맛은 좋아요
262,꿀소담,2021년 3월 7일,5,3,5,"
            스페셜티 아메리카노（강배전／2샷기본）/3(HOT or ICE 선택(ICE)),New 크로플（쫀득식감／오븐혹은토스터기에 돌려드세요）/2(메뉴 선택(발로나다크초코 （프랑스）)),초코&헤이즐넛 크로와상/1,아몬드크림 크로와상（크로와상에 아몬드반죽）/1,인절미콩고물 크로와상（크로와상에 인절민반죽）/2,초코 뻉오쇼콜라/1
          ",커피가 진해서좋아요~//
263,꿀소담,2021년 3월 3일,5,3,5,"
            바닐라 라떼/1(HOT or ICE 선택(ICE)),바스크 치즈케이크/1
          ",케이크 진짜 맛있습니다!!!! 대신.. ㅇ양이 넘 적네요 ㅠㅠ~ 비싼감이 없지않아 있지만 그래드 맛나용 ㅎㅎㅎ 강츄
264,꿀소담,2021년 2월 23일,3,2,4,"
            Season 생딸기청/1
          ","생딸기청 주문했는데 품절이라고 전화와서 만다린귤청으로 받았어요. 솔직히 원하던 게 아니라서 기분이 별로였습니다. 품절상품은 품절처리를 해 둬야 고민이 없죠.
그리고 여기서 청으로는 처음 주문해봤는데 생각보다 양이 너무 적더라고요. 크로와상은 맛있었는데, 청 재주문은 안할 것 같아요."
265,꿀소담,2021년 2월 17일,3,3,5,"
            바스크 치즈케이크/1,New 비스켓 시리즈/1(메뉴 선택(플레인（＋수제잼）))
          ","치즈케이크는 크기가 엄.청. 작아요ㅎㅎㅎ
그렇다고 정말 맛있는 것도 아니고.
나쁘진 않은데 가격 대비 비싼 느낌이었고요
비스켓은 괜찮았어요~"
266,꿀소담,2021년 1월 19일,5,3,4,"
            소이라떼（두유라떼）/1,당근케이크/1
          ",배달 빨라서 좋아요 소이라떼 존맛; 당근 케이크 존맛 자주 애용할게요 배달비 싼것 까지 다 조흠 ㅠㅠ 최애 될 듯
267,꿀소담,2021년 1월 13일,5,3,5,"
            옛날 팥빙수/1(사이즈 선택(1~2인)),토핑추가/1(토핑 선택(팥))
          ","그럭저럭 나쁘지는 않았어요
근데 가격이 가격이다 보니 양은 좀 적은 느낌"
268,꿀소담,2021년 1월 12일,1,4,5,"
            딸기 빙수/1(사이즈 선택(1~2인))
          ",당연히! 겨울이니까 생딸기를 쓸 줄알앆는데 냉동딸기네요.... 맛없어서 3분의 2는 버린거같네요..^^ 비주얼부터 그다지였어요.....ㅎㅎ 리뷰에 없는 이유가...
269,꿀소담,2021년 1월 10일,3,3,3,"
            바스크 치즈케이크/1,New 비스켓 시리즈/1(메뉴 선택(플레인（＋수제잼）))
          ",치즈케잌이 이렇게 왔습니다.
270,꿀소담,2021년 1월 1일,1,3,5,"
            스페셜티 아메리카노（강배전／2샷기본）/1(HOT or ICE 선택(ICE)),당근케이크/2,New 크로플（쫀득식감／오븐혹은토스터기에 돌려드세요）/1(메뉴 선택(플레인))
          ","여기서 당근케이크 맛있어서 종종 주문해서먹는데 맛이 넘 변했어요 
오늘 당근케이크는 크림이 덕지덕지 넘느끼하고 맛이없었네요
만드시는분이 바뀐건가요?두조각시켰는데.. 후회했어요;;"
271,꿀소담,2020년 12월 31일,3,3,3,"
            스페셜티 아메리카노（강배전／2샷기본）/1(HOT or ICE 선택(ICE)),New 크로플（쫀득식감／오븐혹은토스터기에 돌려드세요）/1(메뉴 선택(플레인)),New 고구마빵/1
          ",커피랑 빵 맛있어요!
272,꿀소담,2020년 12월 31일,3,3,5,"
            스페셜티 아메리카노（강배전／2샷기본）/1(HOT or ICE 선택(HOT)),돌체라떼（연유라떼）/1,아몬드크림 크로와상（크로와상에 아몬드반죽）/1,인절미콩고물 크로와상（크로와상에 인절민반죽）/1,New 육쪽이마늘빵/1
          ","12.31일. 처음 시켜봤습니다
메뉴에 빵사진이 있었다면  더 좋지 않을까 싶습니다
양은 많은편같진 않습니다만. 먹을만합니다.

익스프레스로 하니 실시간 상황을 아니 편하네요.
배달해주신분께 감사인사 드립니다.
ㅡ사진을 먹다 찍었습니다
먹은건 아니고 가위로 자른모습입니다."
273,꿀소담,2020년 12월 31일,3,4,4,"
            브런치ONE（허니브래드반조각＋커피）/1(음료 선택(핫 아메리카노)),브런치TWO（크로와상샌드위치＋커피）/1(음료 선택(핫 카페라떼)),New 바닐라빈 에그타르트（바닐라빈）（오븐or에프）/1
          ",맛있었어요. 재구매였어요
274,꿀소담,2020년 12월 25일,4,3,5,"
            브런치TWO（크로와상샌드위치＋커피）/1(음료 선택(핫 카페라떼)),New 크로플（쫀득식감／오븐혹은토스터기에 돌려드세요）/1(메뉴 선택(플레인))
          ","저번주에 직접 매장가서 이것저것 엄청 사다가 먹어보고 맛있어서 배달시켜봤네요.
브런치로 먹을려고 크로와상샌드위치시켰는데
야채가 당연있는줄알았는데야채는 없었지만
맛있었어요 야채든것도 만들어주심 좋겠습니다
참 그리고 커피담은 통이 딴 매장과 다른게 플라스틱이였고 따뜻함이 가시지 않았어요
신경쓴 흔적이 보였습니다 원래 머그컵에 라떼마시는걸 좋아하는데...언능 코로나가 사라져 매장에서 커피마시고 싶네요 잘 먹었습니다"
275,꿀소담,2020년 12월 23일,3,3,1,"
            카푸치노/1(HOT or ICE 선택(HOT)),결스콘（파이타입）/2(메뉴 선택(플레인))
          ",플레인스콘2개 아직도 안 들어왔습니다. 분명히 계좌보냈거든요 빠른 처리 부탁드립니다. 저번에도 일방적으로 취소되엇는데 믿고 또 시켰더니 이렇네요. 배달주문 많아지셔서 힘드시겠지만 빨리 처리 해주세요.
276,꿀소담,2020년 12월 22일,2,2,4,"
            결스콘세트（랜덤3가지）/1,New 흑임자라떼（커피＋흑임자）/2,카페라떼/1(HOT or ICE 선택(HOT)),수제 과일청 에이드（＋탄산수）/1,수제 쌍화차（베이스원액 직접 만들어요!）/1,ICE 인절미라떼/1,당근케이크/1,이탈리안 티라미수（마스카포네）/1
          ","메뉴품절에 제품누락...
스콘은 떪은 맛이 나고 티라미수는 해동이 덜 되서 얼음장 같고, 당근케익만
맛있네요
다시는 재주문 없습니다"
277,꿀소담,2020년 12월 21일,5,3,3,"
            카페라떼/1(HOT or ICE 선택(HOT)),당근케이크/1
          ",맛있어요 자주 시켜 먹습니다
278,꿀소담,2020년 12월 19일,4,3,4,"
            New 달고나라떼（커피＋수제달고나）/1,바닐라 라떼/1(HOT or ICE 선택(HOT)),New 흑당밀크티（우유＋수제흑당）/1,New 스무디/1(스무디 선택(요거트스무디))
          ","전에 주문한게 잘못와서 다음에 말씀주시면 서비스 주시겠대서 지난번에 시켰는데 암것도 안오고 이번에도 배송메세지에 적었는데 아무것도 없으면 뭐하러 말씀하신거에요,,???😭"
279,꿀소담,2020년 12월 17일,1,1,4,"
            New 달고나라떼（커피＋수제달고나）/1,바닐라 라떼/1(HOT or ICE 선택(HOT)),단호박 치즈케이크/1
          ","주문한 단호박치즈케익이 사진처럼 바닥이 새까매서  쓰디쓴 맛때문에 버렸네요.
맛있다는 블로그 글 보고 주문해본게 실망이 크네요.  오죽하면 전화해서 하소연이라도 해 보려고 하는데 제가 못찾는건지  어디에도 전번이 없어서 끝내 못찾고 후기 남깁니다.  기대가 컸을까요? 속상합니다"
280,꿀소담,2020년 12월 11일,4,3,5,"
            마시멜로우오레오 쿠키세트 /1
          ",맛있네여.. 시럽 세번 펌핑안해줘서 서운..ㅜㅜ 맛은있어여
281,꿀소담,2020년 12월 10일,2,1,5,"
            옛날 팥빙수/1(사이즈 선택(1~2인))
          ",소문보다는 실망이네요
282,꿀소담,2020년 12월 8일,3,5,5,"
            당근케이크/1,마약초코칩쿠키/1
          ","예전에 엄청 맛있게 먹은 기억이 있어서 시켜봤는데 전보다 케이크 조각이 커진 느낌..?! 배부르게 잘먹었어용ㅎㅎ 근데 크림이 원래는 크림치즈 맛이 많이 났는데 지금은 거의 생크림인 느낌이여서 조금 아쉬웠어요
쿠키는 마약초코쿠키가 떨어져 아쉽게 청크초코로 바꿨지만 엄청 맛있었습니다"
283,꿀소담,2020년 12월 6일,1,1,1,"
            스페셜티 아메리카노（강배전／2샷기본）/1(HOT or ICE 선택(ICE)),소이라떼（두유라떼）/1,파운드케이크/1(메뉴 선택(레몬))
          ",전화번호도 없고 파운드 케이크까지 시켰는데 왜 누락되었나요? 돈은 다 결제해두고 받지도 연락도 못하네요;;
284,꿀소담,2020년 12월 2일,3,4,4,"
            바스크 치즈케이크/1,크로와상 샌드위치（전자렌지에 치즈 녹을때까지）/1
          ",처음에 바스크 치즈케이크를 주문했는데 주문이 취소되길래 뭔가 싶었는데 다시 주문하니까 가게에서 연락이 오더군요 바스크 치즈케이크가 다 팔려서 없다고.. 그래서 비슷한 가격대의 단호박 치즈케이크를 주문하였는데 먹다보니 종이쪼가리가 나오네요.. 위생상태가 괜찮은건가요?ㅠㅠㅠㅠ 안그래도 코로나때문에 청결이 중요한데 케이크 안에서 나오네요..
285,꿀소담,2020년 12월 1일,3,4,4,"
            레드벨벳 컵케이크（필라델피아 크림치즈）/1,크럼블치즈케이크（케이크바）/1
          ",배달 빨라서 좋았아요!
286,꿀소담,2020년 11월 29일,4,2,3,"
            카페라떼/1(HOT or ICE 선택(ICE)),카푸치노/1(HOT or ICE 선택(HOT)),바스크 치즈케이크/1,New 크로플（쫀득식감／오븐혹은토스터기에 돌려드세요）/1(메뉴 선택(플레인))
          ",맛있는데 양아 적은듯
287,꿀소담,2020년 11월 28일,3,3,5,"
            New 흑임자라떼（커피＋흑임자）/1,크로와상 샌드위치（전자렌지에 치즈 녹을때까지）/1,슈퍼넛츠 고메 피칸/1
          ","타어플로 주문할때랑 양이 다른가봐요, 배민으로 시킬때는 흑임자 넉넉히 주셨는데 요기요로 시키니 흑임자가 너무 적어 깜짝 놀랐네요."
288,꿀소담,2020년 11월 28일,4,3,4,"
            New 크로플（쫀득식감／오븐혹은토스터기에 돌려드세요）/1(메뉴 선택(화이트초코（프랑스）)),New 육쪽이마늘빵/1,New 하프 맘모스（버터크림＋잼）/1
          ","맛있게먹었습니다
마늘빵이 따뜻했으면 더좋았을것 같네요"
289,꿀소담,2020년 11월 21일,3,5,4,"
            New 로투스라떼（커피＋로투스베이스）/1,스페셜티 아메리카노（강배전／2샷기본）/2(HOT or ICE 선택(HOT))
          ",배달은 조금 늦고 로투스라떼는 달달하지가 않더라구요..
290,꿀소담,2020년 11월 16일,1,3,5,"
            스페셜티 아메리카노 （강배전／2샷기본）/2(아메리카노 선택1(ICE)),캐릭터 통밀/1
          ",요청사항 단 하나도 들어주질 않으시네요.. 얼음 빼고 음료 보내달라 부탁드렸는데 더 달라는것도 아니고 그렇게 손이가시는일이신지... 배달은 익스프레스라 빨랐지만 밪아보고 진심 기분이 너무 상했음
291,꿀소담,2020년 11월 1일,3,3,1,"
            당근케이크 /1,New 결스콘 （파이타입）/1(메뉴 선택(플레인))
          ",헐 포크를 안줘요....
292,꿀소담,2020년 10월 25일,2,5,4,"
            New 달고나라떼（커피＋수제달고나）/1,New 달고나밀크티（우유＋수제달고나）/1,브라우니 쿠키/2
          ","달고나 밀크티,달고나 라떼. 어머니가 수제달고나 따로 씹어드시고 싶어서 음료도 마실겸 시킨건데 배달온거보니 다 녹아서 형체가 없더라고요.. 다른 카페에서 시켰을때는 달고나를 따로 포장해주셔서 그걸 생각했는데 저랑 비슷한 리뷰에 댓글다신거 보니 앞으로도 따로 포장 안하신다고 하셨네요 그런데 말씀드리고 싶은 게 배달비 5000원가량 내서 배달시키면 적어도 매장음료와 비슷한 모습을 유지하게 해야하지 않을까요 따로 담지 않으니 녹아서 와서 어머니는 달고나 씹지도 못하시고 한입 마시는데 너무너무 심하게 달아서 우유넣어 마셨습니다ㅠ"
293,꿀소담,2020년 10월 19일,5,3,4,"
            스페셜티 아메리카노 （강배전／2샷기본）/1(아메리카노 선택1(ICE)),New 파운드케이크/1(맛 선택(레몬)),New 파운드케이크/1(맛 선택(얼그레이))
          ",두번째 시키는건데 맛있어요
294,꿀소담,2020년 10월 13일,3,5,5,"
            New 로투스라떼（로투스베이스＋라떼）/1,New 비스켓 시리즈 /1(메뉴 선택(로투스（커피과자）))
          ",오늘도 잘먹었습니다^-^
295,꿀소담,2020년 9월 27일,5,2,5,"
            다크 브라우니（프랑스 발로나）/1,고메앙버터 크로와상 /1
          ",맛있게 잘 먹었습니다 ~~ 매장에 있는 단팥빵도 메뉴에 있었으면 좋겠어요 ~~
296,꿀소담,2020년 9월 26일,1,1,1,"
            옛날 팥빙수 （＋보닝백）/1(사이즈 선택(1~2인))
          ","아래글에 동감이네요.
팥빙수 팥 너무심하게 줄어서 좀 놀랐구요.
배달은 전화달랬더니 전화도 없어서 빙수 다 녹았구 진짜 단골 초초 단골인데
익스프레스에서도 그만 시켜 먹어야겠어요
업주들한테 갑질 엄청 심하다고 소문났어요"
297,꿀소담,2020년 9월 25일,1,3,1,"
            옛날 팥빙수 （＋보닝백）/1(사이즈 선택(1~2인),토핑 추가 선택(떡（이천쌀／인절미 식사떡）4개 추가)),고메앙버터 크로와상 /1
          ",별로에요..... 팥빙수 설탕 덩어리 달아서 다 못먹었어요ㅠㅠㅠ크로와상 버터 싸구려라 느끼해요
298,꿀소담,2020년 9월 25일,1,3,5,"
            옛날 팥빙수 （＋보닝백）/1(사이즈 선택(1~2인),토핑 추가(치즈케이크)),단호박 치즈케이크/1,마시멜로우오레오/1
          ","옛날에 배민에서 수십번 먹었는데 실망이네요
이제 안시켜먹을 것 같아요
팥빙수 잉렇개하실거면 이제 빼세요ㅠㅠㅠㅠ
팥빙수도 우유에 물 마니타는 것 같고
떡도 말라잇고 팥도 줄었어요 별로입니다
베이커리류는 항상 실망입니다ㅠ"
299,꿀소담,2020년 9월 20일,3,3,5,"
            카푸치노 /1(음료 선택1(HOT)),크로와상 샌드위치 （햄＋모짜렐라치즈＋치즈）/1
          ",카푸치노에 거품이 왜 하나도 없죠? 주문을 잘못했나 싶어서 다시 확인해봐도 카푸치노를 주문했고 컵에도 카푸치노가 써있는데 라떼가 온 것 같네요. 샷추가 안해도 충분히 진해서 첫주문 이후로는 그냥 시켰는데 약해졌어요. 배달은 빨리 왔는데 커피도 미지근하고. 간만에 시켰는데 실망입니다
300,꿀소담,2020년 9월 16일,3,1,2,"
            옛날 팥빙수 （＋보닝백）/1(사이즈 선택(1~2인),토핑 추가 선택(떡（이천쌀／인절미 식사떡）4개 추가))
          ","양이 너무 작어요
김치컵라면 사이즈
배달은 오지도 않고 완료 혹시나 싶어 나가보니 없더군요 잠시후 1층 공동인터폰...
집 인터폰 누른후 문앞에 놔달라했는 데 그냥가심
전체적으로 만족스럽지 않아요"
301,꿀소담,2020년 9월 16일,3,2,1,"
            옛날 팥빙수 （＋보닝백）/1(사이즈 선택(3~4인),토핑 추가(팥))
          ",요기요 배달  정말 왜이래요?
302,꿀소담,2020년 9월 15일,3,5,5,"
            이탈리안 티라미수（마스카포네）/1,자몽딸기청 /1
          ",배달도 빠르고 티라미수도 너무 맛있는데 먹다가 이상한 게 나왔어요... 플라스틱 같은데 주의해주세요ㅠ
303,꿀소담,2020년 9월 6일,2,2,4,"
            생과일주스 100%/1(맛 선택(오렌지)),딸기 빙수 （＋보냉팩）/1(사이즈 선택(1~2인)),New 생크림크로와상/1
          ",빙수를 시켰는데 요청사항에 수저를 넣어달라고 했는데 수저 안 왔고 딸기가 당도가 1도 없어요
304,꿀소담,2020년 9월 4일,4,3,5,"
            당근케이크 /2
          ",맛있어요 케익자체는 맛있는데 두조각을 시켰는데 사이즈 차이가 너무 났어요... 아이들 각자 하나씩 먹는다고해서 두조각 시켰는데 하나가 상대적으로 많이 작게와서 싸움나고 속상했네요..
305,꿀소담,2020년 9월 4일,3,2,4,"
            옛날 팥빙수 （＋보닝백）/1(사이즈 선택(1~2인))
          ",양이..... 너무 적어요ㅠㅠ
306,꿀소담,2020년 9월 3일,1,2,1,"
            옛날 팥빙수 （＋보닝백）/1(사이즈 선택(1~2인))
          ","수저누락이고  양은적은편

맛은우리가아는 그맛

연유가많아너무달게느껴짐"
307,꿀소담,2020년 9월 2일,3,2,3,"
            옛날 팥빙수 （＋보닝백）/1(사이즈 선택(1~2인),토핑 추가 선택(떡（이천쌀／인절미 식사떡）4개 추가))
          ",먹다보니 팥이 너무 없네요.. 그냥 우유빙수 같아요
308,꿀소담,2020년 8월 31일,4,3,4,"
            옛날 팥빙수 （＋보닝백）/1(사이즈 선택(1~2인),토핑 추가 선택(떡（이천쌀／인절미 식사떡）4개 추가))
          ","시원하게 잘 먹었습니다~
떡이 쫄깃하니 맛있네요!"
309,꿀소담,2020년 8월 31일,2,2,2,"
            스페셜티 아메리카노 （강배전／2샷기본）/1(아메리카노 선택1(ICE),추가 선택(샷 추가)),New 파운드케이크/1(맛 선택(얼그레이)),New 마들렌 시리즈/1(메뉴 선택(무화과 크림치즈 마들렌))
          ",음..사람들 입맛은 다 다르니까요. 제 입맛은 아님
310,꿀소담,2020년 8월 28일,4,3,4,"
            오레오 빙수 （＋보닝백）/1(사이즈 선택(1~2인))
          ",달달하니 맛있어요 !!
311,꿀소담,2020년 8월 23일,3,3,3,"
            옛날 팥빙수 （＋보닝백）/1(사이즈 선택(1~2인),토핑 추가 선택(팥 추가,떡（이천쌀／인절미 식사떡）4개 추가)),New 생크림크로와상/1,초코&헤이즐넛 크로와상 （이즈니버터）/1
          ","크로플 을 원했는데 요청사항을 안보셨나봐요ㅠㅠㅠ
팥빙수는 항상늘 맛있습니다"
312,꿀소담,2020년 8월 22일,3,3,5,"
            오레오 빙수 （＋보닝백）/1(사이즈 선택(1~2인)),당근케이크 /1
          ",배달의민족이 오늘 오류가나서 요기요로 시켰는데요. 세번째 주문이거든요? 저번에 배민으로 시켰을때 수저포크 요청했는데 안주셔서 그때 사장님께서 댓글로 다음엔 꼭 챙겨주신다고 했는데 또 안왔네요 ㅋㅋ 한두번도 아니고 세번이나 이러니 다신 안시킬거같습니다.
313,꿀소담,2020년 8월 14일,4,3,1,"
            New 달고나라떼（커피＋수제달고나）/1,New 결스콘 （파이타입）/1(메뉴 선택(플레인)),New 아몬드크림 크로와상（기본 크로와상에 아몬드 반죽이올라가요）/1
          ","오늘은 배달이.날이 아니었나봐요.
ㅠㅠ

문앞에 두고 벨 눌러달라거 썼는데 .. 누르셨는데 제가 못들은건지 ㅡ 왜케 안오나 했는데
문앞에 있네요 ㅡ.ㅡ

엄첯 잘녹은 달고나 쓰셨는지.달고나는 흔적도없고 ㅋㅋ 달고나가.다 녹아서 그런지 너무달아서 못먹어요.ㅡㅡ

아몬드 크로와상은 품절되어서ㅜ 안오고.

..."
314,꿀소담,2020년 8월 14일,4,2,4,"
            New 결스콘 （파이타입）/1(메뉴 선택(플레인)),New 파운드케이크/1(맛 선택(얼그레이)),New 마들렌 시리즈/1(메뉴 선택(무화과 크림치즈 마들렌))
          ","첫주문때 파운드케이크 먹고 반해서 또 주문했는데 바꼈나봐요 파운드 위에 슈거시롭이 코팅되어져 발라졌던데 안발라진게 더 맛있는거 같아요... 너무 달고 식감도 깨지고.... 마들렌은 가격대비 진짜 너무 작아요 비싸서 좀 큰가 했는데 정말 작아요 한입거리예요;; 
다음엔 다른빵 먹어볼래요"
315,꿀소담,2020년 8월 6일,5,3,3,"
            옛날 팥빙수 （＋보닝백）/1(사이즈 선택(1~2인),토핑 추가 선택(떡（이천쌀／인절미 식사떡）4개 추가))
          ","배달 예상시간이 될때까지 배달이 오지않아 밖에 나가서 배달기사님을 기다렸어요
배달비를 4900원이나 지불했는데 배달은 늦고 빙수를 시켰다보니 녹으면 저만 손해라서 걱정하며 기다렸던 탓에 별 하나 뺍니다
처음 먹어보는데 맛있네요"
316,꿀소담,2020년 8월 2일,3,3,2,"
            돌체라떼 （연유라떼） /1,옛날 팥빙수 （＋보닝백）/1(사이즈 선택(1~2인),토핑 추가(팥))
          ",팥빙수시켰는데 가서먹는것보다는 ㅠㅠ 미숫가루 많이 달라고도 부탁드렸는데 가서보다도 안넣어주시는거같구 팥빙수도 반은녹아서왔어요 ㅜㅜ
317,꿀소담,2020년 7월 30일,3,5,5,"
            New 스무디/1(메뉴 선택(밀크스무디)),당근케이크 /1
          ",배달 정말 빠르네요ㅋㅋ 케이크는 생각보다 커서 금방 배불렀어요b
318,꿀소담,2020년 7월 21일,4,3,5,"
            옛날 팥빙수 （＋보닝백）/1(사이즈 선택(1~2인))
          ","떡이 좀 더 많음 좋겠는데..
추가가 더이상 안되어 아쉽고ㅠ
ㅋㅋㅋ 매번 빙수가 좀 다르네요...
얼음 적고 팥이 너무 많아 달았어요."
319,꿀소담,2020년 7월 8일,1,5,5,"
            바닐라 라떼 /1(음료 선택1(ICE)),New 결스콘 （파이타입）/1(메뉴 선택(얼그레이))
          ","얼음빼고 우유 더 넣어달라고 요청드렸는데...
얼음이 너무 많아서 다 뺐어요~*"
320,꿀소담,2020년 6월 30일,5,3,4,"
            옛날 팥빙수 （＋보닝백）/1(사이즈 선택(1~2인)),초코 뺑오쇼콜라/1
          ","맛있어요~!
자주 시켜먹습니다 ㅎ"
321,꿀소담,2020년 6월 28일,4,3,3,"
            트로피칼 빙수 （＋보닝백）/1(사이즈 선택(1~2인)),New 비스켓 시리즈 /1(메뉴 선택(얼그레이（＋글레이즈드）))
          ","이 날씨에 드라이아이스
하나 없이 빙수를 배달하다니요 ㅠ 다 녹아서 
냉동고에 다시 얼려서 먹었네요"
322,꿀소담,2020년 6월 27일,4,3,3,"
            New 베리베리 치즈케이크/1,New 결스콘 （파이타입）/1(메뉴 선택(말차（제주유기농）))
          ","스콘이 따끈따끈 촉촉하니 맛있어요 
케이크도 넘 맛있네요!"
323,꿀소담,2020년 6월 10일,3,4,4,"
            당근케이크 /1,New 필라델피아 크림치즈 크로와상（크로와상＋크림치즈）/1
          ","당근케이크는 꿀소담이 맛있어요ㅎㅎ
크림치즈 크로와상도 괜찮습니당"
324,꿀소담,2020년 6월 6일,4,2,1,"
            망고빙수 （＋보닝백）/1(사이즈 선택(1~2인)),당근케이크 /1
          ","맛있는건 둘째 치고 빙수도 수저 챙겨달라 했는데 무시하시고, 리뷰도 저번에도 그렇고 이번에도 그렇고 계속 남겼는데 계속 무시하시네요. 그럴거면 리뷰이벤트는 왜 하고 빙수 수저 필요하면 적으라는 말은 왜 하는지...
요청사항 좀 보시죠?"
325,꿀소담,2020년 6월 3일,5,1,5,"
            옛날 팥빙수 （＋보닝백）/1(사이즈 선택(1~2인))
          ","맛있게 잘 먹었습니다 
양이 좀 적내요"
326,꿀소담,2020년 6월 1일,2,1,1,"
            New 바닐라빈 에그타르트/1,슈퍼넛츠 고메 피칸/1,New 청크초코/1
          ",주문할때마다 품절.. 품절상태 즉각적으로 반영하지도 않고 초코쿠키는 오래됐는지 냉장고 냄새 심하고.. 싸구려맛 나요. 서브웨이 천원짜리 쿠키가 훨씬 낫네.. 리뷰이벤트는 진행하지도 않으면서 왜 적어놨는지..
327,꿀소담,2020년 5월 28일,4,3,3,"
            이탈리안 티라미수（마스카포네）/1,New 결스콘 （파이타입）/1,New ver. 생크림카스테라（동물성100%）/1
          ","생크림 카스테라는 없는 메뉴라 타 메뉴로 바꾸고는 차액환불이 아직도 안되었네요. 요기요에서 없는메뉴는 빼줬으면합니다.
사장님. 음식은 맛이 괜찮은데 차액환불은 언제해주시나요?"
328,꿀소담,2020년 3월 11일,3,4,4,"
            이탈리안 티라미수 （NEW ver.）/1,슈퍼넛츠 고메 피칸/1
          ","쿠키가 굉장히 맛있었어요 
하지만 티라미수가... 양은 많아요 하지만 빵이 고르게 펼쳐져있지 않고 에스프레소가 은은하지 않고 자극적인 맛이네요. 그리고 마스카포네크림이 푸딩같은 느낌이 아니고 액체처럼 흘러내리네요."
329,꿀소담,2019년 11월 26일,2,3,3,"
            New 흑당라떼（비정제흑당／베이스직접만들어요）/2
          ",흑당라떼 다른곳과 맛이 달라 조금 아쉬웠지만 깔끔한 포장이 맘에 들었어요
330,꿀소담,2019년 10월 25일,5,1,5,"
            옛날 팥빙수 （＋보닝백）/1(사이즈 선택(1~2인))
          ","팥빙수 8500원인데 팥이 한숟가락 장난하는것도아니고..
다른리뷰보면 팥 많던데 팥추가 안해서그런가
한숟가락 양으로 얇게 발라놨네요
어디가서 3천원짜리 빙수가 더 나을듯"
331,꿀소담,2019년 10월 6일,1,1,1,"
            옛날 팥빙수 （＋보닝백）/1(사이즈 선택(3~4인)),크랜베리 결스콘 /1,피칸쿠키/2
          ","달지않게요청했느뉘ㅣ 너무달아요 연유따로인데 왜 이러케단거죠
쿠키빠뜨려놓고 전혀 미안해하지도않다니"
332,꿀소담,2019년 9월 9일,3,5,5,"
            옛날 팥빙수 （＋보닝백）/1(사이즈 선택(3~4인))
          ","너무달았어요
팥이 이렇게 차이가나다니"
333,꿀소담,2019년 7월 18일,5,3,3,"
            당근케이크 /2
          ","당근케이크가 너무 맛있어서 자주 사먹는편인데 최근들어 조각도 미세하게 조금 작아지고ㅠ 크림치즈 프로스팅 양도 좀 불균일하게 발려있고 약간 달라진 느낌이 들어 아쉬웠습니다, 수제라 그때그때 다른거이려나요,, 그래도 여전히 맛은 짱!! JMT입니다. 덕분에 홈카페 느낌으로 쇼파에 누워서 잘 쉬었어용!!배달속도는 40분정도 걸렸는뎅 꿀소담보다는 요기요와 연관된 부분이기에 논외로하겠습니다~"
334,꿀소담,2019년 7월 13일,5,2,3,"
            옛날 팥빙수 （＋보닝백）/1(사이즈 선택(1~2인)),고메앙버터 크로와상 /1,크랜베리 결스콘 /2
          ",맛은 좋은데 잘 나가는 스콘이나 빙수의 경우 왜 점점 양이 적어지는 지 슬퍼요...ㅠ 배달이야 요기요가 느려서 어쩔 수 없다고 하시지만...
335,꿀소담,2019년 7월 8일,1,3,5,"
",..........
336,꿀소담,2019년 7월 6일,3,4,3,"
            옛날 팥빙수 （＋보닝백）/1(사이즈 선택(1~2인)),크로와상 샌드위치 （이즈니버터）/1,자이언트 샌드위치/1
          ","자이언트 샌드위치 품절이라고 전화왔는데 
주문하자마자 바로 확인 후 주셨으면 아쉬움이 있네요. 배달시간 다 돼서 전화로 알려주고 부분 환불 받았습니다. 
빙수 맛은 있어요~"
337,꿀소담,2019년 7월 1일,3,2,2,"
            옛날 팥빙수 （＋보닝백）/1(사이즈 선택(1~2인)),고메앙버터 크로와상 /1
          ",맛은 있는데...갈수록 빙수가...
338,꿀소담,2019년 6월 22일,2,2,2,"
            옛날 팥빙수 （＋보닝백）/1(사이즈 선택(3~4인))
          ",배달은 한 시간 걸리고.....빙수 3~4인용은 팥양이 1~2인분과 비슷하네요....솔직히 팥이 빙수 절반도 안비벼질 정도라는 건 좀 너무 한거 같아요ㅠㅠㅠ
339,꿀소담,2019년 6월 22일,4,3,3,"
            옛날 팥빙수 （＋보닝백）/1(사이즈 선택(1~2인))
          ",맛은 언제나 있는데 가끔 팥양이 좀 아쉬워요..ㅠㅠ
340,꿀소담,2019년 5월 25일,3,3,3,"
            망고빙수 /1(사이즈 선택(1~2인))
          ",망고 빙수보다는 옛날 팥빙수가 훨씬 더 맛있는 거 같아요
341,꿀소담,2019년 5월 4일,3,3,2,"
            옛날 팥빙수 /1(사이즈 선택(3~4인)),크랜베리 결스콘 /2
          ",오늘 좀 많이 실망이었어요...팥 저 위에 수저로 한번만 걷어내면 그 밑으로 죄다 얼음뿐이었어요...그래서 팥 전부 다 비볐는데도 얼음 반절이상 남아서 새하얬어요. 배달도 거의 1시간 가까이 걸렸고...1~2인분 짜리랑 3~4인분 짜리랑 팥양 똑같더라구요...
342,꿀소담,2019년 4월 28일,3,5,4,"
            옛날 팥빙수 /1(사이즈 선택(3~4인))
          ","생각보다 배달이 빨리 왔어요
양은 괜찮았어요
맛은 있는데 저에겐 많이 달았어요"
343,꿀소담,2019년 4월 22일,4,3,3,"
            바닐라 라떼 /1(음료 선택1(ICE)),크림 아메리카노 （바닐라 생크림）/1
          ",커피 맛있어요~~~
344,카페인중독-창동점,2022년 1월 9일,3,5,5,"
            （추억의 그맛）애플와플/2(생크림 양 선택(보통（이정도 크림은 가뿐）)),아메리카노/1(HOT or ICE 선택(ICE 1리터 변경)),자색고구마 라떼/1(HOT or ICE 선택(ICE)),딸기라떼/1
          ","너무 실망이에요ㅠㅠㅠㅠ
오늘 친구가 놀러와서 아주 자신있게 정말~맛있는 와플 먹자고 시켰는데..애플잼 와플에 애플잼이 진짜 눈꼽만큼 발려있어요..
한입 먹고 크림 밖에 없어서 더 먹다보면 나오겠지 했는데,
끝내 나오자 않았어요…너무 아쉬워요…음료는 다 맛있는데😭"
345,카페인중독-창동점,2021년 12월 18일,5,2,3,"
            플레인 크로플/1,누텔라 크로플 /1,（우유속에 풍덩）생크림와플/1(생크림 양 선택(보통（이정도 크림은 가뿐）)),청포도에이드/1
          ",너무맛있는데 양이 너무 적고 비싸고 ㅠㅠ 근데 존맛탱이야 짜증나!!! 내일 또 먹어야징~~~~
346,카페인중독-창동점,2021년 12월 3일,2,3,5,"
            에그마요 샌드위치/1,국물떡볶이（달콤）/1,체리에이드/1
          ","샌드위치 맛은있는데 너무 겉부분이라 너무쓴맛나고
체리에이드는 단맛도 없고 너무 색이 거무튀튀한게 가루인지 껍질인지 바닥에 계속 먹는데 녹지도 않고 올라와서 좀 그렇네요"
347,카페인중독-창동점,2021년 5월 23일,1,5,5,"
            NEW 콘치폭 핫도그 （매운맛／순한맛）/1(맛 선택（필수）(매운맛)),햅쌀 와플/1(생크림 양 선택(보통（이정도 크림은 가뿐）))
          ","핫도그에 매운맛 소스가 안들어 간것 같아요...
마요네즈같은 흰소스밖에 없더라고요
매장 문도 닫은것 같아서 연락도 못하고 그냥 먹었네요
와플 자주시켜먹는곳인데 실망이에요
신경써주세요"
348,카페인중독-창동점,2021년 3월 7일,3,3,5,"
            NEW 로투스 와플/1(생크림 양 선택(보통（이정도 크림은 가뿐）)),NEW 로투스 와플/1(생크림 양 선택(조금（크림은 거들뿐）))
          ","리뷰이벤트 신청했는데 아이스티가 안 왔어요.
꼭 주셔야하는 건 아니지만 그래도 공지에 약속하신 건데 좀 서운했어요.
지난번 이벤트 신청때 리뷰도 잘 썼고, 충족 조건도 지켰는데 왜 안 왔을까요..😭
아이스티 생각에 설레였던 제 마음 때문에 별 1개 뺄게요..."
349,카페인중독-창동점,2021년 3월 1일,3,3,5,"
            NEW 로투스 와플/1(생크림 양 선택(보통（이정도 크림은 가뿐）)),아메리카노/1(HOT or ICE 선택(HOT)),（이구역 최강자）누텔라와플/1(생크림 양 선택(보통（이정도 크림은 가뿐）))
          ",배달은 35분만에 왔어요ㅎㅎ 빨리 배달해주셔서 감사합니다. 크림양도 적당해요! 근데 와플이 조금만 더 바삭하면 좋을 것 같습니다 ㅜㅜ 잘먹었습니다~!^^
350,커피에반하다-수유2동주민센터점,2021년 1월 22일,1,1,1,"
            쿠앤크 프라페/1(사이즈 선택(Tall),휘핑크림 선택(휘핑크림 O)),스트로베리라떼/1(사이즈 선택(Tall)),마카롱 딸기/1,마카롱 블루베리/1,마카롱 초콜릿/1,마카롱 요거트/1,크로플/1
          ","처음 시켜봤는데 빨대랑 포크가 안왔어요
이사 온지 얼마 안되서 뭐 빨대나 퍼먹을게 없는데 일회용수저로 힘들게 먹었네요 다시 전화하니까 직접 와서 가져가면 안되냐고 하시는데 그럴거였으면 배달을 안했겠죠"
351,더치앤빈커피 안암점,2020년 9월 24일,5,3,5,"
            티라미스 케익/1,레몬 아이스티/1(Extra 추가(샷 추가))
          ","맛있게 먹었습니다. :)
커피와 티라미수 케잌이 맛있어요~!"
352,더치앤빈커피 안암점,2020년 9월 12일,3,3,4,"
            레드벨벳케익/1,당근케익/1
          ",일단 레드벨벳 케이크가 얼었어요 하지만 전반적으로 맛이 괜찮았고 당근 케이크는 맛있었어요 제 점수는 3점입니다.
353,더치앤빈커피 안암점,2020년 7월 15일,5,2,5,"
            크림브륄레 뚱카롱/1,허니브레드 세트/1(Hot or Ice(Ice),Extra 추가(생크림 추가 （허니브레드）,세트음료 사이즈업))
          ",허니브레드 엄청 작아요 가격대비 양은...잘... 맛은 있어요 진짜 달달한 허니브레드!! 브레드 세트 사이즈업하고 리뷰이벤트 아.아 요청했는데 카피 하나만와서 당황했어요 리뷰이벤트가 안온거겠죠? 근데 사이즈업한게 이 사이즈면 일반은 얼마나 작다는건지.. 가성비는 별로인거같아요
354,더치앤빈커피 안암점,2020년 6월 15일,3,4,4,"
            큐브연유라떼 （Ice）/1(Extra 추가(사이즈업)),티라미스 케익/1
          ",더치원액은 처음 먹어봤는데 괜찮아요
355,더치앤빈커피 안암점,2020년 4월 17일,3,5,5,"
            아메리카노/1(Hot or Ice(Ice)),콩고물인절미 뚱카롱/1,당근케익/1
          ",당근케익은 별로였지만 커피랑 마카롱은 맛있었습니다
356,더치앤빈커피 안암점,2020년 3월 24일,3,5,5,"
            연유라떼/1(Hot or Ice(Ice)),아메리카노/1(Hot or Ice(Ice),Extra 추가(Size Up)),더블말차초코숲 뚱카롱/1,죠리퐁 뚱카롱/1
          ","아메리카노 서비스 감사합니다 사이즈업까지 ㅎㅎ
커피는 제 입엔 좀 쓴 ㅜ.ㅜ
마카롱 너무 달지 않아서 조아요
쫄깃하진 않음 ㅋㅋ"
357,크리스피크림도넛-미아점,2022년 2월 22일,5,3,3,"
            딸기듬뿍 더즌/1,아이스 라떼 （XL）/1
          ","너무 맛있는 도넛은 잘 왔는데 라떼가 안 왔네요!
전화번호가 기재되어있질 않아서 리뷰에 이렇게 씁니다 ^^; 다음부터는 주의해주세요."
358,크리스피크림도넛-미아점,2022년 2월 5일,1,1,1,"
            생딸기주스/1,오리지널 하프더즌/1,오리지널 글레이즈드/1
          ",배달도 엄청 늦고 도너츠는 완전 찌부되서 오고 화가 많이 나네요
359,크리스피크림도넛-미아점,2022년 1월 24일,2,5,5,"
            우유크림 하프더즌/1,아이스 아메리카노 （XL）/1
          ","여기는 역시 오리지널만 먹어야
해요ㅠㅠ"
360,크리스피크림도넛-미아점,2021년 10월 29일,3,3,5,"
            우유크림 듬뿍/1,뉴욕치즈케익/1,로투스 비스코프/1,초코홀릭/1,초콜릿 아이스드 글레이즈드/1,오리지널 글레이즈드/1,HOT 라떼 （M）/1
          ",배달은 빠른데 근데 라떼를 주문했는데 어메리카노가 왔네요ㅠ 짱나!!!!
361,배스킨라빈스-한성대입구역점,2022년 2월 28일,5,3,5,"
            파인트/1(제품 밀봉 배달 전용 패키지(선택 안함),다회용 보냉백(선택안함),파인트 스푼 선택(스푼 1개),아이스크림 선택（파인트）(NEW 이상한 나라의 솜사탕,초코나무숲,너는 참 달고나),대체맛 선택（파인트）(（대체）엄마는 외계인)),블록팩（엄마는외계인）/1,블록팩（바람과함께사라지다）/1
          ",맛이 좋지만 양 좀 부족거같애요
362,배스킨라빈스-한성대입구역점,2022년 1월 23일,3,5,5,"
            쿼터/1(제품 밀봉 배달 전용 패키지(선택 안함),다회용 보냉백(선택안함),스푼 선택(스푼 3개),아이스크림 선택（쿼터）(사랑에 빠진 딸기,베리베리 스트로베리,NEW 슈팅스타,체리쥬빌레),대체맛 선택（쿼터）(（대체）엄마는 외계인,（대체）망고탱고))
          ","스푼 안옴. 체리쥬빌레/슈팅스타/베베스베/사빠딸
주문했는데.. 묵직한 맛보다 가볍고 상큼한 맛을 좋아해서 과일류를 좋아함 슈팅스타는 톡쏘는 감때문 좋아함. 처음 먹어보는 사빠딸은 치즈가 들어있어서 불호 였는데..네가지 맛중에 가장많은 비율을 차지 하고 있었음. 비율을 균등하게 담아주셨음 좋겠음. 누군가는 좋아하는 맛일수 있겠지만.. 모르고 좋아하지 않는맛을 도전정신으로 주문한 제 잘못도 있겠으나 하필 그 모르는 맛이 좋아하지 않는 맛이였는데 또 하필 젤 많이 들어있어서 불만족 스러웠음."
363,배스킨라빈스-한성대입구역점,2021년 9월 5일,5,3,5,"
            쿼터/1(제품 밀봉 배달 전용 패키지(선택 안함),다회용 보냉백(선택안함),스푼 선택(스푼 6개),아이스크림 선택（쿼터）(바람과 함께 사라지다,31-요거트,아몬드 봉봉,민트 초콜릿칩),대체맛 선택（쿼터）(（대체）엄마는 외계인,（대체）사랑에 빠진 딸기)),블록팩（엄마는외계인）/2
          ","뭐 안해도 맛있지요...

실을 300원에 파는건 이해불가....
고객이 봉이지...."
364,배스킨라빈스-한성대입구역점,2021년 8월 17일,1,1,5,"
            미니 아이스모찌/1,바닐라 아이스크림 롤/1,초콜릿 아이스크림 롤/1,블록팩（엄마는외계인）/1
          ",아니 포장해서 찾으러 갔는데 카운터에서 칮아가려고 했더니 바쁘다고 키오스크 가서 주문하라 그래서 포장도 키오스크로 찾아가요? 그랬더니 키오스크로 하라해서 어떻게 하냐고 물어봤더니 조금 짜증난 티 내면서 알려주다가 제가 주문한 제품이 품절이라고 했더니 모른다고 다른걸로 변경해야한다고 가버리더니 어떻게 해야할지 몰라서 15분을 넘게 기다렸다가 조금 손님이 줄어들어서 다시 카운터가서 얘기했더니 그제서야 오더는 미리 준비해놨다고 하면서 주네요 개선 부탁드려요
365,배스킨라빈스-한성대입구역점,2021년 8월 15일,3,3,5,"
            미니 아이스모찌/1,블록팩（엄마는외계인）/1,블록팩（슈팅스타）/1
          ","요기요 홈에 재고 수량 확인이 안되나봐요TT
여하튼 환불처리되었지만 요기요로 베라는 이용하지 않게 되겠네요"
366,배스킨라빈스-한성대입구역점,2021년 8월 14일,1,1,5,"
            바나나킥 아이스 모찌/1,미니 아이스모찌/1,아빵 우유/1
          ",세가지시켰는데 두개를 다른걸줌
367,배스킨라빈스-한성대입구역점,2021년 7월 31일,1,1,5,"
            하프갤론（31데이）/1(제품 밀봉 배달 전용 패키지(선택 안함),다회용 보냉백(선택안함),하프갤런 스푼 선택(스푼 10개),아이스크림 선택（하프갤런）(엄마는 외계인,사랑에 빠진 딸기,바람과 함께 사라지다,뉴욕치즈케이크,오레오 쿠키앤크림,꿀.바.망 （꿀에 빠진 바나나와 망고）),대체맛 선택（하프갤런）(（대체）엄마는 외계인,（대체）사랑에 빠진 딸기,（대체）바람과 함께 사라지다))
          ",리뷰 많아서 주문했는데 매우 실망이고 기분나쁘네요 포장지 다 찢어져서오고 아이스크림은다녹고 배달기사는 길몰라서 시킨사람한테 길모른다고 나와달라고하질않나 그러면 배달비는 왜받습니까? 내용물상태도 불량이고 길도모르는데 기사는 사과한마디없이 전달만해주면 끝입니까?
368,배스킨라빈스-한성대입구역점,2021년 5월 31일,4,3,5,"
            쿼터/1(제품 밀봉 배달 전용 패키지(선택 안함),다회용 보냉백(선택안함),스푼 선택(스푼 4개),아이스크림 선택（쿼터）(초콜릿,31-요거트,체리쥬빌레,아몬드 봉봉),대체맛 선택（쿼터）(（대체）슈팅스타,（대체）뉴욕치즈케이크))
          ","앗은100브노 요거드1#,"
369,배스킨라빈스-한성대입구역점,2021년 3월 22일,5,3,4,"
            파인트/1(제품 밀봉 배달 전용 패키지(선택 안함),다회용 보냉백(선택안함),파인트 스푼 선택(스푼 3개),아이스크림 선택（파인트）(바람과 함께 사라지다,뉴욕치즈케이크,아몬드 봉봉),대체맛 선택（파인트）(（대체）뉴욕치즈케이크)),체리쥬빌레 아이스 마카롱/1,블록팩（뉴욕치즈케이크）/1
          ","파인트 뚜껑열고 무게가 330이 안되더라구요.
드라이아이스도 한알 없이 그냥 비닐에 담겨 있었음.."
370,배스킨라빈스-한성대입구역점,2020년 12월 24일,1,1,5,"
            쿼터/1(제품 밀봉 배달 전용 패키지(선택 안함),다회용 보냉백(선택안함),아이스크림 선택（쿼터）(레인보우 샤베트,뉴욕치즈케이크,체리쥬빌레,쫀떡궁합),대체맛 선택（쿼터）(（대체）사랑에 빠진 딸기,（대체）체리쥬빌레),스푼 선택(스푼 6개))
          ",4가지맛 주문 했는데 한가지맛이 60프로 이상이네요. 진짜 이런곳은 처음입니다. 리뷰보니 저와 같은 분들이 한두명이 아니네요. 너무 실망이고 다신 안시킬거
371,배스킨라빈스-한성대입구역점,2020년 12월 1일,3,3,5,"
            쿼터/1(제품 밀봉 배달 전용 패키지(선택 안함),아이스크림 선택（쿼터）(민트 초코렛칩,뉴욕치즈케이크,쫀떡궁합,미찐감자),대체맛 선택（쿼터）(（대체）매시업스 시리얼,（대체）자모카 아몬드 훠지),스푼 선택(스푼 필요 없음))
          ",그냥 베라는 너무 맛있어요. 다음에 마니마니 담아주세용
372,배스킨라빈스-한성대입구역점,2020년 11월 26일,3,1,5,"
            패밀리/1(제품 밀봉 배달 전용 패키지(선택 안함),아이스크림 선택（패밀리）(엄마는 외계인,이상한 나라의 솜사탕,피스타치오 아몬드,망고탱고,아이스 붕어빵),대체맛 선택（패밀리）(（대체）엄마는 외계인,（대체）사랑에 빠진 딸기),패밀리 스푼 선택(스푼 필요 없음))
          ",패밀리사이즈 맛 다섯개 주문했는데 한가지 맛이 한스푼 정도 섞여왔네요?? 다섯가지맛이 골로루 분배되어야 하는 것으로 알고있는데 두가지맛이 70% 정도 차지하는 기적을 보았네요. 저도 배라에서 알바해본적이 있어서 정말 성의없는 알바생의 서비스에 너무 안타깝네요. 전화를 했더니 오전조에 있던 분이 하고 가서 저는 모른다?가 제가 들은 대답 전부였다는게 화가나네요. 한성대점 out.
373,배스킨라빈스-한성대입구역점,2020년 2월 4일,5,1,5,"
            파인트/1(아이스크림 선택（파인트）(바람과 함께 사라지다,31-요거트,오레오쿠키앤크림치즈),대체맛 선택（파인트）(（대체）오레오쿠키앤크림치즈),포장 이동시간(30분),파인트 스푼 선택(스푼 4개)),그린티 아이스버블/2(포장 이동시간(30분))
          ","파인트 비율....
3가지맛에서 요거트 제일 좋아하는데..
바람과 함께 2/3
남은 1/3에서 2/3가 오레오
나머지가 요거트라니...
비율조금 너무한거 아닌가요...?;; 처음 생겼을때부터 애용했는데 초심을 잃은 것 같습니다. 실망이에요. 이제 대학로꺼 먹어야하나.."
374,배스킨라빈스-한성대입구역점,2019년 12월 10일,5,3,5,"
            파인트/1(아이스크림 선택（파인트）(아몬드봉봉,이상한 나라의 솜사탕),대체맛 선택（파인트）(（대체）아몬드봉봉),포장 이동시간(30분),파인트 스푼 선택(스푼 5개)),파인트/1(아이스크림 선택（파인트）(민트 초코렛칩),대체맛 선택（파인트）(（대체）민트 초코렛칩),포장 이동시간(30분),파인트 스푼 선택(스푼 5개))
          ",정량보다 많이 적은 느낌...생각보다 배달은 빨리왔어요..
375,배스킨라빈스-한성대입구역점,2019년 10월 21일,3,3,5,"
            쿼터/1(아이스크림 선택（쿼터）(아몬드봉봉,쿠키 앤 크림,피스타치오 아몬드,허니치즈트랩),대체맛 선택（쿼터）(（대체）엄마는 외계인,（대체）자모카 아몬드 훠지),포장 이동시간(30분),스푼 선택(스푼 필요 없음)),아메리카노（ICED）/1
          ","음 아메리카노같이시켰는데 안와서 전화했더니 계속통화중이라.. 요기요고객센터에 전화했네요.
두번째 배달인데 저번에두 배달서비스가 좀 별로더라구요..."
376,배스킨라빈스-한성대입구역점,2019년 10월 19일,4,3,4,"
            쿼터/1(아이스크림 선택（쿼터）(사랑에 빠진 딸기,아몬드봉봉,초콜릿 무스,민트 초코렛칩),대체맛 선택（쿼터）(（대체）초콜릿 무스,（대체）쌀떡궁합),포장 이동시간(30분),스푼 선택(스푼 필요 없음))
          ",아아스크림이..ㅠㅠ 많이녹아서왔구요 .. 배달은빨라서 좋았는데..요청사항에 벨누르지마시고 문앞에 놓아달랬는데 애기가 다놀래서 혼났네요
377,배스킨라빈스-한성대입구역점,2019년 10월 14일,2,1,1,"
            하프갤런/1(아이스크림 선택（하프갤런）(아몬드봉봉,슈팅스타,이상한 나라의 솜사탕,초코나무 숲,허니치즈트랩,너는참달고나),대체맛 선택（하프갤런）(（대체）아몬드봉봉,（대체）초콜릿 무스,（대체）너는참달고나),포장 이동시간(30분),하프갤런 스푼 선택(스푼 필요 없음))
          ",저렴하게 샀다고 양이 줄여서 주네요 두번째네요
378,배스킨라빈스-한성대입구역점,2019년 10월 1일,5,1,5,"
            패밀리/1(제품 밀봉 배달 전용 패키지(선택 안함),아이스크림 선택（패밀리）(31-요거트),대체맛 선택（패밀리）(（대체）31-요거트),포장 이동시간(30분),패밀리 스푼 선택(스푼 필요 없음))
          ","음식을 잴 만한 저울이 없어서 못 재 본게 안타까운데
.... 텅텅빈아래도 텅텅빈 이게 960g 인지에 대한 의문은 지울 수가 없네요.. 
다음 번에 꼭 매장에서 사볼게요. 
그 때도 양이 이정도인지 확인해 봐야겠서든요."
379,배스킨라빈스-한성대입구역점,2019년 8월 20일,1,1,5,"
            패밀리/1(제품 밀봉 배달 전용 패키지(해피씰（Happy Seal） *제품을 밀봉하는 배달 전용 패키지로 고객님이 직접 제거하신 후 제품을 즐기실 수 있습니다.),아이스크림 선택（패밀리）(엄마는 외계인,바닐라,뉴욕치즈케이크,이상한 나라의 솜사탕,체리쥬빌레),대체맛 선택（패밀리）(（대체）엄마는 외계인,（대체）레인보우 샤베트),포장 이동시간(30분),패밀리 스푼 선택(스푼 5개))
          ",진짜 별로입니다. 아이스크림 아껴서 얼마나 버실지 몰라도 먹는데 빈공간이 엄청 크네요. 배달도 느린편입니다.
380,배스킨라빈스-한성대입구역점,2019년 8월 19일,5,3,5,"
            패밀리/1(제품 밀봉 배달 전용 패키지(선택 안함),아이스크림 선택（패밀리）(엄마는 외계인,초콜릿 무스,31-요거트,초코나무 숲,쫀떡궁합),대체맛 선택（패밀리）(（대체）31-요거트,（대체）망고탱고),포장 이동시간(30분),패밀리 스푼 선택(스푼 필요 없음))
          ",배달은 양이 적어요
381,배스킨라빈스-한성대입구역점,2019년 8월 18일,5,1,5,"
            쿼터/1(아이스크림 선택（쿼터）(사랑에 빠진 딸기,바람과 함께 사라지다,슈팅스타,쫀떡궁합),대체맛 선택（쿼터）(（대체）엄마는 외계인,（대체）사랑에 빠진 딸기),포장 이동시간(30분),스푼 선택(스푼 필요 없음))
          ",엄청늦게오네요....
382,배스킨라빈스-한성대입구역점,2019년 8월 17일,3,1,1,"
            쿼터/1(아이스크림 선택（쿼터）(초콜릿 무스,31-요거트,뉴욕치즈케이크,심슨에 반하나),대체맛 선택（쿼터）(（대체）바람과 함께 사라지다,（대체）워싱턴 블루베리 쥬빌레),포장 이동시간(30분),스푼 선택(스푼 필요 없음))
          ","평소에 쿼터를 자주 먹고 예전에 배라에서 알바를 해서 쿼터 양이나 무게를 대강 아는데 이번에 배달온 건 어쩐지 가벼워서 무게측정한 스티커를 찾아보니 스티커도 안붙이셨더라구요. 먹는데 무슨 싱크홀도 아니고 안쪽에 빈공간이 자꾸 나왔어요. 정량대로 담으면 그렇게 빈공간이 나올 수 없는데 먹다가 해도 너무 한다 싶어서 전화로 항의하려고 보니 영업종료됐네요.
저번에도 그래서 다른 곳에서 주문해서 먹다가 오늘 무심코 제일 가까운 여기가 선택되어서 귀찮아서 그냥 시켰는데 또 기분 상했네요. 좀 정량대로 담고 무게측정해서 스티커도 붙여주세요."
383,배스킨라빈스-한성대입구역점,2019년 8월 10일,1,3,5,"
            쿼터/1(아이스크림 선택（쿼터）(엄마는 외계인,민트 초코렛칩,쫀떡궁합,워싱턴 블루베리 쥬빌레),대체맛 선택（쿼터）(（대체）뉴욕치즈케이크,（대체）이상한 나라의 솜사탕),포장 이동시간(30분),스푼 선택(스푼 필요 없음))
          ",아이스크림이 많이 녹아서 왔어요 ㅠㅠ
384,배스킨라빈스-한성대입구역점,2019년 8월 9일,1,1,5,"
            파인트/1(아이스크림 선택（파인트）(레인보우 샤베트,초코나무 숲,골든애플 요거트),대체맛 선택（파인트）(（대체）사랑에 빠진 딸기),포장 이동시간(30분),파인트 스푼 선택(스푼 필요 없음)),파인트/1(아이스크림 선택（파인트）(사랑에 빠진 딸기,아몬드봉봉),대체맛 선택（파인트）(（대체）아몬드봉봉),포장 이동시간(30분),파인트 스푼 선택(스푼 필요 없음))
          ","정량 맞는지 의문이 가는 양이네요.
몇그람 넣었다 스티커도 없고"
385,배스킨라빈스-한성대입구역점,2019년 8월 8일,3,3,1,"
            쿼터/1(아이스크림 선택（쿼터）(아몬드봉봉,월넛,쫀떡궁합,심슨에 반하나),대체맛 선택（쿼터）(（대체）월넛,（대체）이상한 나라의 솜사탕),포장 이동시간(30분),스푼 선택(스푼 필요 없음))
          ",배송시간 한시간반 실화냐...
386,배스킨라빈스-한성대입구역점,2019년 7월 14일,3,3,5,"
            파인트/1(아이스크림 선택（파인트）(엄마는 외계인,초콜릿,월넛),대체맛 선택（파인트）(（대체）자모카아몬드훠지),포장 이동시간(30분),파인트 스푼 선택(스푼 4개)),블록팩（초콜릿무스） /1(포장 이동시간(30분)),카페라떼（ICED）/1
          ",양이 별로... 메뉴가 없어서 주문한데로 안옹
387,배스킨라빈스-한성대입구역점,2019년 7월 7일,1,5,5,"
            쿼터/1(아이스크림 선택（쿼터）(엄마는 외계인,베리베리 스트로베리,레인보우 샤베트,민트 초코렛칩),대체맛 선택（쿼터）(（대체）사랑에 빠진 딸기,（대체）31-요거트),포장 이동시간(1시간),스푼 선택(스푼 4개))
          ","시간 절대 안 지킵니다
전화 안하면 출발 절대 안해요"
388,배스킨라빈스-한성대입구역점,2019년 6월 25일,4,3,5,"
            패밀리/1(아이스크림 선택（패밀리）(엄마는 외계인,바람과 함께 사라지다,아몬드봉봉,31-요거트),대체맛 선택（패밀리）(（대체）엄마는 외계인,（대체）바람과 함께 사라지다),포장 이동시간(1시간),스푼 선택(스푼 8개))
          ","배달은 좀 걸리는 편이라 많이 기다려야했지만

맛과 양은 나쁘지 않았습니다. 배달 속도가 조금 더 빠르

면 좋을 것 같습니다."
389,배스킨라빈스-한성대입구역점,2019년 6월 15일,5,3,5,"
            버라이어티팩/1(버라이어티팩 아이스크림 선택(사랑에 빠진 딸기,초콜릿 무스,민트 초코렛칩,자모카 아몬드 훠지,31 올스타),대체맛 선택（버라이어티팩）(（대체）엄마는 외계인,（대체）민트 초코렛칩),포장 이동시간(1시간),스푼 선택(스푼 1개))
          ",밑에 밑장 제대로 깔고 주네요. 현장 판매할 때나 사먹어야지 원.. 배달 믿을 수가 없음
390,배스킨라빈스-한성대입구역점,2019년 6월 14일,1,1,3,"
            쿼터/1(아이스크림 선택（쿼터）(엄마는 외계인,아몬드봉봉,민트 초코렛칩,체리쥬빌레),대체맛 선택（쿼터）(（대체）사랑에 빠진 딸기,（대체）31 올스타),포장 이동시간(1시간),쿼터 스푼 선택(스푼 1개))
          ",세시간 넘게 기다리는중~
391,배스킨라빈스-한성대입구역점,2019년 6월 14일,1,1,3,"
            쿼터/1(아이스크림 선택（쿼터）(바람과 함께 사라지다,슈팅스타,민트 초코렛칩,망고탱고),대체맛 선택（쿼터）(（대체）쫀떡궁합,（대체）블랙 소르베),포장 이동시간(1시간),쿼터 스푼 선택(스푼 4개))
          ",아무리 이벤트 기간이라도 그렇지 주문한 지 3시간 37분만에 왔네요 양도 정량보다 훨씬 적고 다 녹아서 왔어요 이럴 줄 알았으면 제값 주고 사먹었죠
392,배스킨라빈스-한성대입구역점,2019년 6월 14일,1,1,3,"
            패밀리/1(아이스크림 선택（패밀리）(아몬드봉봉,쿠키 앤 크림,슈팅스타,민트 초코렛칩,뉴욕치즈케이크),대체맛 선택（패밀리）(（대체）바람과 함께 사라지다,（대체）쿠키 앤 크림),포장 이동시간(1시간),스푼 선택(스푼 1개))
          ",허.... 5시49분에시켰는데 3시간넘었는데 아직도안옴 ㅋㅋㅋㅋㅋㅋㅋㅋㅋㅋㅋㅋㅋ
393,배스킨라빈스-한성대입구역점,2019년 6월 14일,3,3,5,"
            쿼터/1(아이스크림 선택（쿼터）(엄마는 외계인,사랑에 빠진 딸기,바람과 함께 사라지다,그린티),대체맛 선택（쿼터）(（대체）쿠키 앤 크림,（대체）이상한 나라의 솜사탕),포장 이동시간(1시간),쿼터 스푼 선택(스푼 1개))
          ",저 배달 아직도 도착안하였는데 어떻게 된건지...
394,배스킨라빈스-한성대입구역점,2019년 6월 14일,1,1,5,"
            쿼터/1(아이스크림 선택（쿼터）(사랑에 빠진 딸기,아몬드봉봉,피스타치오 아몬드,31 올스타),대체맛 선택（쿼터）(（대체）뉴욕치즈케이크,（대체）체리쥬빌레),포장 이동시간(1시간),쿼터 스푼 선택(스푼 5개))
          ",오질않앗는데 무슨배달완료?
395,배스킨라빈스-한성대입구역점,2019년 6월 6일,1,1,3,"
            쿼터/1(아이스크림 선택（쿼터）(엄마는 외계인,쿠키 앤 크림,뉴욕치즈케이크,31 올스타),대체맛 선택（쿼터）(（대체）아몬드봉봉,（대체）쫀떡궁합),포장 이동시간(1시간),쿼터 스푼 선택(스푼 1개))
          ",* 진짜 언제와요
396,배스킨라빈스-한성대입구역점,2019년 6월 1일,3,3,5,"
            쿼터/1(아이스크림 선택（쿼터）(엄마는 외계인,아몬드봉봉,그린티,쫀떡궁합),대체맛 선택（쿼터）(（대체）그린티,（대체）월넛),포장 이동시간(2시간),쿼터 스푼 선택(스푼 5개))
          ",많이 녹아서 왔어요...
397,배스킨라빈스-한성대입구역점,2019년 5월 14일,1,1,5,"
            쿼터/1(아이스크림 선택（쿼터）(엄마는 외계인,바람과 함께 사라지다,초콜릿,월넛),대체맛 선택（쿼터）(（대체）피스타치오 아몬드,（대체）체리쥬빌레),포장 이동시간(1시간),쿼터 스푼 선택(스푼 1개))
          ","두번째 배달인데 두번 다 예정된 시간 넘겨서 오고, 아이스크림은 죄다 녹아서 왔네요. 미안한 기색도 없고. 최악입니다."
398,배스킨라빈스-한성대입구역점,2019년 5월 14일,4,3,5,"
            쿼터/1(아이스크림 선택（쿼터）(초콜릿 무스,쿠키 앤 크림,민트 초코렛칩),대체맛 선택（쿼터）(（대체）초콜릿 무스,（대체）민트 초코렛칩),포장 이동시간(1시간),쿼터 스푼 선택(스푼 5개))
          ",잘 먹었어요. 베라 싸게
399,배스킨라빈스-한성대입구역점,2019년 5월 13일,1,1,5,"
            쿼터/1(아이스크림 선택（쿼터）(엄마는 외계인),대체맛 선택（쿼터）(（대체）엄마는 외계인,（대체）초콜릿 무스),포장 이동시간(1시간),쿼터 스푼 선택(스푼 1개))
          ",주문누락인지 2시간만에왔어요.. 전화를하니 요기요는 지점탓 지점은 요기요탓...
400,배스킨라빈스-한성대입구역점,2019년 5월 12일,4,3,4,"
            쿼터/1(아이스크림 선택（쿼터）(레인보우 샤베트),대체맛 선택（쿼터）(（대체）엄마는 외계인,（대체）사랑에 빠진 딸기),포장 이동시간(1시간),쿼터 스푼 선택(스푼 1개))
          ",너무느림 2시간걸린듯
401,배스킨라빈스-한성대입구역점,2019년 5월 11일,1,1,5,"
            쿼터/1(아이스크림 선택（쿼터）(아몬드봉봉,초콜릿 무스,민트 초코렛칩,다크 초코 나이트),대체맛 선택（쿼터）(（대체）레인보우 샤베트,（대체）피스타치오 아몬드),포장 이동시간(1시간),쿼터 스푼 선택(스푼 1개))
          ",배달에 문제가 생겼으면 전화를 주던가 주문 취소를 하던가 아니면 배달 예상시간을 늘려놓던가 하지 뭐하자는건지 모르겠네요. 점심먹는김에 집에 들어와서 시켰는데 배달땜에 다시 나가지도 못하고 있습니다. 전화는 계속 통화중이고.. 위기대처능력이 최악이네요.
402,배스킨라빈스-한성대입구역점,2019년 5월 10일,5,3,1,"
            쿼터/1(아이스크림 선택（쿼터）(바람과 함께 사라지다,베리베리 스트로베리,뉴욕치즈케이크,체리쥬빌레),대체맛 선택（쿼터）(（대체）엄마는 외계인,（대체）사랑에 빠진 딸기),포장 이동시간(1시간),쿼터 스푼 선택(스푼 1개))
          ",시간보다 일찍오고 드라이 아이스도 챙겨주셔서 좋은데..스푼이 하나라는 ㅜㅜ
403,배스킨라빈스-한성대입구역점,2019년 5월 9일,3,5,4,"
            쿼터/1(아이스크림 선택（쿼터）(초콜릿 무스,31-요거트,민트 초코렛칩,피스타치오 아몬드),대체맛 선택（쿼터）(（대체）엄마는 외계인,（대체）사랑에 빠진 딸기),포장 이동시간(1시간),쿼터 스푼 선택(스푼 1개))
          ",배달 밑에 계단에 두고 가셨네요.
404,디저트&컵밥맘콩카페,2022년 3월 5일,1,3,3,"
            햄치즈달걀토스트/1(추가 선택(아메리카노)),모짜렐라햄토스트/1,진짜 딸기바나나우유/1
          ",구매한 딸기바나나우유.. 그냥 우유에 바나나향 딸기향 첨가같은느낌이고 단맛도안나는 우유입니다. 정말 너무 실망했어요. 과일이 달지 않았을꺼라 생각해도 색깔마저 그냥 누런흰색빛이면.  딸기와바나나의비율이 조각만큼만 들어간걸까요?
405,디저트&컵밥맘콩카페,2021년 7월 12일,3,2,3,"
            모짜렐라햄토스트/1,우리밀스누피와플/1(추가 선택(휘핑 추가)),말차프라페/1
          ","휘핑크림 양이 심각해요,,, 추가까지 했는데 둘다 이러더라고요ㅠㅠ 먹던 거 찍은 거 아니에요,,ㅠㅠ
배달도 늦어서 더 실망스러웠어요
여기 와플은 진심으로 추천 안 해요"
406,디저트&컵밥맘콩카페,2021년 6월 25일,3,3,3,"
            햄치즈달걀토스트/1,빠네스프/1,푸른바다라떼/1(HOT or ICE 선택(HOT))
          ","샌드위치 잘못 배달해주셔서 전화드렸는데, 환불계좌 받으시고 입금은 안 해 주시네요. 요기요 어플 메뉴와 판매 메뉴가 달랐어요. 기본적인사항 확인하시고 판매하셔야 할듯요. 그리고 환불은 왜 안 해주시는건지..먼저 해 주겠다고 해 놓으시고, 작은 돈이지만 여러가지 상황이 피곤해서 환불 꼭 해주셨으면합니다"
407,디저트&컵밥맘콩카페,2021년 3월 17일,2,2,2,"
            우리밀스누피와플/1,빠네스프/1,치킨샐러드＋스프/1
          ",별로.. 샐러드.. 에바.. 사진이랑 전혀 다름.. 휘핑 개에바....
