업체명,날짜,맛,양,배달,주문메뉴,상세리뷰
영다방-묵동점,2022년 1월 15일,1,1,1,"
            캔 아메리카노/1(ICE ／ HOT 선택(ICE),샷추가 선택(샷 추가)),캔 말차라떼/1(ICE ／ HOT 선택(ICE)),수제장인명품 찹쌀약과 /1
          ",배달기사분이 한글을 못읽습니까?
돈까스클럽&파스타,2019년 9월 24일,2,3,1,"
            왕돈까스/1,스파이시 해물볶음면/1
          ","주문한지 한시간이지나도 안오길래 전화했고, 다시 20분을 기다려 왕돈까스랑 해물우동볶음면을 받았네요. 근데 돈까스가 새로 튀긴게아니라 튀겨놓았던걸 준것같네요. 돈까스 표면의 까슬까슬한 튀김옷이 하나도없고 죄다 돈까스기름에 스며들었고, 이미 식어서 진짜 맛이없었어요. 솔직히 돈이아까워 조금먹었지만 반이상 남겼어요. 다시는 시키지말아야지 생각되었고 돈까스클럽에 대한 이미지또한 안좋아졌어요."
청호엄마맛도시락,2021년 12월 13일,3,2,4,"
            갈비한정식/1
          ",배달비를 받는 것치고는 늦게오고 아쉽네요
청호엄마맛도시락,2021년 8월 3일,1,1,5,"
            제육쌈밥 세트/1(김 or 생수 선택(김)),묵은지찌개 세트/1(김 or 생수 선택(김))
          ",음식 주문한 것이 몹시 화가납니다.황당 그자체  정말 화가나요.배달 1.30   음식 최악.         반찬 최악입니다.정말 화가나요.
청호엄마맛도시락,2021년 4월 28일,2,2,4,"
            버섯불고기 세트/1(김 or 생수 선택(김)),생선까스 반찬/1
          ","뭔지 모르게 살짝 아쉬운..??
반찬수도..음 한0,오0 보다 많이 적은거같고.고기 냄새두 좀나구요.
가격은 비슷하거나 좀더비싸구요.
배달은 엄청 빠르고 친절하내요"
청호엄마맛도시락,2021년 4월 1일,3,3,5,"
            제육쌈밥 세트/5(김 or 생수 선택(김)),치즈돈까스 세트/2(김 or 생수 선택(김)),오징어볶음 세트/3(김 or 생수 선택(김))
          ",볶음류....너무 맵다고 하네요
청호엄마맛도시락,2021년 1월 28일,3,5,5,"
            버섯불고기 세트/1(김 or 생수 선택(김)),제육볶음 세트/1(김 or 생수 선택(김))
          ",눈오기전에 시켜서 다행
청호엄마맛도시락,2021년 1월 16일,3,5,5,"
            버섯불고기 세트/1(김 or 생수 선택(김)),함박스테이크 세트/1(김 or 생수 선택(생수))
          ",짜장면 관찮고 양이 너무 많은데 볶음밥이 맛없어요 ><
청호엄마맛도시락,2020년 12월 28일,4,3,5,"
            묵은지찌개 단품/1,김치볶음밥/1,스팸도시락/1
          ","음식 맛있습니다. 
근데 묵은지김치찌개는 양이.. 많이 아쉽네요."
청호엄마맛도시락,2020년 12월 9일,1,1,5,"
            제육볶음 세트/2(김 or 생수 선택(김)),계란후라이/1
          ","음식에 캡사이신을 넣엇길래 하루가지나도록
속이 쓰리네요 추천은 못하겠네요"
청호엄마맛도시락,2020년 11월 22일,3,3,5,"
            버섯불고기 세트/1(김 or 생수 선택(김)),함박스테이크 세트/1(김 or 생수 선택(생수))
          ",맛도 양도 평범했지만 배달 소요시간 보다 15-20분 늦게 온 것이 불만이었습니다.
청호엄마맛도시락,2020년 10월 22일,1,5,5,"
            등심돈까스 단품/1,묵은지찌개 세트/1(김 or 생수 선택(김))
          ",묵은지 찌개는 전혀 묵은지 맛이 아니구요..   정말 너무너무 짜기만 해서 물 부어 먹었어요  돈까스는 쏘쏘..
청호엄마맛도시락,2020년 10월 17일,2,2,4,"
            함박스테이크 세트/2(김 or 생수 선택(생수))
          ","김대신 생수달라고했는데 김갖다주고
함박스테이크도 딱딱하고..."
청호엄마맛도시락,2020년 10월 17일,3,4,5,"
            오징어광양불고기 세트/1(김 or 생수 선택(김)),김치볶음밥/1
          ","오징어광양불고기에 불고기가 너무 맛없습니다
가성비 생각하면 김치볶음밥이 훨씬 좋은듯 하네요"
청호엄마맛도시락,2020년 9월 22일,3,5,1,"
            훈제오리정식/1,버섯불고기 세트/2(김 or 생수 선택(김)),등심돈까스 세트/2(김 or 생수 선택(김)),불닭갈비 세트/2(김 or 생수 선택(김)),김치볶음밥/4,흑미밥/3
          ",다른 메뉴는 맛있었습니다. 다만 저녁 늦은 시간이라 그런지 닭볶음탕이 오래된 냄새가 났어요.
청호엄마맛도시락,2020년 9월 16일,3,5,5,"
            제육볶음 세트/1(김 or 생수 선택(김)),광양불고기 세트/3(김 or 생수 선택(김)),김치볶음밥/1
          ","양은 많고 맛도 그럭저럭 괜찮음.
다만 도시락 세트4개 단품1개 주문햇는데 국물은 뚜껑이 열려서 와서 도시락이 다 젖어있는 상태에 젓가락 숟가락은 3개씩옴. 세트가 4개인데 김은 2개만 옴. 
아무리 바빠도 이건 아닌거같음."
청호엄마맛도시락,2020년 8월 28일,2,2,5,"
            버섯불고기 세트/3(김 or 생수 선택(김)),오징어볶음 세트/1(김 or 생수 선택(김)),잡채 불고기 정식/1
          ",배달이 넘 늦어요...
청호엄마맛도시락,2020년 8월 14일,1,1,5,"
            생선가스 세트/1(김 or 생수 선택(김)),찜닭 세트/1(김 or 생수 선택(김)),등심돈까스 세트/1(김 or 생수 선택(김)),우렁강된장쌈밥 세트/1(김 or 생수 선택(김))
          ",배달 안오나요...... 후우 덕분에 욕먹었네요 ㅠㅠ
청호엄마맛도시락,2020년 8월 3일,1,1,5,"
            오징어광양불고기 세트/1(김 or 생수 선택(김)),김치볶음밥/1
          ",이집 뭔가요? 80분 기다렸는데 배달이 안된다고..그것도 먼저 전화를 주는것도 아니고 기다리다 기다리다 전화하니 배달못한다고..   두번다시 주문안합니다..해도해도 너무하네요
청호엄마맛도시락,2020년 8월 1일,2,4,5,"
            생선가스 세트/1(김 or 생수 선택(김)),오징어볶음 세트/1(김 or 생수 선택(김))
          ",생선가스 맛있고 오징어 볶음은 그럭저럭입니다 반찬이 좀 부실한 느낌이고요
청호엄마맛도시락,2020년 7월 23일,1,5,1,"
            제육볶음 세트/2(김 or 생수 선택(김))
          ",고기가 조금..그래도 잘 먹었습니다
청호엄마맛도시락,2020년 6월 7일,3,3,5,"
            제육쌈밥 세트/1(김 or 생수 선택(김)),오징어광양불고기 세트/1(김 or 생수 선택(김)),계란후라이/1
          ",아직 한번밖에 안먹어봐서 모르겠지만 계란후라이에서 구린내가 나서 먹고 찝찝했습니다. 전체적으로 맛은 나쁘지 않은듯한데 민감한 시기인만큼 재료의 신선도에도 좀더 신경써 주셨음 좋겠습니다 :)
청호엄마맛도시락,2020년 5월 28일,3,3,5,"
            묵은지찌개/1(메뉴 선택(국)),제육볶음 세트/1(김 or 생수 선택(김)),함박스테이크 세트/1(김 or 생수 선택(김)),꽃게된장찌개 세트/1(김 or 생수 선택(김)),흑미밥/1
          ",너무 늦게 왔었네요.
청호엄마맛도시락,2020년 4월 27일,5,3,5,"
            오징어볶음 세트/1(김 or 생수 선택(김)),소고기미역국 세트/1(김 or 생수 선택(김))
          ","오징어볶음 맛은 괜찮은데 
양이 ㅠㅠ 양파볶음 같아서 아쉬워요오오"
청호엄마맛도시락,2020년 3월 15일,3,5,5,"
            오징어광양불고기 세트/4(김 or 생수 선택(김)),닭강정/1,훈제오리샐러드/1,삼채닭가슴살/1
          ",그럭저럭 먹을만합니다
청호엄마맛도시락,2020년 3월 2일,2,4,5,"
            불닭갈비 세트/1(김 or 생수 선택(생수)),꽃게된장찌개 세트/1(김 or 생수 선택(생수)),계란후라이/1
          ","세트 두개 +달걀 후라이 반숙으로 주문/ 생수 선택
1.불닭갈비 세트 => 도시락용기에.. 양많음, 짜고..밥은 꼬두밥이라..; 된장극스몰사이즈(지름4cm이내) 
맛있는 음식이었지만, 마늘쫑간장조림,배추김치,꽈리멸치간장조림,달걀후라이1개 닭갈비구성=> 나물이나 샐러드등 신선반찬이 없어서..
2.꽃게된장찌개세트 용기 밥따로 국따로 반찬따로 구성
밥위에 달걀후라이 반숙 추가한 걸 얻어주심..=>완숙이 온건.ㅜ 국은 맛괜찮. 꽃게 작은 거 반쪽? 1/4 정도 들었고.. 그걸 씹으면 꽃게 맛이납니다.^^역시 신선야채 나물 없어 아쉬움"
청호엄마맛도시락,2020년 2월 17일,1,1,1,"
            버섯불고기 세트/1(김 or 생수 선택(김)),오징어광양불고기 세트/1(김 or 생수 선택(김))
          ","음식은 둘째치고. 50분 걸린다는거 1시간 넘어 안와 전화 했더니 주문이 누락되었다 하고.. 뭐 눈 오는 날이라 배달 지연은 이해가 간다만 주문 누락? 그러고 다시 25분 기다리시라... 사장님, 아무리 배달앱으로 단골 만들기 힘들다고 해도 우리는 음식과 서비스에 정당한 재화를 지불하고 이용하는 소비자입니다. 저는 이 재화에 아주 불쾌한 경험을 샀습니다. 이런 경험이 한 두 명이 쌓이면 다시는 이용하고 싶지 않아집니다.."
청호엄마맛도시락,2020년 2월 13일,1,1,5,"
            제육볶음 세트/2(김 or 생수 선택(김)),김치볶음밥/1,미니국/1
          ",밥도 딱딱하고 전반적으로 음식이 너무 싱거웠어요
청호엄마맛도시락,2020년 2월 8일,3,3,3,"
            찜닭 단품/1,김치볶음밥/1,핫윙 두조각/2
          ",밥만 양이 너무 많고 반찬은 양이 적은 것 같아요
청호엄마맛도시락,2020년 1월 17일,3,3,5,"
            버섯불고기 세트/6(김 or 생수 선택(생수))
          ",배달시간맞춰줘서 잘먹었는데 김이아니라 생수선택했는데 김이왔어요
청호엄마맛도시락,2020년 1월 16일,3,3,4,"
            제육볶음 단품/1,우렁강된장쌈밥 단품/1,제육쌈밥 세트/1(김 or 생수 선택(김))
          ",리뷰보고 주문했는데 그냥 그랬어요. 제육은 버섯이 더 많았고요.  쌈도 주문보다 하나 덜 왔고요.
청호엄마맛도시락,2020년 1월 15일,3,5,1,"
            버섯불고기 세트/6(김 or 생수 선택(생수))
          ",그냥 저냥 먹을만했어요
청호엄마맛도시락,2020년 1월 12일,1,1,4,"
            제육볶음 세트/2(김 or 생수 선택(김)),스팸 한조각/4
          ",그따구로 장사하지 마세요 배달이 1시간 넘기 안와서 전화 했는데 주소 정확히 적었구만 자꾸 주소 잘못적었다고 제탓을 하시네요 죄송하다는 말 한마디도 없으시고 그리고 제가 전화번호가 안맞으면 요기요에 전화해서 취소를 넣어시든지 하셨어야죠 제가 먼저 전화안했으면 저는 그냥 계속 기다리기만 했을 것 같네요 하여튼 그따구로 장사하시지 마세용
청호엄마맛도시락,2019년 11월 15일,3,3,3,"
            등심강된장쌈밥 단품/1,삼채고추장삼겹쌈밥 세트/1
          ","강된장이 작은 반찬칸 하나에 담아져 온게 먼저 눈에 띄었고, 전체 구성상 밥이 절반이라 아쉬웠어요. 고사리나물 양이 많던데 저희는 고사리를 좋아하지 않아서ㅠ. 쌈채소 양도 너무 적었고 세트와 단품의 차이 또한 거의 없어보였습니다."
청호엄마맛도시락,2019년 10월 30일,2,4,5,"
            갈릭베프도시락 단품/5
          ",맛읍서요밥도 완전 떡밥입니다
청호엄마맛도시락,2019년 8월 23일,3,4,5,"
            생선가스 세트/1(김 or 생수 선택(김)),제육볶음 세트/2(김 or 생수 선택(김))
          ",제육 고기가 넘 두껍고 뻑뻑하다해야하나.. 그래도 배부르게 먹었습니다 :-P
청호엄마맛도시락,2019년 8월 16일,3,5,4,"
            제육볶음 세트/1(김 or 생수 선택(김)),치즈돈까스 세트/1(김 or 생수 선택(김))
          ","밥이 고슬고슬 했으면 좋앗을텐데 찐득해요
제육이랑 돈까스 자체는 맛 괜찮아요."
청호엄마맛도시락,2019년 8월 16일,3,3,5,"
            묵은지찌개 세트/1(김 or 생수 선택(생수)),김치볶음밥/1,쌈야채/1,사이다/1
          ","무난합니다
묵은지 느낌은 안났음"
청호엄마맛도시락,2019년 7월 25일,3,3,2,"
            부대볶음도시락 단품/1,정일품 불고기/1
          ","아니 배달온 사람이 왜 길을 못찾아요?
1층 받으로 간다니까 어딘지 모른다
그럼 일로 오라고 알려주니까 지가 왜가야하냐
8번넘게 설명해주다가 움질일 생각을 안해서 눈앞에 보이는게 뭐냐고
비오는데 직접 찾으로 나갔습니다
배달 자체도 20분이나 늦게오고 음식은 다식어있고
여기서 다른 어플 통해 여러번 주문하고
기사님들 자주 바뀌는데 이런분은 처음이네요
통화 내용 녹음되어 있으니 클레임 넣겠습니다
정해진 장소는1층인데 자기가 왜 글로 가야하냐?
어이가 없네요"
청호엄마맛도시락,2019년 6월 29일,3,5,1,"
            등심돈까스 단품/1,불닭갈비 세트/1(김 or 생수 선택(김)),흑미밥/1,스팸 한조각/1
          ",맛은 평타칩니다. 나쁘지 않아요. 양도 엄청많네요.
청호엄마맛도시락,2019년 6월 25일,1,4,5,"
            훈제오리정식/1,묵은지찌개 세트/1(김 or 생수 선택(생수))
          ",가격도 싸고 맛있습니다..하지만 기본적인 서비스가 정말 안좋습니다 배달사고도 엄청많이나고 금액은 결제받고 재고가 없다고 단가가 안맞는 다른걸로 새로보내준다거나 대처는 빠르지만 두번 시켰는데 두번다 문제가있었다는건 이용하는 고객으로써 마음에 안드네요 개선이필요해보여요 지금 주문한지 한시간 넘었는데 제가 직접전화해봐야 알수있었네요 사고가있었다는걸 안타깝습니다
청호엄마맛도시락,2019년 5월 24일,1,1,5,"
            묵은지찌개/1(메뉴 선택(단품)),꽃게된장찌개/1(메뉴 선택(단품)),제육볶음 세트/1(김 or 생수 선택(김)),쭈꾸미볶음 세트/1(김 or 생수 선택(김))
          ",배송 엄청느리네요 느려요 느리다
청호엄마맛도시락,2019년 5월 17일,3,4,3,"
            쭈꾸미볶음 세트/2(김 or 생수 선택(김))
          ",맛은괜찮네요~~배달도 빠르고요
청호엄마맛도시락,2019년 5월 2일,3,3,5,"
            소고기미역국/1(메뉴 선택(국)),제육볶음 세트/1(김 or 생수 선택(김)),김치볶음밥/1
          ",나쁘지않았어요! 종종 시킬 것 같아요
청호엄마맛도시락,2019년 4월 26일,3,3,5,"
            버섯불고기 단품/1,꽃게된장찌개/1(메뉴 선택(단품)),스팸 한조각/5,계란후라이/1
          ",된장찌개시켰는데 김치찌개가 왔네요
청호엄마맛도시락,2019년 4월 13일,3,4,5,"
            묵은지찌개 세트/2(김 or 생수 선택(김)),흑미밥/1
          ",저녁 먹으러 주문 했는데 한시간 20분 늦게 와서 야식아닌 야식이 되었네요. 찌게도 다 식고 ...
청호엄마맛도시락,2019년 3월 17일,3,4,5,"
            제육볶음 세트/1(김 or 생수 선택(김)),찜닭 세트/2(김 or 생수 선택(김))
          ",자주시켜먹어요 한끼먹기 괜찮아요
청호엄마맛도시락,2019년 2월 12일,2,3,5,"
            치즈돈까스 세트/1(김 or 생수 선택(김)),치킨마요/1,탕수육/1
          ","탕수육은 좀..
소스 양도  .."
청호엄마맛도시락,2019년 2월 9일,2,1,5,"
            훈제오리정식/1,찜닭반찬/1
          ","죄송합니다 생각보다 오리훈제가 적엇고 훈제가 차갑게해서 왓네뇨..
땅콩멸치 조림 밥인줄 알앗오요 ~이거 맛잇김한데 오리고기랑밥이 멋고 싶엇는데 ㅜㅜ 
반찬이 가격에 비해 적어요. 밥만 많고ㅠㅜ 
물이랑 홍시 맛있어요 ㅎ
명이 나물 5장도 감사드립니다."
청호엄마맛도시락,2019년 1월 25일,5,3,5,"
            쭈꾸미볶음 세트/1(김 or 생수 선택(김)),광양불고기 세트/1(김 or 생수 선택(김)),부대볶음도시락 세트/1(김 or 생수 선택(김)),꽃게된장찌개 세트/1(김 or 생수 선택(김))
          ","초딩입맛이라 그런지 맛은 괜찮았지만 고기가 메인임에도 버섯이 더 많아서 아쉬운 부분이 있었고
함께 먹은 사람들도 맛있다고는 하는데 양이 약간 부족하게 느껴진듯 합니다."
청호엄마맛도시락,2019년 1월 20일,3,5,5,"
            제육볶음 세트/1(김 or 생수 선택(김)),광양불고기 세트/1(김 or 생수 선택(김)),핫윙 두조각/1
          ",양도 적당하고 반찬도 괜찮습니다
청호엄마맛도시락,2019년 1월 15일,4,3,5,"
            버섯불고기 세트/1(김 or 생수 선택(김)),김치볶음밥/1,찜닭반찬/1
          ",배달도 빠르고 맛있어요
청호엄마맛도시락,2019년 1월 8일,3,1,5,"
            제육쌈밥 세트/1(김 or 생수 선택(김)),잡채반찬/2
          ","11시 5분에 주문했고 12시 46분에 받았습니다.
1시간 40분 기다리고 14분만에 점심먹었네요.  음식이 오지 않아 12시쯤 전화했을때 20분이면 된다더니..이후 다시 30분에 전화 했을때는 배달하시는 분 핑계대며 아까 갔다며 곧 도착할거라더니 그렇게 문앞에서 기다린지 16분이 지나서야 받았습니다. 처음 전화했을때 음식 준비를 제대로 못했으면 차라리 못했다고 좌송하다고 솔직하게 말씀 해주던가요. 뭐하는겁니까. 정말 최악이었습니다."
청호엄마맛도시락,2018년 12월 30일,4,3,4,"
            잡채 불고기 정식/1,김치볶음밥/1
          ",도시락 정갈하고 맛나요~ 김치가 조금이라 아쉬웠어요~
청호엄마맛도시락,2018년 11월 19일,1,3,5,"
            버섯불고기 세트/1(김 or 생수 선택(김)),제육쌈밥 세트/1(김 or 생수 선택(김))
          ","맛없어요.. 고기양 적고 밥만 많음 ㅠ
넘 제육 넘 기름지고.."
청호엄마맛도시락,2018년 10월 31일,4,3,5,"
            제육볶음 단품/1,김치볶음밥/2
          ","음 김치볶음밥은 풍부한 맛은아니지만 4700원이라는 가격보다 더 좋은 퀄리티가 온것같아 매우 만족했구, 저기 뒤에 보이는건 제육볶음 단품인데...! 제가 느끼기엔 고기양이 너무 작았어요 버섯이 반이거든요...고기밥 비율이 안맞는 느낌이랄까ㅠㅠㅠㅠ슬펐어요ㅠㅠㅠㅠㅠㅠ제가 버섯을 좋아해서 다행이였어요 정말ㅠㅠㅠㅠㅠ하지만 포장도 깔끔하게 오고 배달도 예상시간보디 15분빨리왔어요! 한번쯤은 시켜먹을 가치가 있다고 생각합니댜!"
청호엄마맛도시락,2018년 8월 20일,1,1,5,"
            치즈돈까스 단품/1,묵은지찌개/1(메뉴 선택(국)),고추장삼겹 세트/1(김 or 생수 선택(김))
          ",고기비리고 구성이별로네요...
백년가짬뽕-광화문직영점,2022년 2월 12일,3,5,5,"
            찹쌀탕수육＋짬뽕2/1(탕수육 사이즈 선택(변경안함))
          ",면과 배달은 맘에 들지만 짬뽕보다는 마라탕에 가까운 이국적인 맛이었습니다..탕수육도 튀김옷이 너무 두꺼워요..
백년가짬뽕-광화문직영점,2022년 1월 20일,4,3,3,"
            찹쌀탕수육＋짬뽕＋짜장면/1(탕수육 사이즈 선택(변경안함))
          ","가격대비 좀..아쉬워요. 
꿔바로우식 탕수육인줄 알았는데 그것도 아니고..
짜장면은 맛있네요"
백년가짬뽕-광화문직영점,2022년 1월 3일,3,4,5,"
            미니 탕수육＋짜장면＋군만두 2ps /1
          ",잘 먹었습니다. ..
백년가짬뽕-광화문직영점,2021년 12월 23일,4,2,5,"
            찹쌀탕수육＋짜장면＋볶음밥/1
          ","맛은 전반적으로 다 좋았어요~!
근대 사장님..탕수육은 2만원 양은 아닌거 같아요.
미니 탕수육 온줄암.. 
튀김옷으로 양넓힌게 쬠쓰 보임😕
(다른 리뷰에도 같은말있던데요 )
짜장면 볶음밥 다 맛 좋았어요 👍🏼👍🏼
ㅎ 양조금 개선되면 좋겠네요
 다시 시킬의사 있습니다 ~!!
어쨌든 맛나게 잘먹었습니다♡
배달기사분 신속하고 친절👍🏼"
백년가짬뽕-광화문직영점,2021년 11월 29일,1,1,5,"
            [판매 1순위＋] 백년가 짬뽕/1,깐풍육/1
          ","도시락 먹기싫어서 시켰는데 집에서 먹는거면 절대 안시키지 그냥 라면 끊여먹는거랑  뭐가 다른지   의문 그나마 도시락이 있어서 배터지게 먹은게 그나마
탕수육 양 적다해서  깐풍기  시켰는데 깐풍은 소인가 순풍산부인과에서 박영규가 먹는거보고 시켰는데 처음임 후회중"
백년가짬뽕-광화문직영점,2021년 11월 7일,5,3,5,"
            찹쌀탕수육＋짜장면2/1(탕수육 사이즈 선택(탕수육（중）))
          ","많이 늦긴 했지만 배달빠르고 맛나게 잘먹었습니다
가격치고 탕수육이 양이 조금 적은거 같구요
전반적으로 만족합니다"
백년가짬뽕-광화문직영점,2021년 10월 21일,3,3,5,"
            찹쌀탕수육＋짬뽕＋짜장면/1(탕수육 사이즈 선택(변경안함))
          ","짜장면이 좀 싱거워요..ㅠ 짬뽕은 불맛나서 괜찮았어요~~
맛이나 양에 비해 가격이 좀 비싼것같은데.. 그래도 한끼 잘 먹었습니다~~"
백년가짬뽕-광화문직영점,2021년 5월 17일,4,3,5,"
            짜장면/1,찹쌀 탕수육/1(사이즈 선택(小))
          ",빠른배달 감사합니다.
백년가짬뽕-광화문직영점,2021년 5월 7일,1,1,2,"
            짬뽕/1,볶음밥/1,찹쌀 탕수육/1(사이즈 선택(小))
          ","탕수육 사진을 보고 시켰는데
사진에는 소스도 충분하고,각종 채소가 풍부했는데,채소는 아예 없고 소스 양도 너무 적어 부먹은 커녕 무슨 간장종지 찍어 먹듯 아껴서 찍어 먹었고요,음식 받자마자 짬뽕 포장 상태도 그렇고..그건 배송중에 그럴 수 있다 해도,탕수육에 식사 두개 시켰으면,보통 다른 데는 만두서비스도 주던데,단무지도 달랑 하나 보내시고,짬뽕 안에 씹히는 채소도 나무처럼 딱딱해서 생강인가?하고 꺼내보니..대파 심이네요 ㅎㅎ사용하면 안되는 재료를..이 가격에 재료 너무 아끼시네요 재주문 안합니다.간은..먹고나서 혀에 마비 온듯ㅠ"
백년가짬뽕-광화문직영점,2021년 4월 6일,5,3,5,"
            순두부짬뽕밥/4,볶음밥/2,탕수육/1(사이즈 선택(小))
          ","대체적으로 다 맛있는데 짬뽕 정말 맛있어요
다만 탕수육 너무 맛있는데 가격대비 양이 너무 조금인듯!"
백년가짬뽕-광화문직영점,2021년 4월 4일,3,5,5,"
            짬뽕/1,짜장면/2,군만두/1
          ","짜장면과 군만두는 맛있습니다.
짬뽕은 생강향이 많이 나서 호불호가 많이 갈릴 맛이네요."
백년가짬뽕-광화문직영점,2021년 3월 28일,5,3,5,"
            짬뽕/1,탕수육/1(사이즈 선택(小))
          ",양은좀적었지만 완전맛있습닏ᆞ
백년가짬뽕-광화문직영점,2021년 3월 20일,3,4,3,"
            짬뽕/1,짜장면/1
          ","첫번째 주문 때는 정말 맛있게 먹었는데요 두번째 주문은 짬뽕에서 강한 생강 맛이 납니다
그리고 단무지가 제공 되지 않나요?
이번 주문은 좀 아쉽네요"
백년가짬뽕-광화문직영점,2021년 3월 18일,5,3,5,"
            짬뽕/1,짜장면/2,볶음밥/2
          ","야근때문에 배달주문 했는데, 지금 맛있게 싹 먹어버려서 사진은 없네요.
배딜 삘랐고, 짬뽕은 국물 끝내줬어요. 
볶은밥도 느끼하긴 했지만 맛있었습니다.
짜장면도 기본이상은 했어요. 
회사에서 배달음식 먹게 된다면, 이곳에서 주문 할게요."
백년가짬뽕-광화문직영점,2021년 3월 10일,3,3,3,"
            짜장면/1,탕수육/1(사이즈 선택(小))
          ","탕수육에..소스가 안 왔습니당~~~ㅠㅠ
번호도 없궁..당최.."
백년가짬뽕-광화문직영점,2021년 2월 23일,4,3,5,"
            순두부짬뽕밥/1,탕수육/1(사이즈 선택(小))
          ",사장님 ㅋㅍ잇츠에서는 탕수육이 15000원이더군요 왜그런거죠? 손해보는 기분입니다ㅠ 18000원치고 양도 적은거 같고요 답변 부탁드립니다
백년가짬뽕-광화문직영점,2021년 1월 15일,1,3,1,"
            짬뽕/1,탕수육/1(사이즈 선택(小))
          ","짬뽕에 고기 비린내, 진한 생강냄새가 너무 심합니다. 탕수육은 맛있습니다."
백년가짬뽕-광화문직영점,2020년 12월 4일,4,3,4,"
            짬뽕/1,순두부짬뽕밥/1
          ",짬뽕이 맛나긴 한데 쫌 매웠어요 제가 매운거 즐기지 않는지라~ 면도 특이하고
Jazz&라멘,2일 전,1,1,1,"
            카이센동 （참치＋연어＋다코와사비＋아보카도）/1(추가 선택(mini라멘육수 （돈고츠）))
          ","카이센동 2줄 평- 카이센동 / 라멘 국물 추가 
1. 먹으면서 화가 올라오는 덮밥
내가 뭘 먹고 있지? 가격 생각..
2. 라멘 국물 추가 x 
된장국 같은 작은 플라스틱 그릇에
라멘국물 한 국자 2천원은 납득이 되지 않아요. 

생물 덮밥이라 데우기도 뭐하고 먹는데 소화도 안되며 참치 힘줄이 많아 거북합니다.게다가 밥은 딱딱하기 까지, 식감이 안좋습니다. 

제가 음식평은 원래 잘 남기지 않습니다. 
이렇게 구체적으로 길게 남긴것도 처음이네요. 
어려운 시기지만, 
더 좋은 음식 만들어 주시면 고맙겠습니다."
Jazz&라멘,2022년 3월 15일,2,3,2,"
            돈고츠 라멘（진한맛）/1,미소 라멘（구수한 된장맛）/1(추가 선택(mini 챠항（챠슈 볶음밥）추가))
          ",처음시켜봤는데 음식을 보자마자 맛을 떠나서 포장이 너무 허술한듯 해요. 뜨거운음식이라 그런지 배달용기가 한쪽이 찌그러져있고 국물이 다 샜어요. 차슈볶음밥은.... 양이.. 뭐 가격이 저렴하긴 하지만 적게 느껴지는데 차라리 더 작은 용기에 담으면 좀 많아보이지 않을까요? 비주얼이 담다 만 느낌이라서 좀 그러네요. 국물이좀짜서 뜨거운물 섞어먹었어요.ㅜ
Jazz&라멘,2022년 3월 7일,3,3,1,"
            챠슈 야끼라멘（볶음면）/1,텐동（붕장어＋왕새우&야채 튀김 덮밥）/1
          ",배달이 늦어서 굉장히 아쉽습니다. 텐동의 튀김은 눅눅해졌고 면은 떡이 됐네요… 나오자마자 먹었으면 훨씬 맛있었을 것 같은데 정말 아쉽습니다.
Jazz&라멘,2022년 3월 1일,3,2,3,"
            돈고츠 라멘（진한맛）/1(옵션그룹 추가(온천계란)),미니차슈（고기만）/1,가라아게（닭튀김） 사이드 메뉴/1
          ",간단히 전문성 1도 없는 아쉬운 맛
Jazz&라멘,2022년 2월 12일,2,3,3,"
            왕새우덮밥 에비 가츠동/1(추가 선택(사이즈업)),믹스동（한번에!왕새우 닭 등심）/1(추가 선택(사이즈업))
          ",쓴맛과 탄냄새가 나서 버렸습니다
Jazz&라멘,2022년 2월 10일,5,3,3,"
            텐동（붕장어＋왕새우&야채 튀김 덮밥）/3
          ",맛있어요 그런데 양이 조금 적은거 같아요....ㅠ 5분만에 다 먹었어요.....
Jazz&라멘,2022년 2월 4일,5,2,1,"
            돈고츠 라멘（진한맛）/1,미소 라멘（구수한 된장맛）/1
          ",국물이 다 새서왔어요
Jazz&라멘,2022년 1월 31일,1,2,3,"
            돈고츠 라멘（진한맛）/1(추가 선택(차슈 추가)),등심 가츠동/1
          ",라멘에 들어간 삶은 계란은 상하기 직전의 역한 향이 났고 같이 들어간 숙주는 데치지 않아 비린 맛이 너무 심하게 납니다
Jazz&라멘,2022년 1월 25일,3,4,5,"
            돈고츠 라멘（진한맛）/2
          ",배달원분 친절하고 국물은 조금밖에 안 흘렀고 양도 적당한데... 솔직하게 말씀드리면 음식이 밍밍하고 고기는 한 점있고 단무지는 너무 달고 이게 원래 라멘맛인가요? 제가 라멘을 여러번 먹어봤는데 무슨 맛인지 모르겠어요 ㅠ
Jazz&라멘,2021년 12월 28일,2,4,3,"
            돈고츠 라멘（진한맛）/1,차슈 덮밥（BBQ 덮밥）/1,등심 가츠동/2,규동（일본식 소고기 덮밥）/1
          ",규동은 불고기덮밥맛이 나고 라멘은 떡국맛이 납니다 돈까스는 어떻게 만든건지 진짜 너무 써요 그나마 차슈덮밥이 차슈덮밥맛이 나긴 합니다
Jazz&라멘,2021년 11월 24일,3,2,1,"
            돈고츠 라멘（진한맛）/1(추가 선택(차슈 추가)),규동（일본식 소고기 덮밥）/1(추가 선택(사이즈업))
          ","맛은 적당한대 배달이 질못된건지 신경을 안쓰는건지
요청사항에 분명히 적어두었는대 또 라면 국물 다 흘러나와서 왔네요. 이건 뭐 라면을 국물없이 먹으라는것도 아니고 왜 이따위로...통에 구멍을 뚫었으면 밑에 비닐이라도 큰걸 써야지 다 흐르게 보내는 이유가 뭔가요?"
Jazz&라멘,2021년 11월 22일,3,2,4,"
            돈고츠 라멘（진한맛）/1,텐동（붕장어＋왕새우&야채 튀김 덮밥）/1
          ",음... 양 적어요 텐동도 튀김 눅눅 ㅠㅠ 아쉽네요
Jazz&라멘,2021년 11월 19일,5,3,1,"
            돈고츠 라멘（진한맛）/1(추가 선택(mini 챠항（챠슈 볶음밥）추가)),미니차슈（고기만）/1
          ","이틀연속 시켰는데 둘다 국물 쏟아져서 배송됨 용기바꾸는게 시급해보임. 
전체적인 맛은 좋으나 차슈한개밖에안들어 있고 양이 좀 적음.
그리고익스프레스 배송 예정시간보다 많이 늦게도착함"
Jazz&라멘,2021년 11월 18일,5,3,4,"
            돈고츠 라멘（진한맛）/1(추가 선택(차슈 추가,면 추가)),미니차슈（고기만）/1
          ",맛있게먹었어요 근데 차슈추가했는데 4개밖에안들었음...
Jazz&라멘,2021년 11월 17일,3,5,5,"
            챠슈 탄탄면（진하고 얼큰한맛）/1,새우 완탕라멘（얼큰 시원 완탕）/1,사이다（미니 캔）/1
          ",맛은 평타 양은 무난 배달 빨랐습니다
Jazz&라멘,2021년 10월 28일,3,3,1,"
            돈고츠 라멘（진한맛）/1(추가 선택(mini 챠항（챠슈 볶음밥）추가)),사이다（미니 캔）/1
          ",배달이 잘못된건지 포장을 잘못한건진 모르겠지만 국물 엄청 많이 샜더라구요 닦느라 진땀 뺐습니다
Jazz&라멘,2021년 10월 21일,3,4,5,"
            쇼유 라멘（깔끔한 간장）/1(추가 선택(mini 챠항（챠슈 볶음밥）추가)),연어초밥（10p）/1,아게교자（튀김만두）사이드 메뉴/1
          ","처음시켜봤는데 튀김만두,쇼유라멘은 먹을만했어요. 연어초밥도 시켰는데 초밥은 전문점에서 시켜야겠네요. 그리고 제입맛에는 대체적으로 간이 짜서 아쉬웠어요. 잘 먹었습니다~"
Jazz&라멘,2021년 10월 4일,3,4,2,"
            돈고츠 라멘（진한맛）/1,챠슈 탄탄면（진하고 얼큰한맛）/1,차슈 덮밥（BBQ 덮밥）/1,등심 가츠동/1,미니차슈（고기만）/1,콜라（미니 캔）/1
          ",국물이 조금 쏟아져서 도착했네요..
Jazz&라멘,2021년 9월 23일,1,3,5,"
            소 양대창 전골라멘（진하고 얼큰한맛）/1,가라아게（닭튀김） 사이드 메뉴/1
          ",배달은 따뜻했으나 라멘이 너무짜고 가라아케의 양이참… 누가 먹다남은 부스러기같았고 이것도 너무짜요
Jazz&라멘,2021년 9월 18일,3,2,5,"
            미소 라멘（구수한 된장맛）/1(추가 선택(차슈 추가,면 추가)),다꼬야끼（사이드 메뉴）/1
          ",너무 짜고 차슈가 다른 곳에서 파는 것과는 괴리감이 크네요
Jazz&라멘,2021년 8월 11일,1,3,4,"
            챠슈 탄탄면（진하고 얼큰한맛）/1(추가 선택(mini 챠항（챠슈 볶음밥）추가)),가라아게（닭튀김） 사이드 메뉴/1
          ",진짜 이런 리뷰 왠만하면 안남기는데 최악이었습니다... 제가 짠거 엄청 잘 먹는편인데도 불구하고 하나같이 다 짭니다 진짜 소금을 씹어 먹는것같습니다 특히 차슈볶음밥? 와... 너무 짭니다 원래 차슈가 짭쪼름하고 그럼편인데 밥에다가도 소금간을 해놔서 진짜 짠맛의 대환장 파티였네요.... 가라아게는 원래 짠 음식이니까 그러려니 하지만.... 너무 하네요 그리고 라멘도 다른 라멘 음식점들 보다 훨씬 짠편이구요 라멘 맛도 제 입맛엔 너무 별로여서 먹기 조금 거북했습니다...간 좀 보고 내주셔야할것같네요.. 다 먹고난후엔 입안이 염전이었..
Jazz&라멘,2021년 7월 31일,5,3,4,"
            돈고츠 라멘（진한맛）/1,챠슈 탄탄면（진하고 얼큰한맛）/1(추가 선택(차슈 추가))
          ",뚜껑에 국물 흘러나온거 보고 처음엔 조굼 실망했는데 너무 맛있에서 결국엔 만족입니다 ! 잘 먹었습니당
Jazz&라멘,2021년 7월 5일,3,4,5,"
            쇼유 라멘（깔끔한 간장）/1(추가 선택(면 추가)),콜라（미니 캔）/1
          ",평소 이 집을 아주 좋아하는데 오늘 숙주에서 충격적으로 냄새가 났습니다 심합니다 그리고 언제나 국물 든 통에서 국물이 새는데 배달탓인지 포장탓인지는 모르겠습니다
Jazz&라멘,2021년 6월 25일,2,4,1,"
            돈고츠 라멘（진한맛）/1(추가 선택(차슈 추가)),텐동（붕장어＋왕새우&야채 튀김 덮밥）/1(사이즈업 추가 선택(사이즈업),추가 선택(붕장어)),AVOCADO연어회 덮밥/1(추가 선택(사이즈업))
          ",장국이 안에서 열려서 다 흐른상태로왔어요. 돈코츠라멘 숙주를 씹는순간 이상한 냄새가 확올라옵니다. 나머지는 잘 먹었어요
Jazz&라멘,2021년 6월 17일,3,3,5,"
            차슈 덮밥（BBQ 덮밥）/5(추가 선택(차슈 추가))
          ",고기 살짝 냄새나는것 같아 아쉬웠어요~
Jazz&라멘,2021년 6월 7일,1,5,1,"
            미소 라멘（구수한 된장맛）/1(추가 선택(면 추가,공기밥 추가)),사이다（미니 캔）/1
          ","처음 배달 받을때부터 국물이 조금 흘러나왔네요?
배고파서 일단 먹을려고 다 뜯었는데 
생면 추가를 3천원 주고 했더니 추가된 면빨 옆에 날파리까지 같이 왔네요.... 날파리는 서비스 인가요?
배달 기사분도* 운전하신 것 같고
포장하실때 잘 안보시고 밀봉하셨나봐요 ㅎㅎ
다음부터는 잘 보고 밀봉해주시기 바랄게요
저만 먹는거 아니잖아요
다른 분들께서 피해 없으셨으면 좋겠습니다.
기분 좋게 식사하셔야지 ,
* 먹기는 싫잖아요"
Jazz&라멘,2021년 5월 30일,1,1,1,"
            돈고츠 라멘（진한맛）/3,믹스동（한번에!왕새우 닭 안심）/1,AVOCADO연어회 덮밥/1(추가 선택(연어 추가,사이즈업)),가라아게 덮밥/1,아게교자（튀김만두）사이드 메뉴/2,가라아게（닭튀김） 사이드 메뉴/1
          ",여긴 다신  ㄴㄴㄴ
Jazz&라멘,2021년 4월 23일,5,3,5,"
            돈고츠 라멘（진한맛）/1(추가 선택(mini 챠항（챠슈 볶음밥）추가)),사이다（미니 캔）/1
          ",배달이 매우 빠릅니다.
Jazz&라멘,2021년 3월 30일,1,1,5,"
            돈고츠 라멘（진한맛）/1(추가 선택(공기밥 추가)),챠슈 탄탄면（진하고 얼큰한맛）/1(추가 선택(차슈 추가)),텐동（붕장어＋왕새우&야채 튀김 덮밥）/1(추가 선택(mini라멘육수 （돈고츠）)),텐동（붕장어＋왕새우&야채 튀김 덮밥）/2,가라아게（닭튀김） 사이드 메뉴/1
          ","다시 주문 안할거같아요
배달이라 그래도 텐동..바삭함 1도없음
튀김 구성도 별로. 닭가라아게 개개개개비쌈 양보고 깜짝놀램!
라멘은 쏘쏘한듯."
Jazz&라멘,2020년 12월 16일,1,1,1,"
            텐동（붕장어＋왕새우&야채 튀김 덮밥）/1
          ","텐동 먹었는데요. 튀김에는 먹지도 못하는 새우 머리가 절반이고, 붕장어는 엄~청 작은 걸로 넣으셨네요? 게다가 국은 상했는지 냄새가 나서 먹지도 못하고 버렸습니다. 하도 황당해서 난생 처음 리뷰를 다 써보네요. 만이천원 내고 이런 음식이라니 정말 최악입니다. 환불하려다 참았습니다."
Jazz&라멘,2020년 12월 16일,1,4,4,"
            텐동（붕장어＋왕새우&야채 튀김 덮밥）/1
          ",붕장어텐동 주문했는데 장어가 아예 빠져서 왔어요. 먹는 도중에 아무리 찾아도 없길래 음식점에 연락할까하다가 또 다시보내주거나 아니면 사진찍어서 보내라거나 등 귀찮은 일 해야할거같아서 그냥 말았습니다. 대신 호박이 더 많이 들어가있는거 같았는데 주요메뉴가 빠지는거면 미리 공지를 해주시는게 맞지 않나요? 아마 장어때문에 가격도 더 높게 책정된거일텐데 기분이 아주 안좋았습니다.
Jazz&라멘,2020년 11월 26일,5,3,5,"
            돈고츠 라멘（진한맛）/1(추가 선택(mini 챠항（챠슈 볶음밥）추가,차슈 추가)),차슈 덮밥（BBQ 덮밥）/1(추가 선택(차슈 추가))
          ","맛있고 배달고 빠르고 양도 많습니다. 

다만, 차슈추가를 두개했는데 한개만 추가된 거 같아서요...
확인바랍니다."
Jazz&라멘,2018년 5월 1일,1,1,4,"
            신선한연어회덮밥/1,연어추가/2,낫또토핑/1
          ","흠... 처음 음식 개봉사진 입니다. 
제가 평점을 이렇게 드려 가게 사장님께 죄송한데요.
제가 먹어본 요기요 음식점 중에 다섯손가락으로 꼽을 수 있을 정도로 맛이 없습니다. 거짓말 1도 안보내고요.
제가 연어덮밥, 사케동, 연어사시미 정말 좋아하는데요. 
연어에서 쉰내가 나고요.  혹시 연어 언제 잡으신건가요? 식감으로 봐서는 4,5일은 넘은듯 싶은데요.  .. 음... 제가 이렇게 평점 낮게 드린 곳은 처음입니다. 
뭐라 더 드릴 말씀이 없습니다. 장국이 제일 맛있었어요."
신의주순대와쭈꾸미-이태원점,2022년 2월 15일,3,3,5,"
            순대국/2(조리 선택(조리 후 배달),구성 선택(일반)),공기밥/1
          ",순대국 맛은 괜찮았는데 밥이 너무 적어요...한그릇 더시키길잘했네요
신의주순대와쭈꾸미-이태원점,2021년 12월 18일,3,3,1,"
            순대국/1(조리 선택(조리 후 배달),구성 선택(일반),추가선택(특으로 변경)),묵사발/1
          ",그냥그래요.....
신의주순대와쭈꾸미-이태원점,2021년 8월 23일,2,2,1,"
            한우소머리국밥/1(조리 선택(조리 후 배달)),쭈꾸미볶음（공기밥 미제공）/1(사이즈 선택(小)),석박지 700g/1,모듬순대 한접시/1,묵사발/1,공기밥/3,콜라 355mL/1,환타（오렌지） 355mL/1
          ","주문한 품목들도 제대로 다 안오고, 다시 갖다주겠다는것도 아니고, 영수증이나 내역서도 없고, 다음에 적립시켜드리냐니.. 다음에 또 주문하고 싶겠어요? 제법 시켰던곳인데.. 주문할일 없을것같네요^^"
신의주순대와쭈꾸미-이태원점,2021년 7월 4일,5,3,5,"
            순대국/2(조리 선택(조리 후 배달),구성 선택(순대만))
          ","맛있습니다.
공기밥을 조금만 더주시면 감사하겠습니다.."
신의주순대와쭈꾸미-이태원점,2021년 1월 2일,2,3,4,"
            쭈꾸미볶음（공기밥 미제공）/1(사이즈 선택(小))
          ",맛이  약간  아쉬웠지만 그런데로  좋았음
신의주순대와쭈꾸미-이태원점,2020년 12월 27일,4,3,5,"
            수육국밥/1(조리 선택(조리 후 배달)),모듬순대 한접시/1
          ",모둠순대에 고기가 없네요? 사진에는 살코기 있던데...? 원래 없나요?
애드리안윤카페,2020년 12월 10일,3,5,5,"
            벨기에 정통 와플/1(수량 선택(1개)),구운 도넛/2,자색고구마칩（1봉）/1
          ","일단 배달이 정말 빨라서 좋았는데 도너츠가 정말 생각보다 많이 작아요..ㅎㅎ 검지손가락정도 크기에요
맛은 제가 생각했던 빵같은 도너츠는 아니었고 버터쿠키같은 맛이에요
그래서 딱 이정도 크기가 적당했던것 같네요 더 컸으면 너무 달았을것 같습니다
와플은 정말 맛있어요 와플 꼭 드세요"
애드리안윤카페,2020년 10월 7일,3,1,5,"
            나폴리 정통 커피/1(기본(아메리카노 HOT),추가 선택(샷 추가)),수제 소시지 안주/1
          ","소시지 만원짜린데 좀... 이런 양과 퀄은 처음봤어요
차라리 메뉴 빼는게 나을듯요
커피는 괜찮았어요"
봉추찜닭-충정로점,2021년 10월 6일,4,3,5,"
            순살 찜닭 中（ 2~3인）/2(추가 선택(당면사리 추가),추가 선택(서비스 콜라 355ml),추가 선택(젓가락 4개)),공기밥/6
          ",고기가 넘 쪼끔이에여
봉추찜닭-충정로점,2021년 3월 27일,4,2,5,"
            찜닭반마리（2인）/1(추가 선택(당면사리 추가),추가 선택(서비스 콜라 355ml))
          ","물건을 잘못담아주신건지 배달기사분이 잘못하신건지
동치미가 다 쏟아져서 홍수가나서 왔네요.. 당면추가를 했는데 리뷰랑은 다르게 당면양도 기본양이구.. 근데 맛은 괜찮습니다~ 참고하세요"
봉추찜닭-충정로점,2021년 3월 2일,5,3,5,"
            찜닭반마리（2인）/1(추가 선택(서비스 사이다 355ml))
          ",맛있게 잘 먹었습니다 배송은 좀걸렸지만 맛있었어요~
봉추찜닭-충정로점,2020년 12월 28일,3,3,5,"
            찜닭반마리（2인）/1(추가 선택(당면사리 추가),추가 선택(서비스 콜라 355ml))
          ",잘 먹었습니다......
봉추찜닭-충정로점,2020년 7월 4일,4,3,5,"
            찜닭小（2인）/1(추가 선택(서비스 사이다 355ml),추가 선택(젓가락 2개))
          ","2인분이 닭반마리 더라구요
둘이서 맛있게 잘 먹었습니다"
봉추찜닭-충정로점,2020년 6월 21일,1,1,5,"
            찜닭小（2인）/1(추가 선택(서비스 콜라 355ml))
          ",맛이없대요~~애들이
봉추찜닭-충정로점,2020년 2월 27일,1,1,5,"
            찜닭小（2인）/1(추가 선택(당면사리 추가),추가 선택(서비스 콜라 355ml),추가 선택(젓가락 2개))
          ","저번에 먹엇을때 맛잇엇는데
최악이네요 밍밍한국물, 병아리같은 닭 너무하다 싶을정도로 닭이작고 먹을게없음 당면좋아하시는분께는 추천 당면만 엄청많음.. 진짜 맛잇어서 꾀 시켜먹엇는데 손절합니다"
봉추찜닭-충정로점,2020년 2월 14일,3,5,3,"
            찜닭中（3인）/1(추가 선택(서비스 콜라 355ml))
          ",살이 퍽퍽한거 말곤 당면도 많고 좋앗어요
봉추찜닭-충정로점,2020년 2월 6일,3,3,5,"
            찜닭小（2인）/1(추가 선택(서비스 콜라 355ml),추가 선택(젓가락 4개))
          ","먹기전에 올립니다...
배달왔는데 사진에서 보다시피 뚜껑이 꽉 닫혀져있지 않은 상태에서 국물이 다 새서 기분이 별로 좋지않네요..
음식은 먹어봐야 알겠지만 다음부터는 더 신경써서 보내주셨으면 좋겠습니다."
봉추찜닭-충정로점,2019년 12월 13일,3,3,5,"
            찜닭小（2인）/1(추가 선택(당면사리 추가),추가 선택(서비스 사이다 355ml))
          ",배달도 빠르고 좋았어요 :) 제가 당면 욕심을 너무 많이 부린건지 추가까지했더니 결국 다못먹었어요 ㅠㅠㅠㅠㅠ 먹어도먹어듀 끝이 안나더라고요..ㅋㅋㅋㅋㅋㅋㅋㅋㅋㅋㅋㅋㅋㅋㅋ 맛은 평범한 찜닭맛이라 무난하게 먹을수잇을것같고요 저는 맵찔이라서 쵸큼 매웠어요 ㅎㅎㅎㅎ 사장님 손편지에 감동받고 갑니다~
봉추찜닭-충정로점,2019년 12월 7일,3,1,5,"
            찜닭小（2인）/1(추가 선택(서비스 사이다 355ml))
          ","닭 양이 적네요. 기대가 컸나봐요.
당면은 많이 주셨어요."
봉추찜닭-충정로점,2019년 12월 1일,3,5,5,"
            찜닭小（2인）/1(추가 선택(서비스 콜라 355ml),추가 선택(젓가락 2개))
          ","잘먹었어요 양많아요
배달빠르고"
봉추찜닭-충정로점,2019년 11월 15일,3,4,5,"
            찜닭小（2인）/1(추가 선택(서비스 콜라 355ml),추가 선택(젓가락 3개))
          ","손글씨 편지와 서비스 콜라 좋았어요
비오는 날인데 배달도 빨랐네요"
봉추찜닭-충정로점,2019년 3월 28일,3,3,5,"
            찜닭小（2인）/1(추가 선택(당면사리 추가),추가 선택(서비스 콜라 355ml),추가 선택(젓가락 개수선택)),공기밥/1
          ",잘먹었습니더!!!!!
봉추찜닭-충정로점,2019년 3월 4일,3,5,5,"
            찜닭小（2인）/1(추가 선택(당면사리 추가),추가 선택(서비스 콜라 355ml))
          ","사이다를 신청했는데 콜라가와서 살짝 아쉽긴했지만ㅠ
양도 풍성하고 맛도있었어요.:)
임신중이라서 큰 냄비에 옮겼는데 한가득차더라구요.
쪽지도 기분좋았어요-^-^"
봉추찜닭-충정로점,2019년 1월 19일,3,5,5,"
            찜닭小（2인）/1
          ","배달도 빠르고 콜라에 손편지까지 감사합니다...!
맛은 국물이 좀 많고 간이 덜 베어있어서 살짝 아쉬웠습니다. 그래도 당면 정말 많이 주시고 잘 먹었습니다~!"
봉추찜닭-충정로점,2018년 11월 23일,1,1,5,"
            찜닭小（2인）/1
          ",닭고기가 한마리도 안들어간 듯 . 고기양이 너무 적다   매장가서 먹으면 많은데 .. 양이 너무 적고 맛은 그냥 쏘쏘
봉추찜닭-충정로점,2018년 10월 30일,1,1,4,"
            찜닭小（2인）/1,소주/2
          ",ㅇㅏ~~~~주  잘 먹었습니다.
노량진수산시장벌교아줌마,17시간 전,5,3,5,"
            양에 놀라는 고급모듬회（大）/1(매운탕거리 서비스 선택(매운탕거리 서비스 추가),회두께 선택(회두께 보통),젓가락 선택(젓가락 미포함))
          ","맛있게 먹었어요.
근데 양이 많지는 않네요...
담엔 모듬 보다는 단품으로 구매할 듯 해요."
노량진수산시장벌교아줌마,2022년 3월 20일,5,1,5,"
            잿_방어_특대/1
          ",14만원 주고 방어만 먹었는데 양 진짜 심하다 생각들고 다시는 안 시켜먹을 것 같네요
노량진수산시장벌교아줌마,2022년 2월 26일,4,2,5,"
            양에 놀라는 고급모듬회（小）/1(매운탕거리 서비스 선택(매운탕거리 서비스 추가),회두께 선택(회두께 보통),젓가락 선택(젓가락 포함))
          ",맛은있는데 양이.. 배달비 생각하면어쩔수없죠..
노량진수산시장벌교아줌마,2022년 1월 22일,2,3,4,"
            양에 놀라는 고급모듬회（小）/1(매운탕거리 서비스 선택(매운탕거리 서비스 추가 안함),회두께 선택(회두께 보통),젓가락 선택(젓가락 미포함))
          ",전에 인원이 많아 전화로 大자 3개나 시켰다가 회가 싱싱해서 재주문했어요. 배달하시는 분은 주소를 잘못읽으셔서 다른건물로 가셨다 오셨고 다른회는 괜찮았는데 연어랑 껍질있는 회는 축쳐져서 탄력없고 싱싱하지 않았어요 기대했는데 정말 실망했어요
노량진수산시장벌교아줌마,2022년 1월 22일,2,4,4,"
            [겨울메뉴] 방어가 돌아왔다/1(사이즈 선택(소),매운탕거리 서비스 선택(매운탕거리 서비스 추가 안함),회두께 선택(회두께 얇게),젓가락 선택(젓가락 미포함))
          ","방어를 시켰는데 포장지 뜯기 전부터 비린내가 나길래 설마했는데..
먹어보니 좀 비리더구요..
그래서 와사비랑 먹으니 좀 괜찮아서 먹긴했지만 좀 실망스러웠어요.."
노량진수산시장벌교아줌마,2022년 1월 13일,2,1,3,"
            방어_소/1
          ","몇번 시켰던집이라 믿고 오랜만에 다시 시켰는데 양과 퀄리티가 많이 아쉬워졌습니다
접시에 절반정도만 회가 올라와있고 나머지는 무순과 야채로 채워져있어 당황 스러웠습니다
회도 마블링 하나 없는 붉은부분(냉동참치같은) 만 많이 넣어주시구요 
일반 횟집에서 가성비로 먹을수도 있지만 좀더 주고 노량진을 이용하는 메리트가 없어진것같아 아쉽습니다"
노량진수산시장벌교아줌마,2022년 1월 1일,4,1,1,"
            양에 놀라는 고급모듬회（中）/1(매운탕거리 서비스 선택(매운탕거리 서비스 추가),회두께 선택(회두께 얇게),젓가락 선택(젓가락 포함))
          ",아니 양이 소자도 아니고 배달 3시간 양  안만 연말이라도 이것 아니지요 장사 참 잘하시네요
노량진수산시장벌교아줌마,2021년 12월 11일,5,3,1,"
            [겨울메뉴] 방어가 돌아왔다/1(사이즈 선택(중),매운탕거리 서비스 선택(매운탕거리 서비스 추가),회두께 선택(회두께 보통),젓가락 선택(젓가락 포함))
          ","정말 솔직하게 맛은 있습니다
다만 배달 예상시간보다 40분 넘게 받았으니 두시간이 넘게 걸린건데, 예상시간보다 길어짐에도 연락이 없었으나
가게에선 음식이 이미 나갔다, 기사님이 전화했다고 하셨으나 부재중 전화 없었습니다..
기사님 얘길 못 들어서 한쪽 의견만 들은거라 누구 말이 맞는지 모르겠지만
음식 먹기 전부터 추운데서 픽업 기다리느라 감정이 상한걸 감안해도 양은 모르겠으나 맛은 괜찮았습니다
다만 배달 받는거 자체로 너무 질려버려서 지인들한테 추천은 못 할 것 같습니다..."
노량진수산시장벌교아줌마,2021년 12월 10일,4,3,4,"
            양에 놀라는 고급모듬회（小）/1(매운탕거리 서비스 선택(매운탕거리 서비스 추가),회두께 선택(회두께 보통),젓가락 선택(젓가락 포함))
          ","양은 좀 적었지만 회는정말 만족합니다^^
다음번에 또 시킬깨요~~~"
노량진수산시장벌교아줌마,2021년 12월 5일,4,2,3,"
            양에 놀라는 고급모듬회（小）/1(매운탕거리 서비스 선택(매운탕거리 서비스 추가 안함),회두께 선택(회두께 보통),젓가락 선택(젓가락 미포함))
          ",양이 현격하게 많이 줄어듬요
노량진수산시장벌교아줌마,2021년 11월 27일,3,2,2,"
            양에 놀라는 고급모듬회（中）/1(매운탕거리 서비스 선택(매운탕거리 서비스 추가),회두께 선택(회두께 보통),젓가락 선택(젓가락 포함))
          ",생각보다 양이작았네요 ;; 배달7만원 중자였는데 ..
노량진수산시장벌교아줌마,2021년 11월 22일,1,2,5,"
            양에 놀라는 고급모듬회（小）/1(매운탕거리 서비스 선택(매운탕거리 서비스 추가),회두께 선택(회두께 얇게),젓가락 선택(젓가락 포함))
          ","배달만 빨리 왔네요

전에  맛나서  다시 시켰는데  이번엔  많이 맛없고 

매운탕거리도  별로고   아쉽습니다"
노량진수산시장벌교아줌마,2021년 11월 13일,2,2,1,"
            양에 놀라는 고급모듬회（小）/1(매운탕거리 서비스 선택(매운탕거리 서비스 추가),회두께 선택(회두께 두껍게),젓가락 선택(젓가락 미포함))
          ",ㅇㅈ
노량진수산시장벌교아줌마,2021년 11월 11일,3,3,3,"
            [겨울메뉴] 방어가 돌아왔다/1(사이즈 선택(중),매운탕거리 서비스 선택(매운탕거리 서비스 추가 안함),회두께 선택(회두께 얇게),젓가락 선택(젓가락 미포함))
          ",그럭저럭 먹을만해요
노량진수산시장벌교아줌마,2021년 11월 9일,2,2,1,"
            양에 놀라는 고급모듬회（小）/1(매운탕거리 서비스 선택(매운탕거리 서비스 추가),회두께 선택(회두께 보통),젓가락 선택(젓가락 포함))
          ","회에 가시가 있고요…… 
후기처럼 매운탕거리랑 회에 비늘 덜 벗겨져 있어요. 
고추, 마늘도 없어요.
매운탕에도 야채 없어요.

그리고 배달시간 2시간 넘게 기다렸어요.
이럴거면 제가 노량진 가서 사오죠 .. 
그냥 대기시간 120분 적어 놓으심이 어떠세요..?
직원인지 사장인지는 모르겠는데 전화 했는데 너무 불친절하다고 느꼈어요.

요청사항에 초밥물 부탁드렸는데 없었는지 안주셨어요."
노량진수산시장벌교아줌마,2021년 10월 30일,4,1,1,"
            [겨울메뉴] 방어가 돌아왔다/1(사이즈 선택(중),매운탕거리 서비스 선택(매운탕거리 서비스 추가),회두께 선택(회두께 두껍게),젓가락 선택(젓가락 미포함))
          ","자주시키던곳이라 배달이 늦어도 이해했습니다..
예전엔 양도많고 싱싱했는데
양도 확줄고ㅜ 이게84000이라니
생선비늘도 너무나왔어요ㅜ
거기다 매운탕엔 왠 연어가..?
연어매운탕은 첨이에요
평도좋고 괜찮게생각한곳이였는데
이번엔 좀 실망했어요"
노량진수산시장벌교아줌마,2021년 10월 16일,1,1,1,"
            양에 놀라는 고급모듬회（小）/1(매운탕거리 서비스 선택(매운탕거리 서비스 추가),회두께 선택(회두께 보통),젓가락 선택(젓가락 포함))
          ","여기 변했네요 맛있게 먹었던기억에 가족모임에 시켰는데 2시간이 넘게걸려 배달온데다가 양이 적은것도 모자라 찌그래기 모아놓은듯 아주 회를 조사놓았네요 꽤 괜찮은집이라고 말해놓았는데 민망할지경입니다. 사진도 찍고싶지않아서 사진은 패쓰, 젤작은조각은 1센티? ㅎ ㅎ  사장님이 바뀐건지 장사철학이 변심하신건지 예전 두툼하고 양많던 회는어디가고 대 대 실망입니다"
노량진수산시장벌교아줌마,2021년 10월 15일,1,1,1,"
            양에 놀라는 고급모듬회（小）/1(매운탕거리 서비스 선택(매운탕거리 서비스 추가),회두께 선택(회두께 얇게),젓가락 선택(젓가락 미포함))
          ",동네에서 시켜먹는게 더 빠르고 맛잇을듯
노량진수산시장벌교아줌마,2021년 9월 26일,5,3,4,"
            양에 놀라는 고급모듬회（小）/1(매운탕거리 서비스 선택(매운탕거리 서비스 추가 안함),회두께 선택(회두께 보통),젓가락 선택(젓가락 미포함))
          ",노량진수산시장 모듬회가 그리워서 배달앱으로 처음 시켜봤습니다. 가격대비 양은 많지 않았으나 기대했던 맛이어서 맛있게 먹었습니다. 회 종류가 다양하고 신선합니다. 빠르고 정확한 배송도 좋았습니다. 많이 파세요.
노량진수산시장벌교아줌마,2021년 9월 19일,5,3,5,"
            양에 놀라는 고급모듬회（小）/1(매운탕거리 서비스 선택(매운탕거리 서비스 추가),회두께 선택(회두께 보통),젓가락 선택(젓가락 미포함))
          ","어중간한 횟집보다 훌륭!!!
하지만 양은 노량진 치고는 좀 적지만.... 배달료랑 생각하면...
연어는 좀 뺏으면 싶은 마음...."
노량진수산시장벌교아줌마,2021년 9월 10일,1,1,1,"
            여름보양식 민어회/1(사이즈 선택(대),매운탕거리 서비스 선택(매운탕거리 서비스 추가),회두께 선택(회두께 두껍게),젓가락 선택(젓가락 포함),사이드 메뉴 추가 선택(고급 생연어회 추가))
          ","배달 3시간만에 받은 것 같네요
별다른 안내도 없고요
민어 끝물이라 좀 푸짐하게 먹을 줄 알았는데
아래 민어 15만원짜리이고
위에 연어 추가 2만원짜리 입니다
이럴꺼면 그냥 횟집가서 먹을껄 그랬네요
정말 오랜만에 전혀 만족스럽지 않은 식사였습니다."
노량진수산시장벌교아줌마,2021년 9월 8일,2,3,3,"
            양에 놀라는 고급모듬회（大）/1(매운탕거리 서비스 선택(매운탕거리 서비스 추가),회두께 선택(회두께 두껍게),젓가락 선택(젓가락 포함))
          ","배달 시간이 늦은건 중간에 연락 주셔서 양해할 수 있습니다.
근데 회는 활어는 결코 아니고 선어라고 하더라도 육질이 퍽퍽하고 느끼한 맛이 나는게 불편했습니다.
노량진수산시장이라 기대가 너무 컸었나 봅니다."
노량진수산시장벌교아줌마,2021년 9월 1일,1,1,1,"
            줄무늬전갱이_회/1(사이즈 선택(특대),매운탕거리 서비스 선택(매운탕거리 서비스 추가 안함),회두께 선택(회두께 보통),젓가락 선택(젓가락 포함))
          ",별루였어요 퍽퍽한 하질
노량진수산시장벌교아줌마,2021년 8월 21일,1,2,2,"
            양에 놀라는 고급모듬회（小）/1(매운탕거리 서비스 선택(매운탕거리 서비스 추가),회두께 선택(회두께 보통),젓가락 선택(젓가락 포함))
          ","정말 회를 먹으면서 느끼하다는 느낌은 처음 받은 것 같네요. 어느정도 돈을 주고 시킨거라 더 먹어보려 했는데..연어가 느끼한 경우는 있었지만 광어와 우럭이 신선한건 아니더라도 쫄깃한 느낌도 없고 대체 어떻게 날 것인데 이렇게 느끼할 수가 있는 건가요..
초장을 찍어 먹어도 안되더군요..놀랐습니다..
먹다가 포기했습니다. 맛있었다면 돈이 아깝지 않았을텐데 안타깝네요..
양은 충분히 많습니다..배달은 저녁시간이라 1시간 20분정도 걸린점은 감안합니다..맛이 정말...아쉽네요"
노량진수산시장벌교아줌마,2021년 8월 20일,3,3,4,"
            양에 놀라는 고급모듬회（小）/1(매운탕거리 서비스 선택(매운탕거리 서비스 추가),회두께 선택(회두께 보통),젓가락 선택(젓가락 미포함))
          ",노량진에서 배달 된다해서 시켜봤는데 좀 실망이네요. 회가 싱싱하질 않아요. 물컹 거린다 할까.. 직접 가서 사와야 겠어요.
노량진수산시장벌교아줌마,2021년 8월 9일,3,5,2,"
            양에 놀라는 고급모듬회（小）/1(매운탕거리 서비스 선택(매운탕거리 서비스 추가),회두께 선택(회두께 보통),젓가락 선택(젓가락 포함))
          ",굿굿좋아요 ᆢㄹㆍㄹ
노량진수산시장벌교아줌마,2021년 8월 8일,1,1,1,"
            양에 놀라는 고급모듬회（小）/1(매운탕거리 서비스 선택(매운탕거리 서비스 추가),회두께 선택(회두께 보통),젓가락 선택(젓가락 포함))
          ",비려요...........
노량진수산시장벌교아줌마,2021년 8월 1일,3,5,4,"
            여름보양식 민어회/1(사이즈 선택(대),매운탕거리 서비스 선택(매운탕거리 서비스 추가 안함),회두께 선택(회두께 얇게),젓가락 선택(젓가락 포함))
          ",민어가 있어서 배달했는데 뱃살 고소한맛이 적고 등살 밋밋하네요.... 왜그런가요? 껍질은 맛있어요
노량진수산시장벌교아줌마,2021년 7월 25일,5,3,5,"
            양에 놀라는 고급모듬회（小）/1(매운탕거리 서비스 선택(매운탕거리 서비스 추가),회두께 선택(회두께 보통),젓가락 선택(젓가락 미포함))
          ","첫주문!!
마싯게 잘먹긴 했는데 양에비해 가격이^^;;"
노량진수산시장벌교아줌마,2021년 7월 24일,3,5,5,"
            양에 놀라는 고급모듬회（小）/1(매운탕거리 서비스 선택(매운탕거리 서비스 추가 안함),회두께 선택(회두께 보통),젓가락 선택(젓가락 미포함))
          ",와사비를 안주셨어요..
노량진수산시장벌교아줌마,2021년 7월 18일,4,3,4,"
            양에 놀라는 고급모듬회（小）/1(매운탕거리 서비스 선택(매운탕거리 서비스 추가),회두께 선택(회두께 보통),젓가락 선택(젓가락 미포함))
          ","매운탕을 주문했는데, 야채등이 같이 안와서 실망하였습니다 ㅠ 옵션 선택 부분에 명시를 해주시면 좋겠습니다."
노량진수산시장벌교아줌마,2021년 7월 17일,1,1,1,"
            민어 모듬회/1(사이즈 선택(소),매운탕거리 서비스 선택(매운탕거리 서비스 추가),회두께 선택(회두께 보통),젓가락 선택(젓가락 포함))
          ","1시간반걸린대서 시켰는데 3시간이 걸리네요 장난하시나요 이러면 주문 안받으셔야지요ㅡㅡ

퀵 기사 전화주라니 세번이나 씹으시고 이딴 곳은 장사하지말아야지요 

가격은 개비싸고 거지같이 기분만 상하고 손님모셔놓고 미안해죽겠네요ㅡㅡ"
노량진수산시장벌교아줌마,2021년 7월 4일,2,3,4,"
            양에 놀라는 고급모듬회（小）/1(매운탕거리 서비스 선택(매운탕거리 서비스 추가),회두께 선택(회두께 보통),젓가락 선택(젓가락 포함))
          ",기대를 너무많이했나봐요.회가 많이말라있어서 맛이없고 연어는 비린내가특히 더많이났어요.가까운데서 신선하게 시켜먹는게 좋을거같아요.구성이나 포장상태는 괜찮아요.
노량진수산시장벌교아줌마,2021년 5월 29일,1,1,1,"
            양에 놀라는 고급모듬회（中）/1(매운탕거리 서비스 선택(매운탕거리 서비스 추가),회두께 선택(회두께 두껍게),젓가락 선택(젓가락 미포함))
          ",아직 안 왔습니다.  너무 오래 걸리네요
노량진수산시장벌교아줌마,2021년 5월 26일,5,3,5,"
            양에 놀라는 고급모듬회（小）/1(매운탕거리 서비스 선택(매운탕거리 서비스 추가 안함),회두께 선택(회두께 보통),젓가락 선택(젓가락 미포함))
          ",맛있게 잘 먹었습니다~
노량진수산시장벌교아줌마,2021년 5월 21일,2,2,5,"
            양에 놀라는 고급모듬회（小）/1(매운탕거리 서비스 선택(매운탕거리 서비스 추가),회두께 선택(회두께 보통),젓가락 선택(젓가락 포함))
          ",매운탕이 생선이라 양념만 있네요ㅡㅡ 야채가 없어 아쉽네요. 생선회도 여러개가 있어 비싼거겠죠? 저희집은 벌루였어요...;; 양이 적어서 나중에 다른걸 또 먹었네요. 2명인데;; 잘먹었습니다
노량진수산시장벌교아줌마,2021년 5월 5일,2,2,5,"
            양에 놀라는 고급모듬회（中）/1(매운탕거리 서비스 선택(매운탕거리 서비스 추가),회두께 선택(회두께 보통),젓가락 선택(젓가락 미포함))
          ",항상 시켜먹었는데 오늘은 좀 싱싱한 감이 덜했습니다 다음에 다시 시킬 때는 싱싱한 애들로 잘 부탁해요 여태까지 대방어가 최고 였슴
노량진수산시장벌교아줌마,2021년 5월 1일,3,5,5,"
            양에 놀라는 고급모듬회（中）/1(매운탕거리 서비스 선택(매운탕거리 서비스 추가),회두께 선택(회두께 두껍게),젓가락 선택(젓가락 미포함))
          ","전혀 가게를 비방하거나 영업 방해하게할 마음이 없음을 밝힘니다..

회를 미리 떠놓은걸 주셔서 죄다 퍼석퍼석하고 쫄깃하거니 탱글한맛이 없어요.
우럭은 정말 최악일정도에요. 쫄깃탱글 식감으로 좋아하는데 퍼석해서 쫄깃이나 탱글은 찾아볼수가없어요

처음 구성이나 양보고 이가격이면 가성비최고라 생각했는데 이렇게 떠놓으신 회인줄 알았으면 안시켰을거같아요. 

어플에 문제가 있어서 대응이나 전화통화는 엄청 친절하셨어요. 그리고 두껍게 떠달라고했는데 이미떠놓은걸 주셔서그런지 두껍지 않네요"
노량진수산시장벌교아줌마,2021년 4월 13일,1,4,2,"
            양에 놀라는 고급모듬회（大）/1(매운탕거리 서비스 선택(매운탕거리 서비스 추가),회두께 선택(회두께 보통),젓가락 선택(젓가락 포함))
          ","코로나로 인한상황에 나쁜글은 전혀 쓰고싶지않지만, 8만5천원주고 시킨거에 쌈장2개, 간장을 저렇게 작은걸로 2개, 와사비도 안주시고 좀 너무하지않나 싶네요. 그리고 생선들도 숙성을 지나치게해서 거의 식감이 눅진하고 쾌쾌한냄새도 심합니다. 요즘같은 날씨에 이건좀 위험하다 싶네요. 좋은음식과 좋은 시간을 보내려했는데, 음식이 영 ... 리뷰보고 시키시는분들은 믿거 하세요."
노량진수산시장벌교아줌마,2021년 4월 3일,1,3,4,"
            양에 놀라는 고급모듬회（小）/1(매운탕거리 서비스 선택(매운탕거리 서비스 추가),회두께 선택(회두께 보통),젓가락 선택(젓가락 미포함))
          ","정말 맛없습니다.
숭어만 보통맛이고, 나머지 회는 물컹 물컹 흘러내리고, 냄새나고 정말 인생에 있어서 최악의 회입니다. 노량진 수산시장에가서 단골집에서 직접 사와도 되는데, 요기요에서 처음으로 주문해 봤는데, 심하게 자책 하고 있습니다."
노량진수산시장벌교아줌마,2021년 4월 3일,3,4,2,"
            양에 놀라는 고급모듬회（中）/1(매운탕거리 서비스 선택(매운탕거리 서비스 추가),회두께 선택(회두께 보통),젓가락 선택(젓가락 미포함))
          ",양은 많아요. 회는 활어회 아니고 숙성회 느낌... 많이 숙성된 숙성회
노량진수산시장벌교아줌마,2021년 2월 4일,2,2,5,"
            양에 놀라는 고급모듬회（小）/1(매운탕거리 서비스 선택(매운탕거리 서비스 추가),회두께 선택(회두께 두껍게),젓가락 선택(젓가락 포함))
          ",개인적으론 그냥그래요..
노량진수산시장벌교아줌마,2021년 1월 30일,1,1,1,"
            양에 놀라는 고급모듬회（小）/1(매운탕거리 서비스 선택(매운탕거리 서비스 추가),회두께 선택(회두께 보통),젓가락 선택(젓가락 포함))
          ",맛이 ㅠㅜ 너무 별로네요.
노량진수산시장벌교아줌마,2021년 1월 29일,5,3,5,"
            양에 놀라는 고급모듬회（中）/1(매운탕거리 서비스 선택(매운탕거리 서비스 추가),회두께 선택(회두께 보통),젓가락 선택(젓가락 포함))
          ",친구 추천으로 시켰는데 배달은 한시간반정도 걸렸고 포장도 깔끔하게 해주셨어요  매운탕 거리도 깔끔하게 아이스팩포장까지 해주셨어요~~ 다만 아쉬운건 양이 많지가 않아요ㅠㅠ 아래 무채양이 너무많아요ㅠㅠ 그치만 너무신선하게 맛있게 먹겠습니다~!
노량진수산시장벌교아줌마,2021년 1월 25일,2,4,1,"
            돼지방어 [대방어 ] 10kg이상사용/1(사이즈 선택(소),매운탕거리 서비스 선택(매운탕거리 서비스 추가),회두께 선택(회두께 두껍게),젓가락 선택(젓가락 포함))
          ","대박어하면 막장이나 묵은지가 있었으면 좋았겠어요 ㅎㅎㅎ  약간 비린맛에 나네요 ㅠㅠ 배달까지 총 2시간 30분 정도 걸리네요. 오전 9시10분에 시켜서 11:34분에 받음 
대방어부위가 좀더 다양했으면 좋겠어요 ㅎㅎ"
노량진수산시장벌교아줌마,2021년 1월 23일,1,3,3,"
            양에 놀라는 고급모듬회（中）/1(매운탕거리 서비스 선택(매운탕거리 서비스 추가 안함),회두께 선택(회두께 두껍게),젓가락 선택(젓가락 포함))
          ","왠만하면 맛 없어도 그냥 먹는데;;
먹다가 하도 아닌거 같아서 리뷰써요. 달랑 초고추장에, 간장, 그리고 회. 달랑 박스에 3개지 끝.여기까지 그려려니 이해합니다. 근데요
손질은 어떻게 하셨나 먹는 내내 비늘 나오고요,
맛은 그냥 그런데 이상하게 식감은 흐물흐물,  쫀득쫀득 한 맛이 없구요; 마치 오래된 생선이나 오래 방치되서 남은 재료 쓴듯한 그런 냄새가 나네요;;;;;
리뷰 좋고 양 많다길래 시켰는데 진짜 쫌 아닌거 같아요; 장사 똑바로 하셨으면 좋겠네요"
노량진수산시장벌교아줌마,2021년 1월 10일,3,4,4,"
            양에 놀라는 고급모듬회（中）750g/1(매운탕거리 서비스 선택(매운탕거리 서비스 추가),회두께 선택(회두께 보통),젓가락 선택(젓가락 포함))
          ",푸짐하게 잘  먹었습니다
노량진수산시장벌교아줌마,2021년 1월 10일,1,1,1,"
            양에 놀라는 고급모듬회（中）750g/1(매운탕거리 서비스 선택(매운탕거리 서비스 추가),회두께 선택(회두께 두껍게),젓가락 선택(젓가락 포함))
          ","여기서 시키지 마세요. 두 점 먹고 리뷰씁니다.
랩 벗기기 전부터 비린내가 강했는데 먹는데 비린맛에 푸석푸석.

연어 좋아해서 평소에 연어 자주 먹는데 맛이며 식감이며 절대 신선한 회 아닙니다.

맛있게 모듬회 먹으려고 주문했는데 상태만 봐서는 언제 회뜬건지 모르는 생선들 조금씩 모아뒀네요

배달비 3000원 추가는 동의한 부분이고 그제 폭설로 이해는 되니 따로 말은하지 않겠습니다.

근데 맛이 가장 중요한 거잖아요?
다른 리뷰만 보고 맛있게 먹을 생각에 주문했는데 먹을 엄두가 도저히 안나네요."
노량진수산시장벌교아줌마,2021년 1월 9일,1,1,2,"
            양에 놀라는 고급모듬회（小）450g/1(매운탕거리 서비스 선택(매운탕거리 서비스 추가),사이드 메뉴(고급 생연어회 추가),회두께 선택(회두께 보통),젓가락 선택(젓가락 포함))
          ",4시간가까이 걸리는데 전화도 안받음
노량진수산시장벌교아줌마,2021년 1월 9일,3,3,1,"
            양에 놀라는 고급모듬회（小）450g/1(매운탕거리 서비스 선택(매운탕거리 서비스 추가 안함),회두께 선택(회두께 보통),젓가락 선택(젓가락 포함))
          ","글 잘안남기는데, 어제 배달4곳에서 음식시켰었습니다, 날씨때문에 배달이 최악인 상황에서 다른음식점은 정중하게 양해를 구해서 오래걸려도 잘먹었습니다, 그런데 이 집은 첫째. 배달 지연으로 인해 취소 할래 말래?. 둘째 회가 나오고 300미터도 안되는 거리를 15000원 나오니까 만원 부담할테니 오천원 배달비 더 내라. 내가 도와주는거다.(결재당시에 배달비용 이미 같이 계산함. 결국 5000원 더 냈음). 택시배송으로5000원 더 낼래 퀵으로 2만원낼래?.. 옆에있던 3명의 지인들이 모두 황당해 할정도로 서비스 마인드 엉망임."
노량진수산시장벌교아줌마,2021년 1월 9일,3,3,1,"
            돼지방어 [대방어 ] 10kg이상사용/1(사이즈 선택(중),매운탕거리 서비스 선택(매운탕거리 서비스 추가),회두께 선택(회두께 보통),젓가락 선택(젓가락 포함))
          ","무료 배달인데, 5천원 배달료 중간에 추가되고, 예상시간보다 30분 늦게 배달됨"
노량진수산시장벌교아줌마,2021년 1월 8일,1,1,1,"
            양에 놀라는 고급모듬회（中）750g/1(매운탕거리 서비스 선택(매운탕거리 서비스 추가 안함),회두께 선택(회두께 보통),젓가락 선택(젓가락 미포함))
          ","배달한지 3시간째인데 배달 안오고 전화도 다 꺼두시고 이거 보시면 배달을 보내긴 한건지 어쩐건지 전화 좀 해주시죠
배달이 어려우면 주문을 받지 마셔야죠 네비 검색하면 교통상황 다 나오는데 제가 직접 픽업해도 이거보다 빨리 가져오겠네요 배달 상황 안내바랍니다"
노량진수산시장벌교아줌마,2021년 1월 8일,3,5,1,"
            양에 놀라는 고급모듬회（小）450g/1(매운탕거리 서비스 선택(매운탕거리 서비스 추가),회두께 선택(회두께 보통),젓가락 선택(젓가락 포함))
          ","배달 오후 여섯시쯤 시켰는데 아홉시쯤 도착하네요.
그저 양과 맛으로만 승부하는 곳이에요 대전에서 서울로 집가는 길에 배달하시면 딱일거 같아요. 아그리고 배달요원없어서 추가로 배달요금 5000원 추가로 받습니다. 사실 아직도 도착안했네요.."
노량진수산시장벌교아줌마,2021년 1월 4일,4,3,5,"
            돼지방어 [대방어 ] 10kg이상사용/1(사이즈 선택(소),매운탕거리 서비스 선택(매운탕거리 서비스 추가),회두께 선택(회두께 두껍게),젓가락 선택(젓가락 미포함))
          ","집이 수산시장 근처라 30분만에 왔음.
양은 남자 1명이 먹기엔 많고 2명이 먹기엔 딱맞거나 살짝 아쉬울정도. 두께랑 맛은 좋은데. 
먹다 비늘 2번 나옴. 회를 숙성이 잘못된건지 전반적으로 너무 검은색임. 선도가 좀 걱정됬는데 역시나 밤부터 폭풍ㅅㅅ하고 회사 못나감."
노량진수산시장벌교아줌마,2021년 1월 2일,2,3,2,"
            양에 놀라는 고급모듬회（小）450g/1(매운탕거리 서비스 선택(매운탕거리 서비스 추가),회두께 선택(회두께 보통),젓가락 선택(젓가락 포함))
          ","후기가 너무좋아서 시켰는데 그냥 동네에서 시킬걸
그랬어요 회맛도 그저 그렇고 간장도 애기약컵에 주시는데 부족해요 탕도 다시 싯고 손질해야되요 
배달비 15000 도비싸지만 수산시장이라 큰맘먹고 시켰는데 저녁이라 배달온분한테 5000 을 더줘야된다해서 당황 ㅡㅡ 배달비 외에 추가로
배달오신분께 드린건  첨이예요  다른곳은 새벽에
시켜도 나와있는 배달비외엔 안받아요~~암튼 이상함"
호이차-숙대점,2021년 12월 14일,5,2,4,"
            흑당버블티/3(사이즈 선택(L),HOTorICE 선택(ICE))
          ","일부러 큰사이즈시켰는데 음료의 반이 얼음이네요. 더운날씨도 아닌데 이렇게 많이 넣을필요가 있을까요? 
맛은좋아요"
호이차-숙대점,2021년 9월 21일,2,1,4,"
            초코쉐이크 L/1(토핑 추가 선택(흑당펄 추가,치즈폼 추가)),바닐라라떼/1(ICEorHOT 선택(ICE))
          ",양도 적고 별로에요 ㅠㅠ
참숯죽마고우,2021년 1월 25일,1,1,5,"
            매운소갈비찜/1(사이즈 선택(中),추가 선택(공기밥 추가))
          ","리뷰는 다 사기다.
매운갈비찜에 기대감은... 
환불받고싶다.
매운갈비찜?  맛은 닝닝하고 국물은 맑은탕인가? 매운갈비찜시킨거 맞나싶다
배달음식 올때부터 빈정상했는데
배달음식에 숟가락.젓가락 없이오는데는첨본다.
메모까지 해서보냈는데도 안왔다.
숙소에서 어떻게 먹으라는건지... 참
고객센터 상담원이 통화했는데도
안나간다네 ㅎㅎㅎ
ㅠㅠ 짜증지대로네..."
참숯죽마고우,2020년 11월 3일,1,1,1,"
            매운소갈비찜/1(사이즈 선택(小))
          ","주문 실수하시면 빼도박도 못합니다


제 실수(카드 오류)로 똑같은 주문이 3번 됐는데 확인도 없이 일단 배달을 하시네요. 1분 단위로 똑같은 주소로 똑같은 주문이 3번 되면 전화로 확인은 하시는게 맞지 않을지. 예전에 다른 업체는 그렇게 하시더라고요. 도착도 한참 늦게 했는데 일단 수령은 해야 한다고 해서 수령은 합니다만 다시 주문하면 큰일나겠다는 생각이 듭니다.

더 웃긴건 1분 차이 똑같은 주소로 똑같은 주문 3번이고 배달은 한번에 왔는데 배달비는 세번 다 냈다는 점이네요."
참숯죽마고우,2020년 11월 3일,1,1,1,"
            매운소갈비찜/1(사이즈 선택(小))
          ","주문 함부로 하시면 큰일납니다.


제 실수(카드 오류)로 똑같은 주문이 1분 간격으로 3번 됐는데 확인도 없이 일단 배달을 하시네요. 1분 단위로 똑같은 주소로 똑같은 주문이 3번 되면 전화로 확인은 하시는게 맞지 않을까 싶네요. 예전에 다른 업체는 그렇게 하시더라고요. 도착도 한참 늦게 했는데 일단 수령은 해야 한다고 해서 수령은 합니다만 다시 주문하면 큰일나겠다는 생각이 듭니다."
참숯죽마고우,2020년 11월 3일,1,1,1,"
            매운소갈비찜/1(사이즈 선택(小))
          ","주문 함부로 하시면 큰일납니다.

제 실수(카드 오류)로 똑같은 주문이 3건이 잡수됐습니다. 확인 카톡 오자마자 고객센터랑 통화했는데 ARS밖에 안돼서 직접 매장이랑 통화가 안되더군요. 그러는 와중에 조리완료가 뜨고요. 제 잘못인건 알지만, 상식적으로 똑같은 주소로 똑같은 메뉴가 1분 사이에 계속 주문이 오면 확인전화를 한통은 해야 하지 않을까요? 배달비도 건건마다 별도로 붙는데 말이죠. 이전에 다른 업체는 그렇게 하시더라고요. 심지어 약속했던 시간보다 도착은 30분 늦었네요. 고객센터에서 수령은 해야 한대서 수령은 했습니다."
참숯죽마고우,2020년 10월 30일,3,1,3,"
            순한갈비찜/1(사이즈 선택(小),추가 선택(공기밥 추가))
          ",처음 리뷰 답니다. 갈비 4개 있고 / 공기밥 추가인데도 불구하고 밥 한숟가락 비어있는거 보고 너무 놀라서 사진찍고 애기만 먹었어요 간도 양도 초등학생 1인분./
소문난아구찜-사가정시장점,2021년 7월 2일,1,1,3,"
            아구찜（大）/1(맛 선택(보통))
          ",음식에서..벌레가 나왔네요..새우젓에 작은새우인가도 했지만 아무리봐도 벌레네요. 맛도 그다지.. 다시 시켜먹지는 못 할듯 해요.
승희장수곱창,2020년 12월 5일,3,5,5,"
            야채곱창/1
          ","면목  ㅡ2동네 15분 도착 번개배송
야채 보다 당면이 너무 많아..당면 곱창//
내 입맛이 조미료 맛에 길들여졋는지 몰라도...조미료 없는 맛..
어쩌다 질긴 것 걸리면 턱운동 필요."
승희장수곱창,2020년 10월 28일,2,4,5,"
            알곱창＋오돌뼈/1
          ",곱창 구석에서 이렇게 짧은 머리카락을 발견 했네요.....
승희장수곱창,2020년 9월 11일,1,1,1,"
            알곱창＋오돌뼈/1
          ",배달도 느리고 미안하다는말 한마디 없이 그냥 음식만 주고 가는 경우가 어딨죠? 그리거 먹다 남은거 줬나요?
승희장수곱창,2020년 6월 9일,1,5,5,"
            야채곱창/1
          ","좀어이가없엇는디 상추가 참 이게뭔지...?? 배달에다 그냥 썩은거 다 털어내는느낌... 집옆에상추가 더깨긋한거같아서 주워왓네요 당면은 다뿔고 콜라도 얼마나 따끈따끈하던지 
두번은 안먹을거같네요"
승희장수곱창,2019년 7월 24일,2,5,5,"
            야채곱창/1
          ",양은 정말 많아요. 다만 매콤한 맛 좋아하시는 분들은 야채곱창 시킬때 좀 매콤하게 해달라고 해야 될 것 같아요. 제가 먹은 것은 좀 밍밍해서요.
승희장수곱창,2019년 3월 25일,3,4,5,"
            야채곱창/1
          ",맛은 좋은 편이고 배달도 짱 빨라용~
오늘통닭-휘경점,2022년 1월 28일,1,5,5,"
            통닭뱅이/1
          ","튀긴 상태 최악이네요...잘라 놓으신거 한번 더 튀긴것 같아요 제가 딴 앱에서 리뷰 찾아봤어요 잘튀겨진거 하얗게 잘라진 단면이였는데 저희가받은건 자르고 또 튀기신것같네요
예전에 먹어봐서 알아요 오늘 온건 오래된느낌.....기름에 쪄든 느낌 .....쿠폰썼다고 이런거 주신거 아니죠?"
오늘통닭-휘경점,2022년 1월 7일,2,4,5,"
            77켄터키 후라이드/1
          ","염지가 덜된듯 하네요..
너무 밋밋한맛.."
오징어한마리빠진떡볶이-중화점,2021년 6월 13일,1,3,4,"
            D SET（1~2人 떡볶이＋오징어한마리튀김＋쿨피스450mL）/1(일회용품 선택(수저세트 필요없음),맛 선택(매운맛 5%（순한맛）),토핑 추가 선택(계란2개 추가),추가 선택(추가 안함))
          ",아....맛업ㄷㅏ 오징어튀김만 좋은듯 ㅠㅠ
오징어한마리빠진떡볶이-중화점,2021년 5월 31일,1,1,1,"
            D SET（1~2人 떡볶이＋오징어한마리튀김＋쿨피스450mL）/1(일회용품 선택(수저세트 필요없음),맛 선택(매운맛 5%（순한맛）),토핑 추가 선택(계란2개 추가),추가 선택(당면 추가))
          ",별로임... 맛없음...
곱창이빛나는밤애,2020년 1월 3일,4,2,4,"
            야채곱창볶음/1
          ",곱창 자체는 맛이 좀 싱거웠는데 소스랑 같이 먹으니 딱 괜찮았어요! 많이 자극적이지 않고 괜찮았어요 그런데 당면이 너무 많아서 버렸네요ㅜㅜ
곱창이빛나는밤애,2019년 12월 7일,3,3,1,"
            야채곱창볶음/1,깍두기볶음밥/1
          ",어플 배달알림뜰때까지 배달도 늦어서 별로 기분 안좋았는데 사진처럼 젓가락 수저 아무것도 안오고 혹시나해서 전화했더니 죄송하다는 말이 먼저 안나오고 가정집인줄 알아서 당연히 안넣었다는게 할말인가요? 밖이라서 돈주고 젓가락 사러갑니다 맛을떠나서 서비스완전 꽝이네요
먹쉬돈나-종각점,2021년 10월 30일,2,3,5,"
            해물떡볶이/1,볶음밥/1,김말이 （2pcs）/1,야끼만두 （2pcs）/1
          ","저는 떡복이에 라면이 있는 사진이 있길래 주문했는데 라면이 없었서 실망. (아마 따로 신청을 해야 하는 건가 봅니다)
맛은 개인적인것이라 참 뭐라 적기 뭐한데요. 저는 별로..
김말이하고 만두를 시켰는데 떡복이국물안에 넣어서 와서 다 불었네요.
다음에는 따로 따로 주세요 
김말이는 출발 2분후 도착이라고 되있던데 너무 불었네요...
하여간 저는 중간입니다
밥은 맛있게 먹었어요"
먹쉬돈나-종각점,2020년 9월 25일,1,4,5,"
            떡볶이 （2인분）/1(조리 선택(비조리),매운맛 선택(보통맛),떡볶이 선택 1(야채떡볶이),떡볶이 선택 2(야채떡볶이))
          ",옛날 맛이 전혀 아니네요 ㅠ
먹쉬돈나-종각점,2020년 8월 23일,1,2,4,"
            해물떡볶이/2,못난이 （2pcs）/1,야끼만두 （2pcs）/1,우동사리/1
          ","더운날씨에 조리하기 귀찮아서 조리된 떡볶이로 시킨건데, 맛이 너무 없어요;;; 맛이 너무 맹탕이라 결국 끓여서 먹었습니다. 부모님도 가서 먹는거랑 배달이랑 맛이 너무 다르다고 합니다"
먹쉬돈나-종각점,2020년 1월 7일,3,3,5,"
            떡볶이 （2인분）/1(조리 선택(비조리),매운맛 선택(매운맛),떡볶이 선택 1(야채떡볶이),떡볶이 선택 2(야채떡볶이),사리 추가(쫄면사리 추가,오뎅사리 추가))
          ",보통의맛.양념이랑 내용물다섞어서포장하는법이별로입니다
먹쉬돈나-종각점,2019년 11월 6일,3,2,5,"
            부대떡볶이/1,불고기떡볶이/1,치즈떡볶이/1,오뎅사리/1,계란 （2pcs）/1,쫄면사리/1,김말이 （2pcs）/1,못난이 （2pcs）/1
          ",직접가서 먹어야되나봐요^^
먹쉬돈나-종각점,2019년 11월 4일,3,3,5,"
            떡볶이 （2인분）/1(조리 선택(비조리),매운맛 선택(보통맛),떡볶이 선택 1(해물떡볶이),떡볶이 선택 2(야채떡볶이))
          ",맛이원래그랬는지 단맛이 거의없어서 아쉬웠어요
먹쉬돈나-종각점,2019년 7월 13일,1,2,5,"
            불고기떡볶이/1,해물떡볶이/1
          ",불고기1인분 해물 1인분 시켰는데 해물만 왔구요 양도 말도 안되게 적어요 다시 안시켜먹어요
먹쉬돈나-종각점,2019년 6월 17일,1,1,5,"
            떡볶이 （2인분）/1(조리 선택(비조리),매운맛 선택(순한맛),떡볶이 선택 1(치즈떡볶이),떡볶이 선택 2(불고기떡볶이),사리 추가(쫄면사리 추가))
          ",제 입맛엔 별로였어요. 기대가 컸는데.
먹쉬돈나-종각점,2019년 5월 17일,1,1,1,"
            떡볶이 （2인분）/1(조리 선택(완조리),매운맛 선택(보통맛),떡볶이 선택 1(야채떡볶이),떡볶이 선택 2(해물떡볶이))
          ",와.. 최악이에요 음식도 성의없어보고 2인분인데 양도 적고 맛도 없고 다시는 안먹고싶네요
남경-중구점,18시간 전,3,3,4,"
            3세트（탕수육＋짜장＋짬뽕）/1
          ",잘먹었어요. 탕수육이 좀 탔네요
남경-중구점,2022년 2월 16일,1,1,1,"
            삼선짬뽕/1,탕수육/1(사이즈 선택(小)),콜라 1.25L/1
          ",콜라를 시켰구만 왜 안가져주는 거임 메인으로 시켰구만 장난하는거임 맛도 없고 소스는 굳었고 삼선짱뽕은 해물은 3개있네 시켜먹지 마세요
남경-중구점,2022년 2월 12일,2,4,1,"
            짜장면/1,볶짬면/1,탕수육/1(사이즈 선택(小))
          ","어떤 맛있는 음식도 만든지 50분이 넘어서 도착하면 맛있을수가 없죠. 특히  중국음식은...
원래 맛을 알수 없어 안타깝네요
면은 혀로 으깨어 먹을수 있을정도로 잘 불어서 왔습니다. 탕수육은  촉촉한 카스테란줄 알았습니다.
볶음밥은 밥통서 갖 꺼낸  수분을 담고 있네요.
 
정성들여 만드셨겠지만  저는 거의 버리겠네요  ㅠㅠ"
남경-중구점,2022년 2월 7일,3,3,3,"
            군만두/1,볶짜면/1,콜라 500mL/1
          ",.
남경-중구점,2021년 12월 24일,3,3,5,"
            군만두/1,짬짜면/1
          ",단무지가 왜이러죠?? 4등분으로 잘려있는데....
남경-중구점,2021년 12월 20일,3,3,3,"
            삼선짬뽕/1,군만두/1
          ","어디서나 맛볼수 있는 맛의 중식당 .
삼선짬뽕 시켰는데 일반이 온듯 .
드셔보시면 압니다."
남경-중구점,2021년 12월 2일,1,2,1,"
            새우볶음밥/1,짜장면/1,짬뽕/1,탕수육/1(사이즈 선택(小))
          ","가까운 곳이라고 주문했는데 배달이 그닥 빠른지 모르겠어요.
음식은 너어무 기름져서 짬뽕국물 없이는 먹기 힘드네요.
짬뽕국물이 그나마 맛있었지만 오징어가 커도 너무 커서 씹기 힘들었어요."
남경-중구점,2021년 10월 20일,2,2,3,"
            기스면/1,물만두/1
          ",기스면은 전혀맛을 느끼지못했읍니다 물에 국수를너은것같은. 물만두는 맛있어요
남경-중구점,2021년 10월 11일,4,3,4,"
            4세트（탕수육＋쟁반짜장2人）/1(곱빼기 추가 선택(곱빼기 추가))
          ",쟁반짜장과 탕수육을 먹었습니다~
남경-중구점,2021년 10월 9일,3,5,5,"
            0세트（탕수육＋짜장）/1(곱빼기 추가 선택(곱빼기 추가))
          ","맛은 평범한 배달 중국집
탕수육은 1인세트 치고 상당히 많이 줌
하지만 1인세트 가격자체가 묵직한 편
무난함"
남경-중구점,2021년 10월 6일,1,2,1,"
            1세트（탕수육＋짜장2）/1(곱빼기 추가 선택(추가 안함))
          ",탕수육 눅눅하고 자장면 불어있고 맨붕
남경-중구점,2021년 9월 29일,1,1,1,"
            삼선짬뽕/1,볶음짬뽕/1(곱빼기 추가 선택(곱빼기 추가)),군만두/1
          ","아니 배달도 오래걸리고 면도 완전 우동면되고 밀가루맛에 짬뽕 고추가루맛에 어찌먹으라는건지 …
다 버렸네요 진짜 익스프레스배달인데 다른종각쪽 들렸다가오면서 늦게오고 맛고없네요"
남경-중구점,2021년 8월 27일,3,3,5,"
            짜장면/1,탕짜면/1
          ",휴게소 짜장면 맛이에요! 그것보다 쫌 더 맛있는(?)
남경-중구점,2021년 8월 11일,3,5,5,"
            크림새우/1
          ",요리는 근사햇는데 꿀보다 달앗다
남경-중구점,2021년 8월 8일,1,4,4,"
            짜장면/2,탕짜면/1
          ",역시나 짜네요.제발안짜게 해달라고 부탁했는데.아싑군요
남경-중구점,2021년 8월 6일,3,4,5,"
            짬뽕/1(곱빼기 추가 선택(곱빼기 추가)),4세트（탕수육＋쟁반짜장2人）/1(곱빼기 추가 선택(곱빼기 추가))
          ",면을 삶아놓고 국물을 넣어서 오는것 같다는 생각이 드네요. 배달시간은 얼마안걸렸는데  짬뽕하고 짜장하고 다불어서 밀가루맛이 너무 납니다. 탕수육은 맛있게 먹었습니다.
남경-중구점,2021년 8월 1일,1,4,5,"
            간짜장/2,우동/1
          ",너무짜서 완전망쳤어요.
남경-중구점,2021년 7월 17일,3,4,5,"
            새우볶음밥/1,탕수육/1(사이즈 선택(小))
          ",새우볶음밥은 맛있었어요^^ 서비스로온짬뽕국물이... 맛이너무이상했어요; 탕수육은 그냥 그랬습니다~
남경-중구점,2021년 6월 18일,3,3,4,"
            쟁반짜장/2(곱빼기 추가 선택(곱빼기 추가))
          ","젓가락 안주심 맛은 그냥 일반 중국집 맛이고
배달은 빠름 양도 적당"
남경-중구점,2021년 6월 14일,3,1,1,"
            간짜장/1,볶음밥/3,3세트（탕수육＋짜장＋짬뽕）/1,콜라1.25L/1
          ","지난번에 이어 오늘도 주문내역이랑 온거랑 맞지 않내여.
수고하셨어여
이제 믿고 걸러야겠습니다."
남경-중구점,2021년 6월 14일,3,3,1,"
            볶음밥/2,냉콩국수/1,중국냉면/2,콜라1.25L/1
          ","음식시키면 젓가락 안와서 다뿐거 먹고 가게도 연락안되고 음료시켰더니 어딘지 모르겠다하고 장사할 생각이 별로 없으신거 같내여
응대자체가 힘드내여"
남경-중구점,2021년 6월 7일,3,3,3,"
            짜장면/1,깐풍새우（마늘＋고추）/1
          ",이거 깐풍새우맞아요???
남경-중구점,2021년 4월 28일,5,3,5,"
            마파밥/1(곱빼기 추가 선택(곱빼기 추가)),1세트（탕수육＋짜장2）/1(곱빼기 추가 선택(두그릇 곱빼기추가))
          ",추천합니다. 맛있게 드세요
남경-중구점,2021년 4월 10일,3,3,1,"
            간짜장/1,삼선짬뽕/1,탕짜면/1(곱빼기 추가 선택(곱빼기 추가))
          ","최악이네요. 
짬뽕 터져서 와서 상담하고 재배달 확정까지 15분 걸리고, 재배달은 한시간이 넘어도 안와서 재상담하니, 같은 소리만 반복하고...  시간 쓰고 돈 쓰고 스트레스 받고, 밥은 못 먹고."
남경-중구점,2021년 4월 6일,3,3,3,"
            8세트（사천탕수육＋쟁반짜장2人）/1
          ",쟁반짜장2인분은 한접시에 몰아서 배달한건가요? 1인분 빠진건가요??
남경-중구점,2021년 3월 29일,3,4,5,"
            삼선볶음밥/1,양장피（겨자소스）/1
          ",배달 빠르고 서비스 좋았어요!
남경-중구점,2021년 3월 16일,2,3,3,"
            1세트（탕수육＋짜장2）/1(곱빼기 추가 선택(추가 안함))
          ","후기들 보고 주문한거였는데...탕수육은 그래도 괜찮았는데, 짜장면은 진짜... 또 시켜서 먹을일은 없을듯해요.."
남경-중구점,2021년 2월 14일,1,4,1,"
            3세트（탕수육＋짜장＋짬뽕）/1(곱빼기 추가 선택(짜장 곱빼기추가))
          ",짬봉이 국물이 다 세서 먹을게 별로없고 짜장은 곱베기 시켷는데  면만 곱베기고 소스는 적고 퉁퉁불어서 비벼지질  않네요
남경-중구점,2021년 2월 8일,2,5,5,"
            군만두/1,탕볶밥/1
          ",맛이 괜찮았어요... just so-so
남경-중구점,2021년 1월 29일,3,3,3,"
            짜장면/1(곱빼기 추가 선택(곱빼기 추가)),간짜장/2,볶음밥/1
          ","평범해요, 잘 먹었습니다."
남경-중구점,2021년 1월 11일,3,3,3,"
            삼선짬뽕/1,볶음밥/1
          ",배달도  빠르고 맛도   좋아요
남경-중구점,2021년 1월 7일,1,1,1,"
            탕짜면/1(곱빼기 추가(곱빼기 추가)),사이다1.25L/1
          ","3시10분에 시켰는대 5시인대도 안온다
아무리 맛이있건 없건 간에 
이렇게 늦으면   교통상황이 어렵다면 열지 말았어야지
그걸 소비자한테 떠 넘기는건 아니라구본다"
남경-중구점,2020년 12월 31일,2,4,1,"
            탕짜면/1(곱빼기 추가(곱빼기 추가))
          ","11:38 주문완료, 13:48 도착
2시간 10분 소요 너무 심하네요
중간에 전화도 2번 했습니다.

요기요 본사에서 관리를 해줘야하는 것 같은데
요기요 고객만족센터는 전화 연결도 안되고(상담원 언결 자체가 안되는 전화 시스템)
카카오톡 상담도 상담원이 응대하는게 아닌,
정해진 메뉴 FAQ 밖에 되지 않습니다.

요기요의 고객 서비스가 총체적으로 문제가 너무 많습니다.
보상을 받고 싶은데 본사 담당자와 연결할 방법도 없네요.."
남경-중구점,2020년 12월 16일,1,3,1,"
            4세트（탕수육＋쟁반짜장2人）/1(곱빼기 추가(곱빼기 추가))
          ",배달시간은 6시10분쯤에 시켰는데 7시30쯤에 배달이왔고 탕수육은 너무 눅눅해졌고 돼지비린향이납니다.쟁반짜장은 불어서 먹기 힘들정도네요. 배달 거리도 오토바이로 길면10분정도 거리인데 탕수육이랑 짜장상태로 보면 한번에 여러군데 들린건지.... 만든지 너무 오래되서 먹을수가 없습니다. 진짜 여기서 먹고싶으시면 그냥 가서드시길 추천드립니다.
남경-중구점,2020년 11월 29일,1,1,1,"
            탕짬면/1,사이다500mL/1
          ",배달에 1시간 40분이 걸렸고 탕짬면인테 탕수육과 짬뽕이 섞여 먹을 수 없더군요. 용기내 한 젓가락 먹었는데 짬뽕은 면에서 오는 밀가루 맛만 나고 탕수육은 쓰고 잡내가 많이 납니다. 지금껏 먹었던 요리 중 가장 최악입니다.
남경-중구점,2020년 11월 23일,1,1,1,"
            탕짜면/1(곱빼기 추가(곱빼기 추가))
          ","맛도없고 배달도 느리고 전화응대도 빵점이고.... 
배달음식 시켜먹은거 중에 최악.... 가격은 9000원인데 10.000원이상 배달가능이래서 면곱배기 1000원 추가해서 시켰더니  퉁퉁 불어터진 면만 한보따리 ㅋㅋ 배달시간 20~30분소요라하더니 50분 넘게 걸린듯 ㅠㅠ"
남경-중구점,2020년 11월 19일,2,3,2,"
            짬뽕/1,탕짜면/1
          ","몇번 시켜먹던곳이라 깔끔하고 괜찮아서 주문했는데 1시간20분만에 배달왔고 짜장,짬뽕은 퉁퉁 불어왔어요ㅠ 당분간 주문안할것같아요ㅠ"
남경-중구점,2020년 10월 27일,3,4,5,"
            탕짬면/1(곱빼기 추가(곱빼기 추가))
          ",탕짬 시켰는데 탕수육은 맛있는데 짬뽕 국물이 탁해요. 해산물도 오래되어보임
남경-중구점,2020년 10월 19일,3,5,3,"
            삼선울면/1,삼선고추짬뽕/1,삼선볶음밥/1
          ",면이 떡이되어서  한 젓갈도 못하고 바로 휴지통으로 직통으로 갔네요
남경-중구점,2020년 9월 16일,2,3,5,"
            간짜장/1,짬뽕/1,탕짜면/1
          ","가격도 싸고, 배달도 빠른데 짬뽕에 해물이 하나도 없어서 아쉬웠어요"
남경-중구점,2020년 9월 14일,2,3,1,"
            3세트（탕수육＋짜장＋짬뽕）/1
          ","1. 50분 걸린다는 배달이 80분걸림
2. 70분쯤 전화하니 단골멘트 ""방금 출발했습니다""뿐이고 뭐 늦어서 미안하다거나 하는 얘기 없음
3. 짬뽕 해물, 탕수육 양 적음
4. 짬뽕 맛이 너무 싱거움
5. 탕수육은 튀김이 대부분이고 고기 적음
6. 갠적으로 다시는 안 시킬 예정"
남경-중구점,2020년 9월 11일,3,3,3,"
            쟁반짜장/2
          ","맛은 뭐 보통
양도보통
포장은 음식이 쏟아질 작은 일반일회용그릇이여서
안좋았습니다"
남경-중구점,2020년 9월 4일,2,2,2,"
            간짜장/1,삼선울면/1,차돌박이짬뽕/1,깐풍새우（마늘＋고추）/1,양장피（겨자소스）/1
          ",음슥들 중 면이 다 불어서 왔고 맛도 별로였음
남경-중구점,2020년 9월 1일,1,3,3,"
            잡채밥/1,0세트（탕수육＋짜장）/1(곱빼기 추가(곱빼기 추가))
          ",맛 더럽게 없어요. 그나마 탕수육 소스가 맛있어요. 짜장면 싱겁고 다 뿔었어요. 잡채밥..기름맛만나고 무슨맛인지 모르겠어요.. 돈아까워요
남경-중구점,2020년 8월 25일,3,4,1,"
            삼선볶음밥/1,탕짜면/1
          ","11시 26분에 주문했는데 한시간이 지나도록 오질 않아 12시 35분에 전화드렸습니다. 코로나로 인해 주문이 많이 밀려서 아직 음식을 만들지도 못했다고 말씀하셨고, 결국 음식은 1시 15분경 받았습니다. 메뉴도 짜장면, 볶음밥, 탕수육으로 빠르게 나올 수 있는 메뉴임에도 불구하고 한시간동안 조리를 시작도 못할 수 있나요? 또한, 만약 주문이 저 정도로 밀려있었다면 조리가 오래 걸린다고 말씀해주셨어야 하는게 아닌가 싶습니다. 요기요 예상배달시간은 50분이었습니다.
서비스로 주신 군만두와 더불어 전체적인 음식의 맛과 양은 괜챦았습니다."
남경-중구점,2020년 8월 24일,3,2,5,"
            0세트（탕수육＋짜장）/1(곱빼기 추가(곱빼기 추가))
          ",탕수육에 바삭함을 찾아볼 수가 없는 정도로 형편이 없습니다
남경-중구점,2020년 8월 7일,3,5,5,"
            3세트（탕수육＋짜장＋짬뽕）/1(곱빼기 추가(짜장 곱빼기추가,짬뽕 곱빼기추가))
          ","걍 평범해요ㅋ
양은 많이 주시고요ㅋ"
남경-중구점,2020년 7월 30일,1,3,1,"
            탕짜면/1(곱빼기 추가(곱빼기 추가))
          ",제가 리뷰를 안 쓰는 사람인데 너무 화가 나 리뷰를 씁니다. 아무리 점심시간이라지만 1시간 30분이 걸려 왔고요. 얼마나 돌아돌아 왔는지 자장면이 너무 불어서 비벼지지도 않았습니다.
남경-중구점,2020년 7월 23일,1,1,1,"
            차돌박이짬뽕/1(곱빼기 추가(곱빼기 추가)),탕수육/1(사이즈 선택(小))
          ","배달은 20분정도 걸렸는데
퉁퉁불어서 밀가루 떡이었습니다
면을 건져 올릴때마다 뚝뚝 힘없이 끊기고
곱배기를 시켰는데 국물은 그대로고 면만 많이 와서 볶음 짬뽕인지 헷갈릴정도 였고 국물을 어떻게 냈는지
텁텁하니 목에 자꾸 가루가 걸린듯 했습니다
그나마 탕수육이 괜찮았는데
눅눅하게 와서 찍먹판데 담먹해 먹었네요
다신 안시키겠습니다 왜 상위에 랭크됐는지 도무지 이해가 안됩니다 해장하려고 시켰는데 기분 상해서 짜증만 났네요 이렇게 장사하지 마세요"
남경-중구점,2020년 6월 24일,1,1,1,"
            탕짜면/1(곱빼기 추가(곱빼기 추가))
          ","완전 최악 1시간 배달 떠있길래 12:01주문했는데 
1:35분에 옴 / 배달안와서 전화했더니 연결도 안되고 
배달이 밀렸네 어쩌네 죄송하다는 말 한마디도 안함
취소하려는데 도착. 
도착해서 배달하는 분 “원래 한개는 배달안되는데” 
장난해요? 배달이 되니까했지 
카드내니까 “한개는 카드 안되는데” 대답안하니까 
긁고 감. 
요기요 회원이라 앱. 결제하면 할인되는데 
다른카드 쓸 일있어서 할인안받고 현장결제로 주문했더니 
기막힘ㅋㅋ 첫번째 주문때 제시간에와서 주문했는데 
밑에 리뷰를 그냥 지나친 내 잘못. 최악최악 요기요이용중
최고"
남경-중구점,2020년 6월 23일,5,2,5,"
            0세트（탕수육＋짜장）/1
          ",양이 좀 많이 적었습니다. 맛은 있었어요.
남경-중구점,2020년 6월 9일,1,1,1,"
            간짜장/1,삼선짬뽕밥/1
          ","안오실거면 연락을 주시던지, 취소를 해주세요.
기다리느라 시간버리고 제때 끼니도 못챙겻네요"
남경-중구점,2020년 5월 31일,3,5,1,"
            탕짜면/1(곱빼기 추가(곱빼기 추가))
          ",짜장면은 맛있게 먹었는데 탕수육에서 좀 잡내가 났어요 참고 먹을만 했습니다 ^_^
남경-중구점,2020년 5월 28일,1,1,5,"
            간짜장/1,짬뽕/1,탕수육/1(사이즈 선택(小))
          ",탕수육에서 돼지냄새가 너무 심하게 납니다. 짬뽕 면은 다 불었구요. 주문한지 25분 정도만에 도착했는데.. 면이 어찌 이리 불지요? 간짜장은 맛있었습니다.
남경-중구점,2020년 5월 25일,4,1,3,"
            짜장면/1,짬뽕/1
          ",맛 있음. 맛잇음  마앗잇음
남경-중구점,2020년 5월 25일,4,1,3,"
            볶음밥/2
          ",양 적음 . 배달 약간 늦음 . 맛 배고파서 맛있음
남경-중구점,2020년 5월 25일,3,4,4,"
            삼선짬뽕/1(곱빼기 추가(곱빼기 추가))
          ","웬 볶음짬뽕이 배달되었는지ㅠ모르겠네요ㅠ
배달된 음식 그냥 먹었어요! 
꼭 메뉴 확인해주세요!"
남경-중구점,2020년 5월 24일,1,1,1,"
            5세트（탕수육＋볶음밥2）/1(곱빼기 추가(추가 안함))
          ",정말 맛 없고 배달하시는분 불친절함
남경-중구점,2020년 5월 16일,3,4,3,"
            쟁반짜장/1(곱빼기 추가(곱빼기 추가)),콜라500mL/1
          ",쟁반짜장은 보통이구요~먹을만합니다
남경-중구점,2020년 5월 10일,1,1,1,"
            3세트（탕수육＋짜장＋짬뽕）/1(곱빼기 추가(짜장 곱빼기추가))
          ",정말 비추. 탕수육 냄새남
남경-중구점,2020년 5월 10일,2,4,5,"
            간짜장/1,짬뽕/1,우동/1
          ",면이 불어서왔고 재료도 거칠고 크네요 중국음식은 역시 식당가서 먹어야하나봐요
남경-중구점,2020년 5월 6일,3,5,2,"
            볶짜면/1,사이다500mL/1
          ",밥은 딱딱하고 배달은 느리고 참...
남경-중구점,2020년 5월 4일,3,3,3,"
            탕짜면/1(곱빼기 추가(곱빼기 추가))
          ",굿
남경-중구점,2020년 5월 2일,3,3,3,"
            0세트（탕수육＋짜장）/1
          ","기대를 가지고 오랜만에 주문했어요
주문전달이 잘못된건지"" 그냥 문앞에 놓고가가주세요""  체크하고 주문했는데 자꾸 배달하시는 분이 무섭게 계속 문두드리시고 왜 말을안하냐고 뭐라하시더러고요..
배달하시는분도 고생많으신건 알겠는데..
주문전달이 배달하시는분에게도 잘됬음 좋겠네요..
넘 기분상 음식도 맛없게느껴져서..
별하나씩 뺍니다"
남경-중구점,2020년 3월 19일,3,4,5,"
            쟁반짜장/1,마파두부밥/1
          ","먹을게 없어서 시켜먹었는데 짜장면은 정말 맛있었지만
마파두부는 ㅠㅠ 그래도 잘 먹었습니다!"
남경-중구점,2020년 3월 4일,2,2,4,"
            잡채밥/2,육개장/1
          ","쌀은 정부미? 올해 먹은 밥중 제일 맛없음
점심이라 그런가 양도 적음
다음은 없음 
무사 장사을 기원합니다"
남경-중구점,2020년 2월 10일,3,3,5,"
            볶짜면/1,콜라1.25L/1
          ",빠른 배송 좋아요..
남경-중구점,2020년 2월 10일,3,3,5,"
            탕짜면/1(곱빼기 추가(곱빼기 추가))
          ","적절한 양, 빠른 배송 좋습니다."
남경-중구점,2020년 2월 8일,1,1,3,"
            간짜장/1(곱빼기 추가(곱빼기 추가)),볶음밥/1,마파두부밥/1
          ","차마 음식사진 올리는것도 사치라는 생각이 드네요..
저런 음식을 만들어 팔고도 미안하거나 양심이 부끄럽지도 않은가~
짜장의 면은 다 불어서 오고 마파두부인지 두부 짬뽕인지 의문이 생기게 하는 자태하며 
간짜장 소스에 딱딱한 이물질이 들어가있지 않나 
랩 포장 속에 긴 머리카락까지.....
사람이 먹는 음식이 맞는지 잔밥인지 의심이 드네요
정말!!!
맛은 둘째치고 한 숨만 나오며 먹다 남겨서 음식물
처리도 번거롭네요..
이외에도~~
다시는 이가게에서 주문 안하고요...
장사의 첫번째 덕목은 양심입니다..."
남경-중구점,2020년 2월 7일,3,5,2,"
            잡채밥/3,짜장면/1,오므라이스/1
          ","양은 여전히 많고 맛있습니다
배달은 여전히 느리고요
맨날 서비스로 주시던 군만두가 없네요
아래처럼 간장만 주셨네요 
섭섭합니다 사장님"
남경-중구점,2019년 12월 10일,1,1,5,"
            탕짜면/1,탕짬면/1
          ","why？왜 잘못해주셨어요?, 탕수육은 자장밥이다."
남경-중구점,2019년 12월 9일,3,3,5,"
            삼선짬뽕밥/1(곱빼기 추가(곱빼기 추가)),탕수육/1(사이즈 선택(小))
          ",다른 남경보다 삼선짬봉밥인데 해물이 적어씀...ㅠ_ㅠ
남경-중구점,2019년 11월 20일,3,4,4,"
            짜장면/2
          ",전분이 너무 많은 것 같은 느낌의 짜장면....
남경-중구점,2019년 11월 13일,3,3,4,"
            삼선짬뽕/2
          ",회사 가까이라서 빨리 왔습니다.  맛도 괜찮네요.
남경-중구점,2019년 11월 12일,1,1,5,"
            쟁반짜장/1,깐풍기/1
          ",닭비린내나고 살은 빨개요 안익었어요. 최악이에요. 너무 화나네요.
남경-중구점,2019년 10월 14일,3,5,5,"
            삼선우동/1(곱빼기 추가(곱빼기 추가))
          ",많이 느끼한듯한데 좀마누더 시원한맛 내면 좋을거같음
남경-중구점,2019년 10월 14일,3,5,5,"
            삼선고추짬뽕/1,육개장/1
          ",맛은 평균이고 양은많고 개개인맛이 잇으니 저는 그렇습니닷~
남경-중구점,2019년 8월 29일,1,2,1,"
            짬짜면/2,볶짬면/1
          ","예상시간보다 거의 40분 가량 늦게왔네요..
죄송하다는 말뿐이고 이유도 말씀이 없으시고..
아까 이야기 없었는데 답변으로 늦은거에대한 답변주시면 기분 나쁠것같네요^^
점심시간에 이용하시는 분들은 참고하세요
점심시간이면 이제 이용안할것같습니다"
남경-중구점,2019년 8월 3일,2,1,4,"
            삼선짬뽕/2,탕수육/1(사이즈 선택(小))
          ","다른건 모르겠는데, 일단 가격대비 양이 좀 심각하네요"
남경-중구점,2019년 7월 26일,2,1,1,"
            삼선고추짬뽕/1(곱빼기 추가(곱빼기 추가))
          ",사천고추짱뽕을 시켰는데 면도 없고 짱뽕밥으로 줬다고 밥이랑 같이 머그면 안되나요라고 했는데 실제로 밥도 없음...
남경-중구점,2019년 7월 19일,3,5,3,"
            쟁반짜장/1(곱빼기 추가(곱빼기 추가)),탕수육/1(사이즈 선택(小))
          ","맛도 있고 양도 괜찮고 너무 친절하게 배달해주셨어요.
근데 그릇을 치워주시는게 늦네요. 사무실 앞에 그릇이 있는데 가져가셨는지 궁금하네요~"
남경-중구점,2019년 6월 1일,1,1,1,"
            탕볶밥/1(곱빼기 추가(곱빼기 추가))
          ",매우 가난한 서비스 ... 배달이 매우 느립니다.  아무 말도 할 수 없으면 나를 돌려줘.
남경-중구점,2019년 3월 23일,4,3,3,"
            짜장밥/1(곱빼기 추가(곱빼기 추가))
          ","맛있음. 짬뽕밥은 곱빼기 시키면 더 많이줌.
짜장밥은 살짝 아쉬움. 그래도 맛은 있음👍"
남경-중구점,2019년 3월 6일,3,3,4,"
            잡채밥/1
          ","soso, 빠릅니다."
남경-중구점,2019년 3월 5일,2,2,3,"
            삼선우동/1
          ",무슨 맛인지 모르겠음. 남김.
남경-중구점,2019년 3월 5일,3,3,4,"
            탕볶밥/1
          ","메인 점심 메뉴. 아주 맛집 맛은 아닙니다. 저 짬뽕 국물에서는 라면스프 맛이 나요.
한참 먹다가 리뷰용으로 찰깍... ㅋ"
남경-중구점,2019년 2월 26일,3,2,3,"
            탕수육/1(사이즈 선택(小))
          ",앙수육 양이 너무 적어서 깜짝 놀랐습니다
남경-중구점,2019년 2월 19일,5,1,3,"
            4세트（탕수육＋쟁반짜장2人）/1
          ","이번 세트메뉴는 정말 실망입니다.
쟁반짜장 2인분과 평소먹던 1인분과 별반 차이가 없더라구요.. 아기까지 3가족이먹기 부족했으면 말 다한거 아닌가요..."
남경-중구점,2019년 2월 16일,3,5,5,"
            삼선짬뽕/1,삼선짬뽕/1(곱빼기 추가(곱빼기 추가)),잡채밥/1,탕수육/1(사이즈 선택(中))
          ","맛은 그럭저럭
양은 많았고 배달은 빨리왔습니다"
남경-중구점,2019년 1월 25일,3,5,3,"
            간짜장/1(곱빼기 추가(곱빼기 추가)),짬뽕밥/1
          ",배달너무느렸어요..간짜장도 불고ㅜㅜ
남경-중구점,2019년 1월 20일,1,1,1,"
            탕볶밥/1
          ",배달 35분걸리고 전화했더니 아직도만드는중 ㅜ 아쉽네요
남경-중구점,2019년 1월 6일,3,3,4,"
            깐풍새우（마늘＋고추）/1
          ","새우 튀김옷이 넘 두껍고
소스가 깐풍보단 깐쇼에 가까워서
깐풍새우를 먹고싶던 저에겐
넘 아쉬운 맛이였네요"
남경-중구점,2019년 1월 1일,4,3,4,"
            볶짬면/1
          ","평소에 는 진짜 잘가져다 주시다가~
오늘 바쁘셨는지...복짬면 인데 짜장이 너무 부족하고!!밥 만 많았습니다.ㅠㅠ"
남경-중구점,2018년 12월 27일,1,1,1,"
            짬뽕/1,4세트（탕수육＋쟁반짜장2人）/1
          ","배달 소요시간 25~35분이 되어 있어서 주문했더니 1시간 다 되었는데 않오네요. 더 웃긴건 요기요 앱 상태에는 배달완료 해놓고, 전화하니 곧 간다는 말만 하네요. 빠른곳 시키려고 선택한건데 이렇게 늦는 것도 열받고, 거짓말로 배달완료 해 놓은건 손님 속이기나 하는 믿을수 없는 식당이라는게 제 느낌입니다."
남경-중구점,2018년 12월 8일,3,5,5,"
            탕짜면/1
          ","지난번 맛있었던 기억에 혼밥하려고 탕짜면을 시켰는데 왜 맛이 다른것 같죠?ㅠㅠ
양은 엄청 혜자스러웠는데.  
탕수육 고기는 딱딱하고 튀김 옷이 두꺼웠어요
단품메뉴시킬때랑 퀄리티가 달랐어요ㅠㅠ"
남경-중구점,2018년 11월 24일,1,1,1,"
",You suck and the food is disgusting
남경-중구점,2018년 10월 24일,3,4,4,"
            짜장면/1,마파두부밥/1
          ",짜장면은 맛있었는데 마파두부 닾밥은 솔직히 두부는 몇개 없구 일반 마파두부 먹던거랑은 달랏어여 마파두부는 넘  실망이에요
남경-중구점,2018년 10월 9일,3,4,4,"
            홍합짬뽕/1
          ",맛 양 배달 빠르고 매우만족 재주문 적극적추천
남경-중구점,2018년 9월 29일,1,1,1,"
            짜장면/1,군만두/1
          ",어떤 짜장면을  만드는데 1시간 30분동안 배달이 안돼요? 전화 받았음 배달 안된다고 하던가... 이런식으로 장사합니까?
남경-중구점,2018년 8월 19일,2,3,5,"
            1세트（탕수육＋짜장2）/1(곱빼기 추가(추가 안함))
          ","배달은 엄청 빨랐고, 맛은 짜장면에 기름이 너무 져있고 탕수육은 너무너무 달았어요...
짜장면 먹으면서 콜라 땡긴거 처음"
남경-중구점,2018년 8월 15일,3,3,4,"
",배달 요청사항 안들어주신거 빼고는 괜찮은고같아요.
남경-중구점,2018년 8월 12일,4,3,3,"
            1세트（탕수육＋짜장2）/1(곱빼기 추가(두그릇 곱빼기추가)),2세트（탕수육＋짬뽕2）/1(곱빼기 추가(추가 안함))
          ",맛은 괜찮은데 양이 좀 적어요.
남경-중구점,2018년 7월 29일,3,4,5,"
            짜장면/1(곱빼기 추가(곱빼기 추가)),간짜장/1,삼선간짜장/1(곱빼기 추가(곱빼기 추가))
          ","짜장면이 너무 느끼해 먹는 내내 조금 힘들었네요...
느끼한거 못드시는분들에게는 비추...."
남경-중구점,2018년 6월 19일,3,3,3,"
            간짜장/1,군만두/1
          ",빠르배달 재주문 매우 좋아요
남경-중구점,2018년 5월 20일,5,3,5,"
            김치볶음밥/1(곱빼기 추가(곱빼기 추가)),삼선볶음밥/1
          ","양이 살짝 적은 듯 담엔 좀 더 많이 주셨으면 ㅋㅋ
김치 주문대로 많이 주셔서 감솨^^"
남경-중구점,2018년 5월 15일,3,3,5,"
            삼선짬뽕/1(곱빼기 추가(곱빼기 추가)),마파두부밥/1
          ",마파두부밥 좀 짜요.. 밥양도 적고...
남경-중구점,2018년 5월 12일,3,4,3,"
            간짜장/1(곱빼기 추가(곱빼기 추가)),쟁반짜장/2(곱빼기 추가(곱빼기 추가)),마파두부밥/1,탕수육/1(사이즈 선택(大))
          ",괜찮네요 쟁반짜장이 맛있어요
남경-중구점,2018년 4월 29일,2,3,3,"
            간짜장/1,2세트（탕수육＋짬뽕2）/1(곱빼기 추가(한그릇 곱빼기추가))
          ",맛있게 잘먹었습니다.
남경-중구점,2018년 4월 23일,3,3,1,"
            짬뽕/1(곱빼기 추가(곱빼기 추가)),짬뽕/1,탕수육/1(사이즈 선택(大)),냉콩국수/1,중국냉면/1(곱빼기 추가(곱빼기 추가)),중국냉면/1
          ","짬뽕이 엄청 불었어요...
중국냉면은 맛이 약해요"
남경-중구점,2018년 4월 19일,2,4,2,"
            간짜장/1(곱빼기 추가(곱빼기 추가)),쟁반짜장/1(곱빼기 추가(곱빼기 추가))
          ",맛있게 잘 먹었습니다.
남경-중구점,2018년 4월 19일,3,3,3,"
            0세트（탕수육＋짜장）/1(곱빼기 추가(곱빼기 추가))
          ",맛나게 므것어여 비슷비슷한중국집
남경-중구점,2018년 3월 22일,3,3,3,"
            탕볶밥/2
          ",에.....그냥그래요
남경-중구점,2018년 2월 25일,3,3,5,"
            1세트（탕수육＋짜장2）/1(곱빼기 추가(한그릇 곱빼기추가))
          ",ㅋㅋㅋㅋㅌㅌㅇㅇㅇㅇㄹㄹㄹ
남경-중구점,2017년 11월 15일,3,5,5,"
            짜장면/1,잡채밥/1
          ",3번째인데 배달 빠르고 맛있어요
남경-중구점,2017년 10월 25일,3,3,4,"
            짬뽕/1,볶음밥/1
          ",배달 빨리고 맛도 있어요
