업체명,날짜,맛,양,배달,주문메뉴,상세리뷰
마포만두-시청점,어제,5,5,5,"
            모둠만두/1,찹쌀순대/1,공기밥/1,계란후라이/1,생수（500mL）/1
          ","너무 맛있게 먹었습니다. 기대 안했던 순대도 맛있네요. 다만 만두는 크기가 좀 작아서, 남성기준으로 만두만으로 배가 차려면 하나 더 시키면 좋을 것 같습니다! 사진은 제가 절반정도 먹다가 찍었습니다ㅠㅠ"
마포만두-시청점,3일 전,5,5,5,"
            갈비만두/1,야채김밥/2,쌀떡볶이/1,찹쌀순대/1
          ",배달 빠르고 저렴하고 맛있고!
마포만두-시청점,3일 전,5,5,5,"
            모둠만두/3,야채김밥/2,소고기김밥/2,오뎅국물/4
          ",직장인 점심으로 추천
마포만두-시청점,일주일 전,5,5,5,"
            모둠만두/2,쌀떡볶이/1
          ",비주얼.. 장난 아니네요 맛있어요!
마포만두-시청점,일주일 전,5,5,5,"
            야채김밥/2,쌀떡볶이/1
          ",너무너무 맛잇게 잘 먹었습니다
마포만두-시청점,2022년 3월 23일,1,4,4,"
            야채김밥/1,쫄면/1
          ",쫄면은 딱딱하고 야채김밥은 좀 짜네요.. 매장에서 만두 먹었을 때 맛있었어서 다른 메뉴 시킨건데 아쉽네요
마포만두-시청점,2022년 3월 22일,5,5,5,"
            갈비만두/1,제육덮밥/1
          ",첫 주문이었는데 너무 맛있었어요~
마포만두-시청점,2022년 3월 22일,5,5,5,"
            모둠만두/2,참치김밥/2,오뎅국물/2
          ",맛있게 먹었습니다^^
마포만두-시청점,2022년 3월 20일,3,3,3,"
            쌀떡볶이/1,찹쌀순대/1,오뎅（3개）/1
          ",맛있어요 떡볶이가 좀 달았어요~
마포만두-시청점,2022년 3월 19일,5,5,5,"
            모둠만두/1,참치김밥/1
          ","#식후감
존맛포만두 기분 like rarri
맛 좋아 마치 래퍼 san E
마포만두로 안내해 나침반이
담에 또 시킬래 구라는 안침
식후감은 여기서 마침"
마포만두-시청점,2022년 3월 19일,5,3,2,"
            순두부찌개/1,펩시콜라（355mL）/1
          ",진짜 맛있어요 ㅠㅠ 또 시켜먹을거에요 진짜 굳굳
마포만두-시청점,2022년 3월 17일,5,5,5,"
            1인세트/1
          ",진짜맛있어요 담에또시킬게요!
마포만두-시청점,2022년 3월 17일,5,5,4,"
            갈비만두/1,야채김밥/1,소고기김밥/1,쌀떡볶이/1
          ",갈비만두 짱짱 김밥 튼실
마포만두-시청점,2022년 3월 16일,5,5,5,"
            1인세트/1
          ",맛있게 잘 먹었습니다. 배달도 빠르네요
마포만두-시청점,2022년 3월 16일,5,5,5,"
            모둠만두/1,소고기김밥/1
          ",빠르게 배달와서 따뜻할때 맛잇게먹었네요
마포만두-시청점,2022년 3월 13일,5,5,5,"
            모둠만두/1,쌀떡볶이/1,찹쌀순대/1,계란밥/1
          ",쌀떡볶이라 쫄깃쫄깃하고 진짜 맛있어요 만두도 맛있고 순대랑 계란밥도 맛있네요
마포만두-시청점,2022년 3월 12일,5,5,5,"
            참치김치덮밥/1,순두부찌개/1
          ","양이 부담스럽게 많지 않아 좋았어요
맛도 좋았습니다 약간 짭짤한데 밥 더해서 먹으니 좋아요
순두부찌개는 고기가 들어있어요 페스코 베지테리언분들 참고하시길.."
마포만두-시청점,2022년 3월 12일,5,5,5,"
            참치김밥/1,쌀떡볶이/1,돈까스/1
          ",배달빨라요 떡볶이 왕왕 추천 드려요!!!
마포만두-시청점,2022년 3월 12일,5,5,5,"
            멸치김밥/2,오뎅국물/1
          ",예상시간보다 배달이 빠르고 포장도 깔끔하게  신경써주시는만큼 음식맛도 좋습니다
마포만두-시청점,2022년 3월 10일,5,5,5,"
            모둠만두/1,참치김밥/1,쌀떡볶이/1
          ",떡볶이가 맛있어요
마포만두-시청점,2022년 3월 10일,5,4,5,"
            매운개성만두/1,참치김밥/1
          ",빠르게 배달와서 잘 먹었습니다
마포만두-시청점,2022년 3월 9일,4,3,5,"
            참치김밥/1,쌀떡볶이/1,계란후라이/1
          ",감사합니다 잘 먹었습니다.
마포만두-시청점,2022년 3월 9일,5,5,5,"
            1인세트/1
          ",괜춘.
마포만두-시청점,2022년 3월 8일,5,5,5,"
            쌀떡볶이/1,오뎅（3개）/1,돈까스/1
          ",너무 맛있게 잘 먹었습니다.
마포만두-시청점,2022년 3월 6일,5,5,5,"
            모둠만두/1,육개장/1,계란밥/1
          ",뭐 여기 사는 동안 몇번 시켜먹진 않았지만 그래도 시켜먹을 때 만큼은 즐겁게 먹고 갑니다. 만두도 맛있고 계란밥을 추가시켜 탕 찌개류에 먹으면 더 좋습니다. 제육을 시켜 넓은 볼에 계란밥에 섞어먹어도 맛있고. 사장님 건강하시고 장사 잘 되시길. 다음달에 이사가서  남김.
마포만두-시청점,2022년 3월 5일,5,5,5,"
            갈비만두/1,멸치김밥/1,쌀떡볶이/1,찹쌀순대/1,오뎅（3개）/1
          ",배달빠르고 맛있어요
마포만두-시청점,2022년 3월 5일,5,5,5,"
            갈비만두/1,1인세트/1,칠성사이다（355mL）/1
          ",여러번여기서 배달먹었는데 역시 실망시키지않아요~^^
마포만두-시청점,2022년 3월 5일,5,5,5,"
            갈비만두/1,1인세트/1,칠성사이다（355mL）/1
          ",역시 실망시키지않아요 맛 최고
마포만두-시청점,2022년 3월 4일,4,4,4,"
            참치김밥/1,쫄면/1
          ","익스프레스인데 늦게왔어요
참치김밥은 맛있습니다"
마포만두-시청점,2022년 2월 25일,5,5,5,"
            1인세트/1
          ","혼밥이지만
마싯게잘먹었습니다
양도많고
배부르네요"
마포만두-시청점,2022년 2월 24일,5,5,5,"
            치즈김밥/1,쌀떡볶이/1,찹쌀순대/1
          ","맛있어요~~
근데 단무지 반찬 주지말아달라고 했는데 확인못하셨나봐요ㅠ"
마포만두-시청점,2022년 2월 23일,5,5,5,"
            갈비만두/1,쌀떡볶이/1,찹쌀순대/1
          ",양많고 떡 쫄깃하고 내장도 맛있고 갈비만두 달짝지근 최고
마포만두-시청점,2022년 2월 22일,5,5,5,"
            고기만두/1,1인세트/1,칠성사이다（355mL）/1
          ",여기서 여러번배달해서먹는데 완전맛있어요^^
마포만두-시청점,2022년 2월 22일,5,5,5,"
            갈비만두/1,치즈김밥/1,오뎅（3개）/1
          ",치즈김밥 맛있어요!
마포만두-시청점,2022년 2월 21일,5,5,5,"
            갈비만두/1,쫄면/1
          ",맛있게 잘 먹었습니다.
마포만두-시청점,2022년 2월 20일,4,4,5,"
            쌀떡볶이/1,우동/1,쫄면/1,사골떡만두국/1,공기밥/1
          ",맛도 양도 배달도 만족합니다
마포만두-시청점,2022년 2월 20일,4,4,4,"
            갈비만두/1,모둠만두/1,참치김밥/1,쌀떡볶이/1,제육덮밥/1
          ",맛있게 잘먹었어요!!
마포만두-시청점,2022년 2월 19일,5,5,5,"
            오뎅（3개）/1,쫄면/1
          ",어머니께서 쫄면이 드시고싶다고하셔서 시켰는데 맛있다고하시네요 오뎅도 가격맞추느라 산건데 멋있었어요
마포만두-시청점,2022년 2월 19일,4,4,5,"
            김치만두/1,야채김밥/1,쌀떡볶이/1,사골떡만두국/1
          ",그냥 그랬어요 ㅎㅎ
마포만두-시청점,2022년 2월 17일,5,5,5,"
            모둠만두/1,쌀떡볶이/1,찹쌀순대/1
          ",내장 양이 디지게 많음 와우
마포만두-시청점,2022년 2월 17일,5,5,5,"
            참치김밥/1,쌀떡볶이/1,제육오징어덮밥/2,뚝배기불고기/1,비빔밥/1
          ",오징어 제육 간만에 맛잇게 먹엇네요 많이파세요~
마포만두-시청점,2022년 2월 14일,5,5,5,"
            야채김밥/1,우동/1
          ","김밥,우동 맛집이고좋은데 빨리배달이되도 거리가있으니까 우동면발은약간 부네요 아깝네요"
마포만두-시청점,2022년 2월 11일,4,5,5,"
            갈비만두/1,모둠만두/1,쌀떡볶이/1,찹쌀순대/1,오뎅（3개）/1
          ",만두는 갈비만두가 제일낫고 김치만두 고기만두는 좀 밍밍해요. 떡볶이만먹으면 그저그런데 순대를 떡볶이에 찍어먹으면 너무잘어울리는 양념맛이에요.
마포만두-시청점,2022년 2월 10일,5,5,5,"
            참치김밥/1,우동/1
          ",우동이 뜨겁게와서 좋았고 김밥 너무 맛있어요 우동에 고추가루 추가해야겠어요 약간 느끼해요 김치가 없어서 아쉬워요
마포만두-시청점,2022년 2월 10일,5,5,5,"
            참치김밥/1,쌀떡볶이/1
          ",맛있어요👍👍👍👍👍👍
마포만두-시청점,2022년 2월 10일,5,5,5,"
            모둠만두/1,쫄면/1,제육덮밥/1
          ",마시이써요! 만두가 특히 최고네요.
마포만두-시청점,2022년 2월 9일,5,5,5,"
            갈비만두/1,김치만두/1,참치김밥/1
          ",만두는 물론이고 김밥도 맛있어요! 맛있게 잘 먹었습니다
마포만두-시청점,2022년 2월 8일,5,5,5,"
            갈비만두/1,매콤김밥/1,참치김밥/1,쌀떡볶이/1
          ","처음 주문했는데 배달도 매우 빠르고
맛있게 잘 먹었습니다 👍"
마포만두-시청점,2022년 2월 7일,4,4,4,"
            모둠만두/1,소고기김밥/1
          ",맛있게 잘 먹었습니다
마포만두-시청점,2022년 2월 6일,5,5,5,"
            갈비만두/1,김치만두/1,매콤김밥/1
          ","야근 시 출출할 때 자주 시켜요! 갈비만두와 떡볶이를 주로 시키는데, 김치만두랑 김밥도 맛있네요~~"
마포만두-시청점,2022년 2월 5일,3,4,5,"
            모둠만두/2,쌀떡볶이/1
          ",만두도 생각한데로 맛있고 떡볶이는 신라면 보다 살짝 더 매웠습니다
마포만두-시청점,2022년 2월 5일,5,5,5,"
            갈비만두/1,사골떡만두국/1
          ",국물이 뜨거웠어 식혔어 드셨데요..감사합니다
마포만두-시청점,2022년 2월 3일,5,5,5,"
            순두부찌개/1,계란밥/1
          ",너무 많이 먹고 남기는 후기 ㅎㅎ. 배고파서 금새먹엇습니다
마포만두-시청점,2022년 2월 1일,5,5,5,"
            모둠만두/1,1인세트/1,펩시콜라（355mL）/1
          ",맛이짱이에요 배달도빠르고 사장님 최고이십니다
마포만두-시청점,2022년 1월 30일,5,4,5,"
            참치김밥/1,사골떡만두국/2
          ",맛 있어요 배달 빠르구요 전 떡만두국 양이 좀 작았어요 그래도 맛 있으니 좋아요 참치김밥은 정말 맛 있네요
마포만두-시청점,2022년 1월 28일,5,5,5,"
            모둠만두/1,오뎅（3개）/1,칠성사이다（355mL）/1
          ",delicious!
마포만두-시청점,2022년 1월 27일,5,5,5,"
            육개장/1,계란밥/1
          ",맛잇어요 매번 시키는 곳입니다.
마포만두-시청점,2022년 1월 27일,4,5,5,"
            참치김밥/1,멸치김밥/1
          ",멸치볶음은 약간매콤한게 맛은좋은데 작은국물이라도왔으면합니다
마포만두-시청점,2022년 1월 27일,5,5,4,"
            갈비만두/1,쫄면/1
          ",너무 맛있어요 배달도 빨라요
마포만두-시청점,2022년 1월 25일,5,5,5,"
            우동/1,계란밥/1
          ",최고예요 늘 매번 자주 먹게됩니다 ^.^
마포만두-시청점,2022년 1월 23일,5,5,5,"
            모둠만두/1,참치김밥/1,소고기김밥/1,쌀떡볶이/1,찹쌀순대/1
          ",넘모 맛있어요 항상 ㅎㅎ 콜라 서비스 고맙습니당!
마포만두-시청점,2022년 1월 20일,4,3,4,"
            모둠만두/1,매콤우동/1
          ","맛있어요
우동에 있는 돈가스나 갈비만두 고기에 오돌뼈가 있어서 먹다 이 아팠어요ㅠㅜ"
마포만두-시청점,2022년 1월 20일,4,4,4,"
            김치만두/1,쫄면/2,오징어덮밥/1
          ",깔끔하게 포장되서왔고 잘먹었어요
마포만두-시청점,2022년 1월 20일,5,5,5,"
            순두부찌개/1,계란밥/1,오뎅국물/1
          ","매번 맛있고,  안먹으면 섭할정도예요 ^.^오래오래해주세요"
마포만두-시청점,2022년 1월 19일,5,5,5,"
            갈비만두/1,제육덮밥/1
          ",맛나게 잘 먹었어요~~~
마포만두-시청점,2022년 1월 18일,5,5,5,"
            모둠만두/1,쫄면/1
          ",분식은 배달이 빠른게 기본이라고 생각하는데 20분 내외로 엄청 빨라요~~ 만두는 고기만두가 생각보다 맛있었어요
마포만두-시청점,2022년 1월 18일,5,5,5,"
            갈비만두/1,육개장/1
          ","갈비만두 최고♡

#식후감"
마포만두-시청점,2022년 1월 16일,5,5,5,"
            모둠만두/2
          ",다 맛있옸고 수술 한ㄷ라 입이 잘 안벌어지는데 직아서 질 들어감. 김치만두는 좀 매워요
마포만두-시청점,2022년 1월 11일,5,5,5,"
            참치김밥/1,쌀떡볶이/1,찹쌀순대/1,오뎅（3개）/1
          ",맛있게 잘 먹었습니다.
마포만두-시청점,2022년 1월 9일,4,4,4,"
            모둠만두/2,매콤김밥/1
          ",양과 맛둘다 괜찮았어요
마포만두-시청점,2022년 1월 9일,5,5,5,"
            모둠만두/1,야채김밥/1,쌀떡볶이/1
          ",맛있게 잘먹었습니다~
마포만두-시청점,2022년 1월 3일,5,5,5,"
            참치김밥/1,쌀떡볶이/1,찹쌀순대/1,오뎅（3개）/1
          ",빠르고 깔끔하고 맛있고
마포만두-시청점,2022년 1월 3일,4,5,5,"
            매운개성만두/1,쌀떡볶이/1,찹쌀순대/1,오뎅（3개）/1,쫄면/1
          ",올만에 배달했는데 맛은 여전하네요
마포만두-시청점,2022년 1월 3일,5,5,5,"
            순두부찌개/1,계란밥/1
          ",맛잇어요 ㅠㅠㅠㅠ
마포만두-시청점,2021년 12월 31일,5,5,5,"
            사골떡만두국/1,뚝배기불고기/1
          ",맛있게 잘 먹었습니다
마포만두-시청점,2021년 12월 31일,5,5,5,"
            모둠만두/2,매콤김밥/1,소고기김밥/1,쌀떡볶이/1,찹쌀순대/1,오뎅（3개）/1
          ",감사합니다 많이파세요
마포만두-시청점,2021년 12월 31일,5,5,5,"
            사골떡만두국/1,립톤복숭아맛（355mL）/1
          ",맛있게 잘 먹었습니다.
마포만두-시청점,2021년 12월 31일,5,5,5,"
            모둠만두/1,쫄면/1
          ",배달빨라요!!! 맛ㅇㅅ어요
마포만두-시청점,2021년 12월 30일,1,1,1,"
            쌀떡볶이/1,찹쌀순대/2,쫄면/1
          ","여기 시켜먹지마세요
순대는 누린내 엄청나고 딱딱함거 보니 오래된거고
떡볶이는 그냥 말이 안되는 수준의 맛이에요
최악입니다
다신 마주치지말자"
마포만두-시청점,2021년 12월 30일,5,5,5,"
            치즈김밥/1,쌀떡볶이/1,찹쌀순대/1
          ","언제나 맛있어요. 옛날 학교앞 떡볶이맛이고, 떡도 금방 한것처럼 쫄깃해서 좋아요."
마포만두-시청점,2021년 12월 30일,5,5,5,"
            뚝배기불고기/1,비빔밥/1
          ",맛있게 잘 먹었습니다
마포만두-시청점,2021년 12월 29일,5,5,5,"
            갈비만두/1,김치만두/1
          ",배달도 빠르고 양도 많고 맛있습니다~~
마포만두-시청점,2021년 12월 28일,4,5,5,"
            갈비만두/1,육개장/1,펩시콜라（355mL）/1,환타오렌지맛（355mL）/1
          ","마포만두 갈비만두 사랑해요


#식후감"
마포만두-시청점,2021년 12월 28일,5,5,5,"
            갈비만두/1,쫄면/1
          ",쫄면에 갈비만두 꿀조합
마포만두-시청점,2021년 12월 28일,2,2,4,"
            쌀떡볶이/1,순두부찌개/1
          ","순두부찌게를 주문했는데
맛은 둘째치고 반찬이 하나도 안왔음
김치라도 좋으면~~
수저 젖가락도 안주고
참~~"
마포만두-시청점,2021년 12월 27일,5,5,5,"
            모둠만두/1,참치김밥/1
          ",김밥이 너무 맛있습니다! 만두는 두말할 것도 없고요! ㅎㅎ
마포만두-시청점,2021년 12월 27일,3,5,4,"
            야채김밥/1,순두부찌개/1
          ",밑반찬이없어 아쉬웠지만 잘먹었습니다
마포만두-시청점,2021년 12월 26일,5,5,5,"
            갈비만두/1,매콤우동/1
          ",진짜 맛있어요ㅠㅠㅠㅠㅠㅠ 갈비만두!!!
마포만두-시청점,2021년 12월 24일,5,5,5,"
            1인세트/1
          ",맛나게 잘먹었습니당!
마포만두-시청점,2021년 12월 23일,5,4,5,"
            모둠만두/1,참치김밥/1
          ",맛있게 잘 먹었습니다! 감사합니당!
마포만두-시청점,2021년 12월 22일,2,3,2,"
            모둠만두/1,참치김밥/1,오뎅（3개）/1
          ","배달이 너무늦어 다 식어서 왔네요
그럭저럭"
마포만두-시청점,2021년 12월 17일,3,4,5,"
            갈비만두/1,고기만두/1,매운개성만두/1,쌀떡볶이/1
          ",만두에  단맛이 너무나요  처음주문한집인덕  고기만두  김치만두 떡볶이  개성만두인가 주문했는데 떡볶이는 어제팔다남은 오뎅이랑  같이섞어서 주신느낌  좀다소  실망이네오ㅡ
마포만두-시청점,2021년 12월 17일,5,5,5,"
            모둠만두/1,참치김밥/1
          ","따뜻하게 신속배달  좋아요
맛도 좋아요 굿굿굿^^"
마포만두-시청점,2021년 12월 15일,5,5,5,"
            1인세트/1
          ","배달도 빠르고 너무 자극적이지 않게
맛있게 잘 먹었습니다."
마포만두-시청점,2021년 12월 14일,4,4,4,"
            모둠만두/1,참치김밥/1
          ",맛있게 잘 먹었네요.
마포만두-시청점,2021년 12월 12일,5,5,5,"
            모둠만두/1,돈까스김밥/1,쫄면/1
          ","맛 하고 배달 속도를 말하자면 
항상 1등이 아닐까 싶습니다"
마포만두-시청점,2021년 12월 12일,5,5,5,"
            모둠만두/1,찹쌀순대/1,쫄면/1
          ","배달이 엄청빠르고 맛도 좋습니다
제가 만두를 엄청 좋아해서 ^^
항상 잘 먹고 있습니다"
마포만두-시청점,2021년 12월 12일,5,5,5,"
            모둠만두/2,야채김밥/2
          ",맛있었어요 만두김밥 다 좋았습니다
마포만두-시청점,2021년 12월 8일,5,5,5,"
            갈비만두/1,김치만두/1,매콤김밥/1,쌀떡볶이/1,찹쌀순대/1,오뎅（3개）/1,쫄면/1
          ",음식 다 맛있어요!!
마포만두-시청점,2021년 12월 7일,5,5,5,"
            찹쌀순대/2,제육덮밥/1
          ",빠르게 배달해주셔서 맛있게 먹으면서 리뷰남깁니다
마포만두-시청점,2021년 12월 6일,5,5,5,"
            치즈김밥/1,쫄면/1
          ",맛있게 잘 먹었습니다.
마포만두-시청점,2021년 12월 6일,4,5,5,"
            모둠만두/1,사골떡만두국/1
          ",포장상태 좋고 잘 먹었어요.
마포만두-시청점,2021년 12월 1일,5,5,5,"
            찹쌀순대/1,오뎅（3개）/1,뚝배기불고기/1
          ","뚝배기불고기 간을 약하게 부탁드렸는데 요청을 잘 들어주신 것 같아요
보통 음식점 뚝불이 달고 짜서 제 입맛엔 별로였는데 정말 맛있게 잘 먹었습니다!"
마포만두-시청점,2021년 11월 30일,5,5,5,"
            찹쌀순대/1,비빔밥/1
          ","비 오는 날에도 안전하게 배달해주셔서 감사드려요
비빔밥에 고사리랑 콩나물이 많아서 좋네요"
마포만두-시청점,2021년 11월 29일,5,5,5,"
            모둠만두/1,찹쌀순대/1,펩시콜라（355mL）/1
          ",맛있어요!! 만두가 진짜 미쳤어요🙆‍♀️🙆‍♀️
마포만두-시청점,2021년 11월 28일,5,5,5,"
            모둠만두/2,매콤김밥/2
          ",좋아요~~~~~~~
마포만두-시청점,2021년 11월 22일,3,3,5,"
            오징어덮밥/1,제육오징어덮밥/1,계란후라이/2
          ","제육볶음과 오징어 덮밥 시켰는데
제육볶음에 오징어 있어.. 깜놀
옆에사람이 고기를 안드셔서 오징어 덮밥에도 
고기들어갔나 안드시면 어쩌나 놀랬어요 다음엔 안섞이면좋을거같아요 저야 같이 먹을수 있어 좋긴했는데 좀 비위생적이였어요"
마포만두-시청점,2021년 11월 22일,5,5,5,"
            김치만두/1,매운개성만두/1,쌀떡볶이/1
          ",김치만두 맛나요~개성매운만두도 맵고 야채가많아 담백하고 맛나요~떡볶이는 옛날 어릴때 먹었던 맛이네요^^
마포만두-시청점,2021년 11월 19일,5,5,5,"
            모둠만두/1,쌀떡볶이/1,계란후라이/1
          ",만두 최고에요 너무 맛있어요!!!!!!!!!
마포만두-시청점,2021년 11월 18일,5,5,5,"
            갈비만두/1,쫄면/1
          ",ㅎㅎ매번 먹을때마다 꿀맛이네요
마포만두-시청점,2021년 11월 17일,5,5,5,"
            갈비만두/1,소고기김밥/1,쌀떡볶이/2
          ",떡복이 맛있네요 추천합니다
마포만두-시청점,2021년 11월 17일,5,5,5,"
            찹쌀순대/1,순두부찌개/1
          ",잘먹겠습니다 잘먹겠습니다
마포만두-시청점,2021년 11월 17일,5,5,5,"
            참치김밥/1,계란밥/1,계란후라이/1
          ",촣아요 잘먹겠습니다...
마포만두-시청점,2021년 11월 15일,5,5,5,"
            우동/1,참치김치덮밥/1,공기밥/1
          ",맛일어요ㅠㅠ늘!!!!!
마포만두-시청점,2021년 11월 14일,5,5,5,"
            모둠만두/1,쌀떡볶이/1,찹쌀순대/1,사골떡만두국/1
          ",개성이 매운가요..떡볶이가 매운가욬ㅋㅋㅋㅋ 뭔가가 매웟어욭ㅌㅌㅋㅋㅋㅋㅋㅋㅋ 그래도 맛있게 먹었습니다.
마포만두-시청점,2021년 11월 13일,5,5,3,"
            고기만두/1,김치만두/1,쌀떡볶이/1,찹쌀순대/1,돈까스/1,펩시콜라（355mL）/1
          ",2분지각 입니다 ㅠㅠ
마포만두-시청점,2021년 11월 13일,5,3,5,"
            모둠만두/1,매콤김밥/1,순두부찌개/1
          ",맛이랑 배달 이 우수우수
마포만두-시청점,2021년 11월 12일,5,5,5,"
            모둠만두/1,찹쌀순대/1,오뎅국물/1
          ",서비스도 좋고 맛도 좋아요!
마포만두-시청점,2021년 11월 10일,5,5,5,"
            참치김밥/2,소고기김밥/1,멸치김밥/1,쌀떡볶이/1,찹쌀순대/1,오뎅（3개）/1
          ",존맛탱  존맛탱 존맛탱 최고
마포만두-시청점,2021년 11월 9일,5,5,5,"
            쌀떡볶이/1,찹쌀순대/1,오뎅（3개）/1
          ",맛있게 잘먹었습니다. 많이 파세요.
마포만두-시청점,2021년 11월 4일,5,5,5,"
            모둠만두/1,참치계란밥/1,오뎅국물/1
          ",만두랑 계란밥 다 맛있었어요
마포만두-시청점,2021년 11월 3일,5,5,5,"
            우동/1,참치김치덮밥/1
          ",맛잇어요! 우동먼저 후루룩
마포만두-시청점,2021년 11월 3일,5,5,5,"
            모둠만두/1,순두부찌개/1
          ",갈비만두랑 고기만두 맛있ㅇ니야ㅡ~
마포만두-시청점,2021년 10월 31일,5,5,5,"
            갈비만두/1,참치김밥/1,찹쌀순대/1
          ",참 맛 좋읍니다.
마포만두-시청점,2021년 10월 30일,5,5,5,"
            모둠만두/1,쌀떡볶이/1,오뎅국물/1
          ",맛 서비스 굿 추천합니다
마포만두-시청점,2021년 10월 29일,5,5,5,"
            고기만두/1,김치만두/4
          ",만두냠냠 잘먹겠습니다~!☆
마포만두-시청점,2021년 10월 29일,5,4,5,"
            갈비만두/1,쫄면/1
          ","맛있게 잘먹었습니당~
갈비만두 항상 맛나요"
마포만두-시청점,2021년 10월 29일,5,5,5,"
            모둠만두/1,찹쌀순대/1,계란후라이/1
          ",제 입맛엔 만두보다 순대가 더 맛있네요
마포만두-시청점,2021년 10월 28일,5,5,5,"
            참치김밥/1,쫄면/1
          ",빠르고 늘맛잇어요! 양이 딱 제가 원하는만큼 주셔서 좋습니다!
마포만두-시청점,2021년 10월 27일,5,5,5,"
            모둠만두/1,매콤김밥/1
          ",맛나고 좋았네요. 이번엔 다른 음식으로 거겠습니다.
마포만두-시청점,2021년 10월 23일,4,5,5,"
            갈비만두/1,제육덮밥/1
          ","솔직히 말해 제육덮밥은 양만 많고 제 입맛엔 썩 맞지 않았어요.
그런데 배달요금 맞추려고 주문한 갈비만두가 정말 맛있더라고요.
갈비만두 하나는 초강추합니다.
다음번엔 다른 만두도 같이 해서 만두만으로 주문해보려고요.
덕분에 저녁식사 잘 먹었습니다~"
마포만두-시청점,2021년 10월 21일,5,5,5,"
            소고기김밥/1,쌀떡볶이/1,사골떡만두국/1,계란밥/1
          ",너무 맛있어요^^.
마포만두-시청점,2021년 10월 21일,4,5,5,"
            모둠만두/1,쌀떡볶이/1,뚝배기불고기/1
          ",만두끼리 너무 붙어있는게 아쉬워요 다 찢어져서 떨어져요ㅜ맛은 좋아요 개성만두 마싯
마포만두-시청점,2021년 10월 21일,5,5,5,"
            모둠만두/1,돈까스김밥/1,쌀떡볶이/1,찹쌀순대/1
          ","맛있어요~^^
양도 최고이고요"
마포만두-시청점,2021년 10월 20일,5,5,5,"
            모둠만두/1,찹쌀순대/1,식사세트A - 제육덮밥＋오뎅（3개）/1
          ",순대에  소금이 안왔네요
마포만두-시청점,2021년 10월 20일,5,5,5,"
            갈비만두/1,참치김밥/1,쌀떡볶이/1,찹쌀순대/1
          ",맛있어서 종종시켜요
마포만두-시청점,2021년 10월 20일,5,5,5,"
            식사세트A - 제육덮밥＋오뎅（3개）/1
          ",잘먹었습니다~~~~배고팠느데배달빨라서좋았어요
마포만두-시청점,2021년 10월 19일,5,5,5,"
            쌀떡볶이/1,찹쌀순대/1,오뎅（3개）/1
          ",배가 고파 순대를 한점 먹고 찍어버린;;; 잘먹겠습니다
마포만두-시청점,2021년 10월 18일,5,5,5,"
            찹쌀순대/1,참치김치덮밥/1,계란밥/1
          ",맛있게  잘먹었습니다
마포만두-시청점,2021년 10월 18일,5,5,5,"
            갈비만두/1,식사세트A - 제육덮밥＋오뎅（3개）/1
          ",제육덮밥 맛잇습니다 제육먹다 계란 반숙나오면 기분좋음
마포만두-시청점,2021년 10월 17일,4,5,5,"
            모둠만두/1,참치김밥/1,쌀떡볶이/1,찹쌀순대/1,칠성사이다（제로）/1
          ","18처넌이상 음료준다고했는데 그게 누락됫나봐여ㅠ 안옴..
떡볶이는 맵다는데 하나도 안매웟어요! 맵찔이인데도 잘먹었는데 그 만두하나가 장난아니네요 당황
만두도 맛있고 김밥 엄청커요!! 두께가 커서 놀랐어요"
마포만두-시청점,2021년 10월 15일,5,5,5,"
            소고기김밥/1,쌀떡볶이/1,사골떡만두국/1,계란밥/1
          ",♥️ 너무 맛있어요^^
마포만두-시청점,2021년 10월 15일,4,4,4,"
            갈비만두/1,모둠만두/1,매콤김밥/1,쌀떡볶이/1
          ",맛있어요 ~ 매운김밥은 조금 축축한느낌 !
마포만두-시청점,2021년 10월 14일,5,5,5,"
            갈비만두/3
          ",맛있어서 이번에 다시 주문 했어요 음식이 따뜻할 때 와서 더욱 맛있었습니다
마포만두-시청점,2021년 10월 14일,5,4,4,"
            참치김밥/1,쌀떡볶이/1,계란밥/1
          ",너무 맛있어요^^
마포만두-시청점,2021년 10월 14일,5,4,4,"
            야채김밥/1,쌀떡볶이/1,계란밥/1
          ",너무 멋있어요^^.
마포만두-시청점,2021년 10월 14일,5,4,4,"
            참치김밥/1,쌀떡볶이/1,계란밥/1
          ",너무 맛있어요^^!
마포만두-시청점,2021년 10월 13일,5,5,5,"
            쌀떡볶이/1,찹쌀순대/1,육개장/1
          ",맛있게 잘먹었습니다
마포만두-시청점,2021년 10월 9일,5,4,5,"
            갈비만두/1,김치만두/1,매콤김밥/1
          ",만두만두
마포만두-시청점,2021년 10월 8일,5,5,5,"
            모둠만두/1,찹쌀순대/1,육개장/1
          ",맛있게잘먹었습니다
마포만두-시청점,2021년 10월 8일,2,2,1,"
            쌀떡볶이/1,사골떡만두국/1,공기밥/1
          ",맛있고 배달도 친절하네요
마포만두-시청점,2021년 10월 7일,5,5,5,"
            모둠만두/1,참치김밥/1,쌀떡볶이/2
          ",맛있게잘먹었습니다. 사장님근데 떡볶이가 좀매운데 순한맛도 만드실계획은없으신지요?
마포만두-시청점,2021년 10월 6일,5,5,5,"
            갈비만두/1,찹쌀순대/1,제육덮밥/3
          ",밥은 ㅍㅌㅊ....  만두 ㄱㅆㅅㅌㅊ... 야근중에 행복했네요
마포만두-시청점,2021년 10월 6일,4,5,5,"
            찹쌀순대/1,육개장/1,참치계란밥/1,펩시콜라（355mL）/1,환타오렌지맛（355mL）/1
          ","순대 역시맛나요

여기는 갈비만두 순대맛집

나머지메뉴는 평타정도되는거같습니다

#식후감"
마포만두-시청점,2021년 10월 6일,5,5,5,"
            찹쌀순대/1,식사세트A - 제육덮밥＋오뎅（3개）/1
          ",맛있게 잘먹었습니다
마포만두-시청점,2021년 10월 5일,5,5,5,"
            갈비만두/2,환타오렌지맛（355mL）/1
          ",간편하고 엄청 맛있습니다~~~
마포만두-시청점,2021년 10월 2일,2,2,2,"
            모둠만두/1,우동/1
          ",김치만두가 너무 매웠어요
마포만두-시청점,2021년 10월 2일,5,5,5,"
            소고기김밥/1,쌀떡볶이/1,찹쌀순대/1
          ",순대랑 떡볶이 너무 맛났어요 순대 강추!
마포만두-시청점,2021년 9월 29일,5,5,5,"
            모둠만두/1,쌀떡볶이/1,찹쌀순대/1,우동/1,매콤우동/1,육개장/1
          ",👍🏻👍🏻👍🏻👍🏻👍🏻👍🏻👍🏻👍🏻👍🏻👍🏻
마포만두-시청점,2021년 9월 29일,5,5,5,"
            모둠만두/1,제육덮밥/1
          ",맛있어요........
마포만두-시청점,2021년 9월 29일,5,5,5,"
            갈비만두/3,쫄면/1
          ","역시 갈비 만두 짱~
쫄면은 맵찔이인 저한테는 쫌 맵네용ㅋㅋ
그래도 맛있어요"
마포만두-시청점,2021년 9월 28일,4,3,5,"
            모둠만두/1,쫄면/1
          ",쫄면은 조금 퍽퍽했어요 만두는 맛있었어요!
마포만두-시청점,2021년 9월 24일,5,5,5,"
            갈비만두/3,참치김치덮밥/1
          ",역시 갈비만두 최고네요~~
마포만두-시청점,2021년 9월 22일,4,4,5,"
            모둠만두/3,야채김밥/1,쌀떡볶이/1,찹쌀순대/1
          ",맛있게 잘 먹었어요 만두는 미니사이즈였지만 맛났습니다
마포만두-시청점,2021년 9월 20일,5,5,5,"
            갈비만두/1,제육덮밥/2
          ",제육과 갈비만두는 진리
마포만두-시청점,2021년 9월 15일,5,5,5,"
            쌀떡볶이/1,찹쌀순대/1,육개장/1,계란밥/1
          ",맛있게 잘먹었습니다
마포만두-시청점,2021년 9월 13일,5,3,2,"
            순두부찌개/3
          ","맛있었습니다. 배달은 국물이 쏟아져서 배달 되었고, 서비스로 제공해주시겠다던 음료수는 오지않았네요. 다른 경쟁업체와 마포만두와 비교를 했을때 경쟁력이 있어보여서 시켰는데 아쉽습니다."
마포만두-시청점,2021년 9월 12일,5,5,5,"
            갈비만두/1,고기만두/1,참치김밥/1,쌀떡볶이/1,찹쌀순대/1,오뎅（3개）/1
          ",맛있게 잘 먹었습니다.
마포만두-시청점,2021년 9월 12일,5,5,5,"
            치즈김밥/1,소고기김밥/2,돈까스김밥/1
          ",김밥 잘 먹었습니다
마포만두-시청점,2021년 9월 11일,5,5,5,"
            갈비만두/1,참치김밥/1,돈까스/1
          ",잘 먹었습니다 든든
마포만두-시청점,2021년 9월 8일,5,5,5,"
            모둠만두/1,쌀떡볶이/1,찹쌀순대/1
          ","만두,떡볶이,순대 다 맛있습니다 다만 떡볶이가 매워서 먹다가 습하습하를 연발하게 만드는.. 아무튼 잘 먹었습니다!!"
마포만두-시청점,2021년 9월 7일,5,5,5,"
            매운개성만두/1,모둠만두/1,공기밥/1
          ",맛있게 잘 먹었습니닿ㅎ
마포만두-시청점,2021년 9월 7일,5,5,5,"
            매운개성만두/1,모둠만두/1,쌀떡볶이/1
          ",맛있게 잘 먹었습니닿ㅎ
마포만두-시청점,2021년 9월 6일,5,5,5,"
            모둠만두/2,매콤김밥/1
          ","배달빠르고 양도 좋고 맛있어요 또 시킬거에요
사진은 흡입하느라 ㅠ 없네여 
담번엔 갈비랑 김치만 시켜보려고요 특히 맛있네요"
마포만두-시청점,2021년 9월 4일,5,5,5,"
            갈비만두/1,고기만두/1,쌀떡볶이/1
          ","맛있게 잘 먹었습니다

무난해요"
마포만두-시청점,2021년 8월 31일,5,5,5,"
            모둠만두/3,참치김밥/5,쌀떡볶이/2
          ",맛잇게 잘먹었습니다
마포만두-시청점,2021년 8월 31일,5,5,5,"
            김치만두/1,참치김밥/1,쌀떡볶이/1
          ",너무너무너무맛있었어요~!! 오릴때생각나는맛이다 ㅠㅠ
마포만두-시청점,2021년 8월 31일,3,3,3,"
            고기만두/1,소고기김밥/1,쌀떡볶이/1,찹쌀순대/1,쫄면/1
          ","음료수는 서비스로 환타를 주셨어요 감사해요.

하지만 후기는 정직해야하니까요.

전체적으로 맛 없었어요. 특히 쫄면은 쫌 

어느 후기에 맛있다고 써있던데 미각을 잃으셨나

너도 한 번 당해봐라 인건지...휴"
마포만두-시청점,2021년 8월 29일,5,5,5,"
            갈비만두/1,식사세트A - 제육덮밥＋오뎅（3개）/1
          ","갈비 만두가 정말정말 맛있었습니다. 
제육이랑 오뎅탕은 평범했어요!!"
마포만두-시청점,2021년 8월 27일,5,5,5,"
            모둠만두/1,매콤우동/1
          ",👍🏻👍🏻👍🏻👍🏻👍🏻👍🏻👍🏻👍🏻👍🏻👍🏻
마포만두-시청점,2021년 8월 27일,5,5,5,"
            찹쌀순대/1,육개장/1
          ","순대 밥알부터 뜨끈함까지

진짜 너무맛있음

고급 고기멉는 느낌까지 나요



#식후감"
마포만두-시청점,2021년 8월 25일,5,5,5,"
            갈비만두/1,참치김치덮밥/1
          ",맛있게 잘먹었습니다
마포만두-시청점,2021년 8월 23일,5,5,5,"
            육개장/1,계란밥/1,스파클링 사과맛（355mL）/1
          ","맛나요 

깔끔 하고"
마포만두-시청점,2021년 8월 23일,5,5,1,"
            야채김밥/1,쌀떡볶이/1,오뎅（3개）/1
          ","떡볶이를 잘 안먹는데 가끔 먹게되면 이집요 무조건!
맛잇어요~~
한 대여섯번 주문한거같은데..떡을 눌러보면서 먹게되요;;
오늘은 괜찮앗지만...떡볶이가 딱딱하단 생각을 안하니까 무심코 먹다보면 이가 아플정도로 엄청 딱딱한 떡이 들어잇어요;; 가끔 별하나씩 뺏던 이유가...."
마포만두-시청점,2021년 8월 18일,3,3,3,"
            갈비만두/1,우동/1
          ",우동이 불어서 올 수도 있네요 면을 따로 넣어주시던가 해야 할 것 같아요
마포만두-시청점,2021년 8월 18일,5,5,5,"
            모둠만두/1,참치김밥/1,돈까스김밥/1,쌀떡볶이/1
          ","오랜만에 시켯는데 역쉬 맛나요 ㅎ
떡볶이가 마니매웟지만 ㅎㅎ"
마포만두-시청점,2021년 8월 17일,5,5,5,"
            찹쌀순대/1,제육덮밥/1,돈까스/1
          ",맛있게 잘먹었습니다.
마포만두-시청점,2021년 8월 17일,5,5,5,"
            찹쌀순대/2,공기밥/1
          ",맛있게 잘 먹었어요
마포만두-시청점,2021년 8월 15일,5,5,5,"
            갈비만두/1,참치김밥/2,카레덮밥/1,칠성사이다（355mL）/2,생수（500mL）/1
          ",잘먹었습니다 수고하세요 감사합니다
마포만두-시청점,2021년 8월 15일,5,5,5,"
            갈비만두/1,김치만두/1,쫄면/1,칠성사이다（355mL）/1,환타오렌지맛（355mL）/1
          ",주문확인이 너무 늦어서 취소할뻔했지만 배달은 20분만에 되어서 만족했다네요...
마포만두-시청점,2021년 8월 14일,5,5,5,"
            모둠만두/1,매콤김밥/1,오뎅국물/1
          ",국물이 좀 흘렀지만 맛있게 잘 먹겠습니다
마포만두-시청점,2021년 8월 13일,5,5,5,"
            갈비만두/1,찹쌀순대/1,육개장/1
          ","갈비만두는 진짜 맛있고 

순대도 당면이 너무 맛있어요"
마포만두-시청점,2021년 8월 13일,5,5,5,"
            치즈김밥/1,쌀떡볶이/1,찹쌀순대/1,쫄면/1
          ","떡볶이 2인분 시킬걸 ㅜㅜ 순대, 치즈 김밥이랑 조합 짱이예요!"
마포만두-시청점,2021년 8월 13일,5,5,5,"
            멸치김밥/1,제육오징어덮밥/1
          ",언제나 맛있습니다.
마포만두-시청점,2021년 8월 10일,5,5,5,"
            돈까스/1,오뎅국물/1,칠성사이다（355mL）/1
          ",맛잇어요.  양도 적당하니 좋아서 자주먹게되요
마포만두-시청점,2021년 8월 9일,4,4,4,"
            모둠만두/1,쌀떡볶이/1,오뎅（3개）/1
          ","맛있어요.
분식이먹고싶었는데너무맛있었어요"
마포만두-시청점,2021년 8월 8일,5,5,5,"
            소고기김밥/2,우동/1,돈까스/1,뚝배기불고기/1
          ","빠른배송 넘나 감사합니다 
맛있게 잘 먹었습니다   번창하세요"
마포만두-시청점,2021년 8월 6일,5,5,5,"
            돈까스/1,칠성사이다（355mL）/1
          ",맛잇어요 양도 딱 좋아요!
마포만두-시청점,2021년 8월 6일,5,5,5,"
            소고기김밥/1,쫄면/1
          ",말해모해요^.^맛잇어요
마포만두-시청점,2021년 8월 6일,5,5,5,"
            모둠만두/1,매콤김밥/1,오뎅국물/1
          ",맛나게 먹었어요 잘먹었
마포만두-시청점,2021년 8월 6일,5,5,5,"
            모둠만두/2,야채김밥/1,쌀떡볶이/2
          ",맛있어요. 역시 만두집이라 피도 얇고 좋아요
마포만두-시청점,2021년 8월 4일,5,5,5,"
            모둠만두/10
          ",갈비만두마싱ㅅ음요ㅎ
마포만두-시청점,2021년 8월 2일,4,4,4,"
            모둠만두/2,야채김밥/1,치즈김밥/1,쌀떡볶이/1,찹쌀순대/1
          ",배고팠는데 맛나게 먹었네요~ 많이 파세요
마포만두-시청점,2021년 8월 2일,5,5,5,"
            모둠만두/1,쌀떡볶이/1,찹쌀순대/1
          ",떡볶이 순대 만두 다 맛있었어요! 개성만두가 생각보다 많이 맵더라구요🥲
마포만두-시청점,2021년 8월 2일,2,2,5,"
            식사세트A - 제육덮밥＋오뎅（3개）/1
          ",댓글을 달앗는대 안보실거면 외 쓰라고하는지..ㅋㅋㅋ배달은 만족입니다.
마포만두-시청점,2021년 7월 31일,5,5,5,"
            모둠만두/1,우동/1
          ",젓가락 없이 베스킨라빈스 숟가락으로 먹고있어요 달라고 요청드렸는데 속상하네요ㅜ 음식은 맛있어요 ㅇ ㅡㅇ.!
마포만두-시청점,2021년 7월 27일,5,5,5,"
            갈비만두/1,우동/1
          ",맛잇어요. 또시켜먹을께요!
마포만두-시청점,2021년 7월 26일,5,5,5,"
            갈비만두/2,고기만두/1
          ",갈비만두 인생만두 최강 이에요.
마포만두-시청점,2021년 7월 25일,4,5,5,"
            쌀떡볶이/1,쫄면/1,참치김치덮밥/1
          ",떡볶이 너무 맛잇어요
마포만두-시청점,2021년 7월 25일,5,5,5,"
            모둠만두/1,참치김밥/1,돈까스김밥/1,멸치김밥/1,쌀떡볶이/1,찹쌀순대/1,쫄면/1,펩시콜라（355mL）/2
          ",역시 계속 먹는 이유가 있습니다
마포만두-시청점,2021년 7월 25일,3,5,5,"
            모둠만두/1,참치김밥/1,쫄면/1,제육오징어덮밥/1,오뎅국물/1
          ",배달엄청빨라서좋네요~ 하지만 음식이 전체적으로 무슨맛인지모르겠어요; 맛이없어요ㅜ 만두는 맛있네요~^^
마포만두-시청점,2021년 7월 24일,5,5,5,"
            모둠만두/1,식사세트A - 제육덮밥＋오뎅（3개）/1
          ",양 정말 푸짐하고 맛있어요
마포만두-시청점,2021년 7월 23일,4,4,2,"
            모둠만두/1,쌀떡볶이/1,찹쌀순대/1,쫄면/1,계란밥/1
          ",단무지 넉넉하세 주셔서 좋았고 전체적으로 맛있었어요. 쫄면은 생각보다 별로였지만.. 익스프레스라서 주문했는데 40분넘게걸려서 아쉬웠어요
마포만두-시청점,2021년 7월 22일,5,5,5,"
            김치만두/1,쌀떡볶이/1,찹쌀순대/1,쫄면/1
          ",너무 맛있었습니다~
마포만두-시청점,2021년 7월 22일,2,2,3,"
            모둠만두/1,쌀떡볶이/1,찹쌀순대/1,쫄면/1
          ",쫄면이 좀더 상큼 했으면 좋겠어요
마포만두-시청점,2021년 7월 19일,3,5,5,"
            모둠만두/1,쌀떡볶이/1,찹쌀순대/1,비빔밥/1
          ","가격대비맛있어요
순대,떡볶이,만두,비빔밥시켰는데 
비빔밥은비추
고추장이 정말조금들어가있어서 반이상버렸네요"
마포만두-시청점,2021년 7월 18일,5,5,5,"
            찹쌀순대/1,제육덮밥/1
          ",제육덮밥 양념 더 많았으면 좋겟다
마포만두-시청점,2021년 7월 17일,4,4,4,"
            참치김밥/1,찹쌀순대/1,오뎅（3개）/1,생수（500mL）/1,칠성사이다（제로）/1
          ",1회용 숟가락 젓가락 신청했는데 안보내셨네요 ㅠ
마포만두-시청점,2021년 7월 16일,5,5,5,"
            갈비만두/1,쌀떡볶이/1,계란밥/1
          ","맛도 양도 너무너무 훌륭합니다.
너무 잘 먹었습니다."
마포만두-시청점,2021년 7월 16일,5,5,5,"
            갈비만두/1,쫄면/1
          ",잘 받았습니다. 맛나게 먹었습니다. 또 주문할께요.
마포만두-시청점,2021년 7월 13일,4,5,5,"
            식사세트A - 제육덮밥＋오뎅（3개）/1
          ",밥을 먹어야하는데 일회용품 체크 했는데 숟가락을 안주시면ㅠㅠ손으로 먹겠습니다..
마포만두-시청점,2021년 7월 12일,5,5,5,"
            모둠만두/1,쌀떡볶이/1,찹쌀순대/1,오뎅（3개）/1
          ",매운떡볶이가 질려있던 차에 문방구에서 팔던 떡볶이를 만난 것 같아서 너무 좋아요 ₍ᐢ ɞ̴̶̷  ̫ ɞ̴̶̷ ᐢ₎... 잘 먹었습니다!
마포만두-시청점,2021년 7월 11일,5,5,5,"
            갈비만두/1,육개장/1,계란밥/1,환타오렌지맛（355mL）/1,스파클링 사과맛（355mL）/1
          ",갈비만두가 진짜좋인요
마포만두-시청점,2021년 7월 11일,5,5,5,"
            갈비만두/1,참치김밥/1,우동/1,카레덮밥/1
          ",여전히 맛있어요 선택에 변화 없이 맛있게 먹었습니다 감사합니다
마포만두-시청점,2021년 7월 11일,4,5,5,"
            모둠만두/1,사골떡만두국/1
          ",감사하 잘먹었습니다
마포만두-시청점,2021년 7월 8일,5,5,5,"
            갈비만두/1,모둠만두/1,참치김밥/1,소고기김밥/1,쌀떡볶이/1
          ",맛있게  먹었어요
마포만두-시청점,2021년 7월 8일,5,3,4,"
            모둠만두/1,쌀떡볶이/1,공기밥/2
          ",떡볶이는 만두집에 파는거니까 그냥 별 기대없이 먹었는데 웬걸 여러분 쌀떡볶이 드세요!! 한 번 드세여 두 번 드세요 !!! 와 떡볶이 완전 옛날에 학원 끝나고 사먹던 추억의 맛이였어요 만두는 생각보다 양이 넘 적어서 놀라긴 했는데 맛있게 다 먹었습니당 :)
마포만두-시청점,2021년 7월 7일,5,5,5,"
            식사세트A - 제육덮밥＋오뎅（3개）/1
          ",맛 좋고 양 많고 모두 만족합니대.~~^^
마포만두-시청점,2021년 7월 5일,5,5,5,"
            갈비만두/1,쫄면/1,제육덮밥/1
          ","#식후감
쫄면도 만두도 제육도 다 맛있어요
저 후기 잘 안남기는데 먹다가 너무 맛있어서 후기 남길 생각으로 사진 찍었어요
탱글탱글 쫄면이랑 갈비만두 같이 먹으면 얼마나 맛있게요🥰"
마포만두-시청점,2021년 7월 4일,5,5,5,"
            갈비만두/1,고기만두/1,참치김밥/1,참치계란밥/1,오뎅국물/1
          ",잘먹었습니다 수고하세요 감사합니다
마포만두-시청점,2021년 6월 27일,5,5,5,"
            갈비만두/1,쌀떡볶이/1,찹쌀순대/1
          ",나눠 먹느라 덜은 사진 ㅎㅎㅎ 양도 많고 맛있게 잘 먹었어요~
마포만두-시청점,2021년 6월 26일,5,5,5,"
            갈비만두/1,쌀떡볶이/1,오뎅（3개）/1,돈까스/1,계란밥/1
          ",맛잇어요!!!!!!
마포만두-시청점,2021년 6월 25일,5,5,5,"
            갈비만두/1,참치김밥/1,쌀떡볶이/1,쫄면/1,돈까스/1
          ",처음인데 맛있게 잘 먹었습니다 감사합니다!
마포만두-시청점,2021년 6월 23일,5,5,5,"
            모둠만두/2
          ",잘 먹었어요~~~~
마포만두-시청점,2021년 6월 23일,5,4,5,"
            쫄면/1,제육덮밥/1
          ",야식으로 잘 먹었읍미다
마포만두-시청점,2021년 6월 20일,5,5,5,"
            갈비만두/1,참치김밥/1,우동/1,카레덮밥/1,칠성사이다（355mL）/1,생수（500mL）/1
          ","매번 잘주셨서  감사합니다 맛있게 먹어요 
수고하세요"
마포만두-시청점,2021년 6월 19일,5,5,5,"
            모둠만두/1,참치김밥/1,쌀떡볶이/1
          ",언제나 맛있어요~~
마포만두-시청점,2021년 6월 16일,5,5,5,"
            갈비만두/1,모둠만두/2
          ",맛있어요~ 모듬만두에 개성만두 진짜 맵지만 맛있네요
마포만두-시청점,2021년 6월 13일,1,1,5,"
            모둠만두/1,쌀떡볶이/1,돈까스/1,육개장/1
          ","7천원 돈까스 6조각
7천원 육개장
돈까스는 학교 급식맛.
육개장은 진짜...하..."
마포만두-시청점,2021년 6월 12일,5,5,5,"
            쌀떡볶이/1,찹쌀순대/2
          ",맛있고 양도 넉넉하네요 순대 내장류 좋아해서 넉넉히 부탁드렸더니 엄청 많이주심ㅎ번창하세요!
마포만두-시청점,2021년 6월 12일,2,1,5,"
            모둠만두/1,순두부찌개/1
          ",맛은 보통입니다 양이 너무 적어요 배달은 진짜 빠르고 좋아요
마포만두-시청점,2021년 6월 12일,1,1,1,"
            갈비만두/1,고기만두/1,야채김밥/1
          ",완전 별루 어플에 남의집먼저 배달가는게 다보임 한참돌아서 도착예정시간보다 30분늦게옴 중간에 어플에서 갑자기 사라짐 다 식어빠져서 맛이있는지없는지 모르겠음
마포만두-시청점,2021년 6월 11일,5,5,5,"
            모둠만두/1,참치계란밥/1,오뎅국물/1
          ",맛있게 잘 먹었는데 계란 완숙 해달라고 요청드렸는데 안됐더라구요 바쁘셔서 그런가 하긴했는데 조금 아쉬웠어요!
마포만두-시청점,2021년 6월 8일,5,5,5,"
            참치김밥/1,쌀떡볶이/1
          ",떡볶이도 김밥도 맛있었습니다!
마포만두-시청점,2021년 6월 7일,5,5,5,"
            김치만두/1,매콤김밥/1,쫄면/1
          ",배달빠르고 만두 맛있었어요 쫄면은 맛은괜찮은데 식감이 뭔가 퍽퍽한 맛이에요 고춧가루때문인가?
마포만두-시청점,2021년 6월 7일,5,5,5,"
            참치김밥/1,찹쌀순대/1,계란밥/1
          ",항상 맛있게 먹어요!
마포만두-시청점,2021년 6월 5일,5,5,5,"
            갈비만두/1,고기만두/1,참치김밥/1,쌀떡볶이/2,칠성사이다（제로）/1
          ","배달 빠릅니다! 만두는 부드럽고 맛납니다!
떡볶이는 맛있게 맵습니다! 김밥은 참치가 많이 들어가서 맛납니다. 전체적으로 만족했습니다."
마포만두-시청점,2021년 6월 5일,5,3,3,"
            갈비만두/1,쌀떡볶이/1,찹쌀순대/1,오뎅（3개）/1,쫄면/1
          ","맛있었습니다
다만 담부터 같은 내역으로 두번 결제되면 주문잘못되었는지 확인해주세요.. 주문자 실수이지만..
같은 집에 똑같은 음식인데 배달비 두번 나가면..ㅠ"
마포만두-시청점,2021년 6월 4일,5,5,5,"
            모둠만두/1,돈까스/1
          ",맛있네요 배송도 빠르고 ㅋㅋ
마포만두-시청점,2021년 6월 4일,5,5,5,"
            갈비만두/2,참치김밥/1,쌀떡볶이/2,찹쌀순대/1,쫄면/1
          ",빠른배달과 음료수서비스 감사해요
마포만두-시청점,2021년 6월 3일,4,4,5,"
            모둠만두/1,야채김밥/1,쌀떡볶이/1,뚝배기불고기/1
          ","배고팠는데 배달 엄청 빨라서 좋았아요
갈비만두 또 먹고싶네요!!ㅎ"
마포만두-시청점,2021년 6월 3일,5,5,5,"
            식사세트A - 제육덮밥＋오뎅（3개）/1
          ",맛있습니다.
마포만두-시청점,2021년 5월 28일,5,5,5,"
            갈비만두/1,쌀떡볶이/1,오뎅（3개）/1
          ",배달은 조금 느린데 맛있어요~
마포만두-시청점,2021년 5월 27일,5,5,5,"
            갈비만두/1,참치김밥/1,소고기김밥/1,계란밥/1
          ",잘먹습니다 수고하세요
마포만두-시청점,2021년 5월 26일,5,5,5,"
            쌀떡볶이/1,찹쌀순대/1,칠성사이다（제로）/1
          ","맛있습니당ㅎㅎㅎ 굳굳

근데 간은 2개만 넣어달라구 요청 적었는데
내장이 다른거빼고 간만 들어있어서 살짝 아쉽군요 ㅜㅜ
다음부터는 정확히 적을게용ㅎㅎ 감사합니다"
마포만두-시청점,2021년 5월 23일,5,5,5,"
            사골떡만두국/1,제육덮밥/1,계란밥/1
          ",해장엔 역시 마포만두
마포만두-시청점,2021년 5월 22일,5,5,5,"
            오징어덮밥/1,제육오징어덮밥/1
          ",언제나 맛있습니다.
마포만두-시청점,2021년 5월 21일,5,5,5,"
            찹쌀순대/1,오징어덮밥/1
          ",nice is good.
마포만두-시청점,2021년 5월 19일,5,5,5,"
            갈비만두/2,모둠만두/1
          ","만두 맛있네요
공그라미 개성만두 매워요~
저는 매운거 잘 못먹어서 그럴수도있지만
맛있습니다!!!"
마포만두-시청점,2021년 5월 18일,5,5,5,"
            갈비만두/2,고기만두/1,김치만두/1,매콤김밥/1,참치김밥/2,돈까스김밥/2,쌀떡볶이/2,찹쌀순대/2
          ",갈비만두도 고기만두도 김치만두도 매우 맛있는 집. 다음에는 만두만 시킬까 봐요.
마포만두-시청점,2021년 5월 18일,5,5,5,"
            야채김밥/1,찹쌀순대/1,계란밥/1
          ",다 맛있지만 여기는 계란밥이 완전 별미네용 ㅎㅎ
마포만두-시청점,2021년 5월 16일,5,5,5,"
            모둠만두/1,참치김밥/1,치즈김밥/1,순두부찌개/1
          ",맛잇게잘먹었습니다~~~~~~~~
마포만두-시청점,2021년 5월 16일,5,5,5,"
            갈비만두/1,참치김밥/1,쌀떡볶이/1,우동/1
          ","맛있어요 전체적으로  잘먹습니다 
항상 맛있게 먹어요  수고하세요"
마포만두-시청점,2021년 5월 14일,5,5,5,"
            비빔밥/3
          ",신선하고 맛있어요.
마포만두-시청점,2021년 5월 14일,5,5,5,"
            모둠만두/1,멸치김밥/1,스파클링 사과맛（355mL）/1
          ",배달 기사님께서 정말 친절하셨습니다. 너무 감사합니다. 만두랑 김밥도 저렴하고 맛있어요 감사합니다~
마포만두-시청점,2021년 5월 14일,5,5,5,"
            갈비만두/1,모둠만두/1,쌀떡볶이/1
          ","첨시켜보는데 맛있어요
갈비만두랑 떡볶이 조합이 좋으네요"
마포만두-시청점,2021년 5월 9일,5,5,5,"
            모둠만두/1,야채김밥/1,쌀떡볶이/1,제육덮밥/1
          ",맛있어요 특히만두요
마포만두-시청점,2021년 5월 8일,5,5,5,"
            갈비만두/1,고기만두/1,찹쌀순대/1
          ",수 차례 걸쳐 주문 하였으며 맛 좋읍니다.
마포만두-시청점,2021년 5월 7일,5,5,5,"
            갈비만두/1,쌀떡볶이/1,사골떡만두국/1
          ",항상 시켜먹지만 맛있었어요!
마포만두-시청점,2021년 5월 6일,5,5,5,"
            식사세트A - 제육덮밥＋오뎅（3개）/1,사골떡만두국/1
          ",떡만두국도 제육덮밥도 맛있어요~
마포만두-시청점,2021년 5월 6일,5,5,5,"
            모둠만두/2,야채김밥/1,멸치김밥/1,쌀떡볶이/1,찹쌀순대/1,우동/1,매콤우동/1,쫄면/2,칠성사이다（355mL）/4
          ",만두엄청맛있음. 멸치김밥 맛있음. 간 엄청맛있음. 떡보기매움. 우동은 별로
마포만두-시청점,2021년 5월 3일,5,5,5,"
            모둠만두/1,쌀떡볶이/1,찹쌀순대/1,오뎅국물/2
          ",맛과 양이 모두 좋았고 배달도 빨랐습니다.
마포만두-시청점,2021년 5월 2일,5,5,5,"
            참치김밥/1,비빔밥/1
          ",비빔밥 맛있어요. 채식주의자는 비빔밥 추천
마포만두-시청점,2021년 5월 2일,5,5,5,"
            갈비만두/1,고기만두/1,참치김밥/1,뚝배기불고기/1
          ","잘계시죠 잘먹습니다   깜빡 잊고 리뷰를 늦어
졌네요  수고하세요 사장님 많이판매하세요"
마포만두-시청점,2021년 5월 1일,5,5,1,"
            갈비만두/1,쌀떡볶이/1,오뎅（3개）/1,계란밥/1,칠성사이다（355mL）/1
          ","사장님. 익스프레스로 등록된 지점은 배달에 대해서도 사장님께서 두손놓고 나몰라라 하면 안된다고 생각되네요. 가게 바로 앞에서 시켰는데 배달기사분이 물건가지고 멀리 돌고돌면 그걸 이해할수 있을까요?
음식은 맛있습니다. 다만 배달은 최악이네요"
마포만두-시청점,2021년 4월 30일,5,5,5,"
            모둠만두/1,참치김밥/1,칠성사이다（제로）/1
          ",만두가 맛이 다 달라서 좋네여
마포만두-시청점,2021년 4월 28일,5,5,5,"
            찹쌀순대/1,제육오징어덮밥/1,칠성사이다（제로）/1
          ",참~~~~~맛 좋다.
마포만두-시청점,2021년 4월 24일,5,5,5,"
            갈비만두/2,김치만두/2,쌀떡볶이/1
          ","18000원 이상 시켰는데 봉지뜯는 칼이랑 음료수 안왔어요 ㅠ
근데 맛있었어요"
마포만두-시청점,2021년 4월 21일,5,5,5,"
            모둠만두/1,소고기김밥/1,쌀떡볶이/1,쫄면/1,환타오렌지맛（355mL）/1
          ",만두가 너무너무 맛있게 잘먹었습니다
마포만두-시청점,2021년 4월 20일,5,5,5,"
            갈비만두/1,육개장/1,계란밥/1,환타오렌지맛（355mL）/1,스파클링 사과맛（355mL）/1,립톤복숭아맛（355mL）/1
          ",역시 맛있어요.  특히만두
마포만두-시청점,2021년 4월 20일,4,5,5,"
            모둠만두/1,쌀떡볶이/1,찹쌀순대/1
          ","순대가부드럽고 정말 맛나네요, 떡복이는 맵다든데 저한텐 달아서... 모둠만두는 그릇이 작아서인지, 다 달라붙어서와서 다 터져서 먹엇어요, 생각보다 만두가 반사이즈작고요 ."
마포만두-시청점,2021년 4월 19일,5,5,5,"
            갈비만두/1,참치김밥/1,소고기김밥/1,우동/1
          ","수고하세요 잘먹습니다 ㅎㅎ 그럼 나중에
주문할께요"
마포만두-시청점,2021년 4월 19일,3,3,4,"
            갈비만두/1,참치김밥/1,찹쌀순대/1
          ",그럭저럭 평타인 분식점
마포만두-시청점,2021년 4월 17일,5,5,1,"
            모둠만두/1,쫄면/1
          ",음식은맛있네요항상!!!
마포만두-시청점,2021년 4월 16일,5,5,5,"
            갈비만두/1,고기만두/1,김치만두/1,펩시콜라（355mL）/1
          ",사진찍었어야 했는데... 배달도 정확하고 맛있었습니다.
마포만두-시청점,2021년 4월 15일,5,5,5,"
            갈비만두/1,참치김밥/1,치즈김밥/1,사골떡만두국/1
          ",잘먹습니다 전체적으로 맛있게 먹어요
마포만두-시청점,2021년 4월 15일,5,5,5,"
            모둠만두/2,멸치김밥/2,쌀떡볶이/1,쫄면/1
          ",마포만두 정말 맛있어요~^^
마포만두-시청점,2021년 4월 13일,5,5,5,"
            쌀떡볶이/1,찹쌀순대/1,칠성사이다（355mL）/1
          ",배달 완전 빨라서 좋았어요
마포만두-시청점,2021년 4월 13일,5,5,5,"
            모둠만두/1,쌀떡볶이/1,찹쌀순대/1,오뎅（3개）/1,오뎅국물/1
          ",다들 맛있게 먹었어요. 만두는 고향만두보다 약간 얇은편이예요.
마포만두-시청점,2021년 4월 11일,5,5,5,"
            돈까스김밥/1,쌀떡볶이/1,찹쌀순대/1,오뎅국물/1
          ",떡볶이하고 너무 맛있어요
마포만두-시청점,2021년 4월 9일,5,5,5,"
            갈비만두/2,야채김밥/1,쌀떡볶이/1,쫄면/1
          ",김밥과 갈비만두 매콤한 떡볶이까지 최고예요!
마포만두-시청점,2021년 4월 8일,5,5,5,"
            치즈김밥/1,소고기김밥/1,쫄면/1
          ",맛있어요 모든 매뉴 좋아요
마포만두-시청점,2021년 4월 7일,4,4,4,"
            돈까스/1,순두부찌개/1
          ",빨리오고 맛있습니다—!!
마포만두-시청점,2021년 4월 6일,5,5,5,"
            야채김밥/1,참치김밥/3,치즈김밥/3,쌀떡볶이/4,찹쌀순대/4,쫄면/4
          ","맛있어요! 떡볶이는 좀 매운편이고, 쫄면도 끝맛이 매워요! 
김밥도 참치, 치즈, 일반 모두 맛있어요ㅋㅋ순대도 부속 부위까지 맛있게 잘 먹었습니다! 다음에는 만두도 시켜서 먹어보려구용!!"
마포만두-시청점,2021년 4월 6일,5,5,5,"
            고기만두/4,매운개성만두/1,쌀떡볶이/1
          ",맛있는 만두 떡볶이 ...오랫만에 먹어두 짱나게 맛있는 내간식^^♡♡
마포만두-시청점,2021년 4월 4일,5,5,5,"
            갈비만두/1,참치김밥/1,소고기김밥/1,제육덮밥/1
          ","잘먹습니다 전체적으로 잘 해서 
감사합니다  다음에 또 시켜야 
할께요"
마포만두-시청점,2021년 4월 3일,5,5,5,"
            매콤김밥/1,쌀떡볶이/1,찹쌀순대/1,스파클링 사과맛（355mL）/1
          ",배달 빠르고 맛도 포장도 깔끔하네요 추천!
마포만두-시청점,2021년 4월 3일,5,5,5,"
            식사세트A - 제육덮밥＋오뎅（3개）/1
          ",아주 맛있ㅇ습니다.
마포만두-시청점,2021년 4월 1일,4,4,5,"
            김치만두/1,모둠만두/1
          ",배달 빠르고 맛있었어요
마포만두-시청점,2021년 4월 1일,5,5,5,"
            갈비만두/1,제육덮밥/1
          ",오늘도 맛나게 잘먹었습니다~!
마포만두-시청점,2021년 3월 31일,5,5,5,"
            참치김밥/2,오뎅（3개）/1
          ",주문한지 진짜 15분만에 왔어요.. 참치김밥도 맛있었어요 잘먹었습니다 감사합니다!
마포만두-시청점,2021년 3월 30일,3,5,5,"
            모둠만두/1,소고기김밥/1,쌀떡볶이/1
          ",김밥은 내용물이 좀 별로 였지만 전반적으로 괜찮았어요
마포만두-시청점,2021년 3월 28일,5,5,5,"
            모둠만두/1,제육덮밥/1
          ",맛잇어용 다음에 또 주문할게요
마포만두-시청점,2021년 3월 26일,5,5,5,"
            고기만두/1,쌀떡볶이/1,쫄면/1
          ",맛있어서 자주먹어영 ㅋ ㅋ
마포만두-시청점,2021년 3월 26일,5,5,5,"
            돈까스김밥/1,쌀떡볶이/1,오뎅（3개）/1,쫄면/1
          ","말해뭐해 맛있음여
제발 밀떡도 팔아주셍요 ㅠㅇㅠ"
마포만두-시청점,2021년 3월 25일,5,5,5,"
            모둠만두/1,쌀떡볶이/1,제육오징어덮밥/1
          ",맛있어요 만두최고
마포만두-시청점,2021년 3월 24일,5,5,5,"
            갈비만두/1,치즈김밥/1,쌀떡볶이/1
          ",맛있게 잘 먹었습니다.
마포만두-시청점,2021년 3월 24일,5,5,5,"
            갈비만두/1,제육덮밥/1
          ",맛있게 잘먹었습ㄴ다 배달도 빠르고 양도 많아요
마포만두-시청점,2021년 3월 20일,3,3,2,"
            육개장/1,계란밥/1,칠성사이다（355mL）/1
          ",배달이 조금 늦었는데 또 육개장 국물은 용기에서 새어나와 있었습니다. 계란밥은 괜찮았는데 육개장 제공 공기밥은 밥한지 좀 지난 맛이 났어요. 음료는 칠성사이다를 주문했는데 칠성사이다 제로가 왔습니다. 그냥 기본이랑 제로는 맛이 다릅니다.. 그래서 찾아보니 어디에도 관련 문구는 쓰여있지 않았네요.
마포만두-시청점,2021년 3월 19일,5,5,5,"
            갈비만두/1,소고기김밥/1,쌀떡볶이/1,찹쌀순대/1
          ",잘먹었고 잘 받났으요~~
마포만두-시청점,2021년 3월 18일,5,5,5,"
            모둠만두/2
          ",감사합니다 또 시켜먹을게여!!
마포만두-시청점,2021년 3월 17일,5,5,5,"
            갈비만두/1,참치김밥/1,육개장/1
          ","잘받았습니다  잘먹습니다 ㅎㅎ 
여전히 만두 김밥은 최고입니다
육개장 잘먹고요 지난번 불고기
는 뚝배기 불고기가 생각보다
덜익 같아서 맛이 없다 써서 미
안마음이 있었습니다 다음주문
때는 신경써주세요  아무튼오
늘 잘먹습니다"
마포만두-시청점,2021년 3월 17일,5,5,5,"
            쌀떡볶이/1,찹쌀순대/1,오뎅（3개）/1
          ","맛도 서비스도 배송도 만족스럽습니다 자꾸 재주문하게
되네요 다른 분들 말처럼 떡볶이는 좀 맵긴하지만 그래도 좋아요"
마포만두-시청점,2021년 3월 16일,5,5,5,"
            야채김밥/1,참치김밥/1,쫄면/1
          ",잘먹었어요 맛있어요
마포만두-시청점,2021년 3월 16일,4,5,5,"
            모둠만두/1,쌀떡볶이/1,찹쌀순대/1,오뎅（3개）/1,계란밥/1
          ","대체적으로 맛있어요~~~ 떡볶이는 약간 맵긴해요.
근데 18000원이상이면 음료수 서비스라고 써있었는데ㅠㅠ 같이안와서 아쉽네요ㅜ"
마포만두-시청점,2021년 3월 15일,5,5,5,"
            모둠만두/1,참치김밥/1,쌀떡볶이/1
          ",매번맛있게잘먹었습니다^^
마포만두-시청점,2021년 3월 14일,5,5,5,"
            갈비만두/1,비빔밥/1
          ",언제나 맛있어요 ;D
마포만두-시청점,2021년 3월 14일,5,5,5,"
            갈비만두/1,쌀떡볶이/1,계란밥/1
          ","어제도 시켜먹고 오늘도 시켜 먹네요 :)
기본적으로 메뉴 자체가 다 맛있는거 같습니다!
배달도 너무너무 빨라서 좋아요!
다음에 또 시켜 먹을게요!"
마포만두-시청점,2021년 3월 14일,5,5,5,"
            갈비만두/1,제육덮밥/1
          ",제육덮밥 맛있어요~ 배달도 빠르고 여기서 자주 주문합니다
마포만두-시청점,2021년 3월 14일,5,5,5,"
            갈비만두/1,쌀떡볶이/1,계란밥/1
          ","자주 시켜 먹는데 리뷰를 못 썼네요.
만두 중에 갈비만두가 젤 맛있어요! 떡볶이도 괜찮고 계란밥은 가성비로 굿
사진은 먹은지 꽤 된 터라 없어요 ㅠ"
마포만두-시청점,2021년 3월 13일,5,5,5,"
            고기만두/1,오징어덮밥/1,참치계란밥/1
          ",너무너무 맛있습니다
마포만두-시청점,2021년 3월 12일,5,5,5,"
            멸치김밥/1,찹쌀순대/1,계란밥/1
          ",맛있다! 맛있다! 맛있다!
마포만두-시청점,2021년 3월 12일,5,5,5,"
            모둠만두/1,참치김밥/2
          ",맛있다! 맛있다! 맛있다! 맛있다!
마포만두-시청점,2021년 3월 12일,5,5,5,"
            갈비만두/2,참치김밥/2,뚝배기불고기/1
          ","잘먹습니다 여전히 만두 김밥은
맛이 있네요  다만 죄송한데 불
고기 맛이 지난번보다 아쉽고 
맛이 평이하다  그점빼면 나머지
는 맛있어요  수고하세요 사장님"
마포만두-시청점,2021년 3월 12일,3,4,4,"
            오징어덮밥/1,순두부찌개/2
          ","조금 매웠어요.  사람마다 입맛이 다르니, 저와 애들한테는 좀 매웠어요"
마포만두-시청점,2021년 3월 11일,5,5,5,"
            찹쌀순대/1,쫄면/1
          ",배송도 배송이지만 요구사항을 잘 들어주신 사장님의 서비스가 최고입니다 물론 맛도 있구요
마포만두-시청점,2021년 3월 11일,5,5,5,"
            참치김밥/1,쌀떡볶이/1,쫄면/1
          ","떡볶이가 너무 먹고 싶어서 시켰는데 떡볶이도 떡볶이지만, 그냥 시켜본 쫄면이 존맛탱><"
마포만두-시청점,2021년 3월 10일,5,5,5,"
            모둠만두/1,참치김밥/1,쫄면/1
          ",맛있었어요 국굿굿굿
마포만두-시청점,2021년 3월 8일,5,5,5,"
            김치만두/1,찹쌀순대/1
          ","정말 맛있게 잘 먹었습니다. 제가 외국에서 귀국한지 얼마 안 되었는데, 순대랑 김치 만두가 정말 너무너무x100 먹고 싶었거든요. 특히 내장 좋아한다고 요청 드렸는데 진짜로 정말 많이 섞어주셔서 너무 행복했어요ㅠㅠ 김치 만두는 뭐 말할 것도 없이 맛있었구요. 앞으로 자주 시켜먹을 것 같아요! (리뷰 쓰는 지금도 또 먹고싶네요ㅋㅋ) 사장님 번창하세요 :)"
마포만두-시청점,2021년 3월 8일,5,5,5,"
            모둠만두/1,참치김밥/1
          ",만두 맛있어요 참김도요ㅎㅎ 잘먹었습니다~
마포만두-시청점,2021년 3월 8일,5,5,5,"
            오뎅（3개）/1,비빔밥/1
          ",비빔밥에 나물이 신선하고 맛있어요. 고추장 조금 더 주시면 좋겠어요.
마포만두-시청점,2021년 3월 8일,4,5,5,"
            고기만두/1,소고기김밥/1,쌀떡볶이/1
          ","처음으로 소기기김밥을 시켜봤는데 김밥 속재료가 적어서 좀 아쉬웠어요ㅜ 
그외에 만두도 떡볶이도 맛있었고 배달도 빨라서 감사히 잘 먹었습니다^^"
마포만두-시청점,2021년 3월 7일,5,5,5,"
            갈비만두/1,참치김밥/2,소고기김밥/1
          ",깁밥도 만두도 맛있게 먹었습니당
마포만두-시청점,2021년 3월 6일,5,5,5,"
            갈비만두/1,고기만두/1,참치김밥/1,뚝배기불고기/1
          ","맛있어요 전체적으로 많이 좋아요
잘먹습니다"
마포만두-시청점,2021년 3월 4일,5,5,5,"
            모둠만두/1,치즈김밥/1,쌀떡볶이/1,찹쌀순대/1,우동/1
          ",간단히 식사하기에는 좋아요.순대 내장좀 많이주시라고 부탁했는데 내장을 많이줘서 감사해요
마포만두-시청점,2021년 2월 28일,5,5,5,"
            갈비만두/1,야채김밥/1,매콤김밥/1,우동/1,돈까스/1
          ","다좋았는데 
우동이너무 불어서 왔어요 
ㅠㅠ 맛있게 먹었 습니다
양도 푸짐하구요"
마포만두-시청점,2021년 2월 28일,5,5,5,"
            갈비만두/1,순두부찌개/1
          ",잘먹었습니다 ~~~~~~~~~
마포만두-시청점,2021년 2월 28일,4,4,5,"
            고기만두/1,사골떡만두국/1,스파클링 사과맛（355mL）/1
          ",맛있게 잘 먹었내요
마포만두-시청점,2021년 2월 26일,5,5,5,"
            치즈김밥/1,오징어덮밥/1
          ",언제나 맛있어요 :D
마포만두-시청점,2021년 2월 26일,5,3,4,"
            제육덮밥/1,돈까스/1
          ",ㅇ
마포만두-시청점,2021년 2월 26일,5,5,5,"
            고기만두/1,쌀떡볶이/1,오뎅（3개）/1
          ",분식먹고플때 여기서시켜먹어요 잘먹었습니다!
마포만두-시청점,2021년 2월 25일,5,5,5,"
            갈비만두/1,고기만두/1,참치김밥/1,소고기김밥/1
          ","맛있어요 만두가 특히 맛있어요 김밥도 
맛있어요 잘먹습니다"
마포만두-시청점,2021년 2월 24일,5,5,5,"
            갈비만두/1,쌀떡볶이/1,오뎅（3개）/1
          ",배달도 빨라서 따뜻하게 먹을 수 있었고 매장에서 먹는 맛과 같았어요! 너무 맛있어요 마포만두 ^^
마포만두-시청점,2021년 2월 20일,5,5,5,"
            모둠만두/1,참치김밥/1,쌀떡볶이/1,쫄면/1
          ",사진은 없지만 맛있었어요
마포만두-시청점,2021년 2월 19일,5,3,5,"
            갈비만두/1,고기만두/1,참치김밥/1
          ","조금만 더 양이 있다보면 좋겠습니다 
맛은 아주좋았어요"
마포만두-시청점,2021년 2월 19일,5,5,5,"
            모둠만두/1,야채김밥/2,참치김밥/1
          ",김치만두 맵찔이에겐 약간 매웠어요. 김밥도 맛있고 만두피도 얇아서 맛있네요.
마포만두-시청점,2021년 2월 18일,5,5,5,"
            고기만두/1,모둠만두/1,펩시콜라（355mL）/1,칠성사이다（355mL）/1
          ","배달 빠르고 맛있어요
김치만두는 많이매워요ㅜㅜ고추들어간듯"
마포만두-시청점,2021년 2월 17일,5,4,5,"
            모둠만두/1,참치김밥/1,소고기김밥/1
          ",빠른배달감사합니다.모듬만두 맛좋아요
마포만두-시청점,2021년 2월 16일,5,5,5,"
            고기만두/1,오징어덮밥/1,계란밥/1,참치계란밥/1
          ",배달도 빠르고 맛도 좋아요
마포만두-시청점,2021년 2월 16일,4,5,5,"
            갈비만두/1,고기만두/1,모둠만두/1,참치김밥/2,식사세트A - 제육덮밥＋오뎅（3개）/1,사골떡만두국/1,오징어덮밥/2,순두부찌개/1
          ","참치김밥 되게 맛잇어요 (강추)
만두는 그냥..만두..
제육은 너무 매움
매운거 못먹는편이긴 한데 너무 매워요...맛은 잇는데 다신 안먹을래요..
매콤한거 좋아하시는분들은 좋아할듯
맵기 조절만 되면 좋을거같아요"
마포만두-시청점,2021년 2월 15일,5,5,5,"
            갈비만두/1,김치만두/1,참치계란밥/1
          ",너무 맛있게 잘먹었습니다~~!! 짱짱 맛있었어요 만두도 참치계란밥도~ 근데 혹시 계란 완숙요청드리면 완숙도 되나요? 반숙을 잘 안좋아해서..그래도 맛있게 잘 먹었습니다~!
마포만두-시청점,2021년 2월 14일,5,5,5,"
            모둠만두/1,쌀떡볶이/1,찹쌀순대/1
          ",맛있습니다 특히 순대가 쫄깃하네요
마포만두-시청점,2021년 2월 13일,5,5,5,"
            갈비만두/1,쌀떡볶이/1,찹쌀순대/1
          ",만두 떡볶이 순대 다~~~맛있어요ㅎ순대 냄새안나고 맛있어요
마포만두-시청점,2021년 2월 12일,5,5,5,"
            갈비만두/1,제육덮밥/2
          ",배달빠르고 맛있게 잘 먹었어요
마포만두-시청점,2021년 2월 11일,5,5,5,"
            모둠만두/1,쌀떡볶이/1,찹쌀순대/1,계란밥/1
          ",귥은 떡볶이를 찾았었는데 이곳 떡볶이가 비슷해서 시켰어요. 전체적으로 맛있었어요.
마포만두-시청점,2021년 2월 11일,5,5,5,"
            고기만두/1,쌀떡볶이/1,계란밥/1
          ",떡볶이 만두 맛있어요 계란밥도
마포만두-시청점,2021년 2월 11일,5,5,5,"
            쌀떡볶이/1,쫄면/1
          ",배달빠르고 맛있어요! 잘먹었어요
마포만두-시청점,2021년 2월 10일,5,5,5,"
            쌀떡볶이/1,식사세트A - 제육덮밥＋오뎅（3개）/1
          ",배달도 빠르고 음식도 맛있습니다 :)
마포만두-시청점,2021년 2월 10일,5,5,5,"
            식사세트A - 제육덮밥＋오뎅（3개）/1
          ",집밥처럼 맛있어요. 사장님 솜씨가 좋으신것 같아요.
마포만두-시청점,2021년 2월 10일,5,5,5,"
            고기만두/1,쫄면/1,오징어덮밥/1,계란밥/1
          ",다 맛있네요~^^.
마포만두-시청점,2021년 2월 9일,5,5,5,"
            육개장/1,순두부찌개/1
          ",배달도 빨랐고 찌개도 맛있었어요! 익숙하고 맛난 맛이에요^^
마포만두-시청점,2021년 2월 9일,5,5,5,"
            갈비만두/1,쌀떡볶이/1,계란밥/1
          ",만두와 계란밥이 정말 맛있어요! 떡볶이도 맛있는데.. 저한테 좀 매워요 ㅠㅠ
마포만두-시청점,2021년 2월 9일,5,5,5,"
            모둠만두/1,쫄면/1
          ",늘 맛나게 잘먹고 있습니다
마포만두-시청점,2021년 2월 8일,4,2,5,"
            쌀떡볶이/1,찹쌀순대/2,오뎅（3개）/1
          ","푸짐하고 맛있어서 자주 시켜먹었는데 오늘은 평소와는 다르네요.
특히 순대는 정말 양이 적었어요. 오늘만 그런거라고 생가하기로 했습니다. 다음엔 예전처럼 잘 주시면 좋겠습니다. 수고하세요~"
마포만두-시청점,2021년 2월 8일,5,5,5,"
            갈비만두/1,제육덮밥/2
          ",따끈하게 먹을수 있고 맛있게 잘 먹었습니다!
마포만두-시청점,2021년 2월 8일,4,4,4,"
            갈비만두/4,참치김밥/2,치즈김밥/2,쌀떡볶이/3,찹쌀순대/2,쫄면/2,펩시콜라（355mL）/2,칠성사이다（355mL）/3,환타오렌지맛（355mL）/3
          ",만두 떡볶이 김밥 다 맛잇엇어요 좋아요
마포만두-시청점,2021년 2월 7일,5,5,5,"
            모둠만두/1,야채김밥/1,오뎅（3개）/1
          ",빠름배달 감사헙니다!!. 음식도 맛있네요~
마포만두-시청점,2021년 2월 6일,5,5,5,"
            갈비만두/2,고기만두/1,김치만두/2,쌀떡볶이/1,찹쌀순대/1
          ",맛있게잘먹었습니다
마포만두-시청점,2021년 2월 6일,5,5,5,"
            쌀떡볶이/1,찹쌀순대/1,계란밥/1
          ","맛있어요. 순대도 양 많고 내장 많아서 좋아요.
계란밥은 사진보고 생계란 비벼주시는줄 알았는데 계란후라이 올라가 있었어요. 고추간장 양념 있고요."
마포만두-시청점,2021년 2월 6일,5,4,5,"
            갈비만두/2,고기만두/1,오징어덮밥/2
          ",맛있었음 근데 양이조금 부족한지 같이드신 분이 양이 부족해보이셔서 내만두 좀 나눠드렸음
마포만두-시청점,2021년 2월 5일,2,2,1,"
            모둠만두/1,제육덮밥/1
          ",숟가락도 안주고 만두 시켰는데 간장도 안주시네요
마포만두-시청점,2021년 2월 3일,1,4,5,"
            모둠만두/1,식사세트A - 제육덮밥＋오뎅（3개）/1
          ",그냥 저랑 안맞았던 것 같습니다 제가 매운걸 못 먹어서 맵고 오뎅은 덜 불려진 것 같고 그냥 전제척으로 불협
마포만두-시청점,2021년 2월 2일,4,5,5,"
            모둠만두/1,쌀떡볶이/1
          ",깔끔한 포장 빠른 배달 좋습니다!
마포만두-시청점,2021년 2월 2일,3,2,1,"
            갈비만두/2,참치김밥/1,쫄면/1,참치김치덮밥/1
          ","익스프레스로 시켰는데 늦음
뭐가 늦었는지 피드백도 없고 그냥 늦음
맛도 평균치"
마포만두-시청점,2021년 2월 2일,5,5,5,"
            모둠만두/1,참치김밥/1,쌀떡볶이/1
          ",만두와 김밥 떡볶이 하나하나 다 맛있었어요~!!!! 덕분에 친구들이랑 맛있게 먹었네요!!!!
마포만두-시청점,2021년 1월 31일,4,5,5,"
            치즈김밥/1,쫄면/1
          ","치즈김밥 , 쫄면 맛나고 서비스 주문한 오뎅국물도
맛나네요 잘 먹겠습니다"
마포만두-시청점,2021년 1월 31일,3,3,3,"
            야채김밥/1,참치김치덮밥/1
          ",배달은 빠른대 맜은 아직^^;;
마포만두-시청점,2021년 1월 31일,5,5,4,"
            모둠만두/1,참치김치덮밥/1
          ",배달도 빠르고 넘 맛나요! 특히 매운만두 맛있어요!
마포만두-시청점,2021년 1월 30일,5,5,5,"
            모둠만두/1,쌀떡볶이/1,오뎅（3개）/1
          ",떡볶이가 진짜 맛있네요~
마포만두-시청점,2021년 1월 30일,5,5,5,"
            모둠만두/1,식사세트A - 제육덮밥＋오뎅（3개）/1
          ",여기 제 닉값합니다 진짜 잘먹엇습니다   퇴사한분이 추천해서시켯는데 맛집이네.. 대박임..
마포만두-시청점,2021년 1월 29일,5,5,5,"
            식사세트A - 제육덮밥＋오뎅（3개）/1,뚝배기불고기/1,계란밥/1
          ",등따시고 배부르고
마포만두-시청점,2021년 1월 29일,5,5,5,"
            소고기김밥/1,쫄면/1,제육덮밥/1
          ",다 맛있어요 자주먹을듯
마포만두-시청점,2021년 1월 29일,5,5,5,"
            모둠만두/1,치즈김밥/1,쌀떡볶이/1,오뎅（3개）/1,돈까스/1
          ",너무 맛있게 잘 먹었어요!!! 배달도 정말 빠르고 좋네요 ㅎㅎ
마포만두-시청점,2021년 1월 29일,5,5,5,"
            고기만두/1,쫄면/1
          ",맛있었오요 ㅋㅋ 배달도 빠르고 굳굳
마포만두-시청점,2021년 1월 28일,5,5,5,"
            갈비만두/1,야채김밥/1,쌀떡볶이/1
          ",진짜루 맛있어요! 잘먹었어요 너무 배고파서 사진을 못찍었어요 감사합니다
마포만두-시청점,2021년 1월 28일,4,4,4,"
            고기만두/1,쌀떡볶이/1,쫄면/1
          ",맛있게 잘 먹겠습니다
마포만두-시청점,2021년 1월 28일,5,5,5,"
            야채김밥/1,쌀떡볶이/2,찹쌀순대/1,돈까스/2
          ",배송 빠르고 음식도 맛있어요
마포만두-시청점,2021년 1월 28일,5,5,5,"
            돈까스김밥/1,찹쌀순대/1,제육덮밥/2
          ","맛있습니다. 
양도 많고 좋았어요.
특히 김밥이 맛있네요."
마포만두-시청점,2021년 1월 27일,4,3,4,"
            모둠만두/1,참치김밥/2,쌀떡볶이/1,찹쌀순대/1
          ",참치김밥 두 개 시켰는데 김밥 한 줄이 다르게 왔네요~
마포만두-시청점,2021년 1월 27일,5,5,5,"
            모둠만두/1,참치김밥/1,쌀떡볶이/1,쫄면/1
          ",떡볶이랑 만두 넘 맛있게 잘 먹었어요~! 양도 많았어요 다음에 또 주문할게요~~
마포만두-시청점,2021년 1월 25일,5,5,5,"
            쌀떡볶이/1,찹쌀순대/1,계란밥/1
          ","순개 좋아하는데 특히 마포만두 순대 좋아해요! 다른 곳과 달라요! 다른 곳 간은 잘 안 먹는데 간도 부드러워요.
떡볶이도 넘 맛있고ㅠㅠ 계란밥 별거 아닌데도 넘 맛있네요...."
마포만두-시청점,2021년 1월 25일,3,5,5,"
            야채김밥/2,쌀떡볶이/1
          ",잘 먹엇습니다~~~~
마포만두-시청점,2021년 1월 25일,5,5,5,"
            갈비만두/2,모둠만두/1,쌀떡볶이/1,계란밥/1
          ",매우  만족 합니다
마포만두-시청점,2021년 1월 25일,5,4,5,"
            고기만두/1,김치만두/1,참치김밥/1,쌀떡볶이/1,오뎅（3개）/1,쫄면/1
          ",개인적으론 김치만두보단  고기만두가 맛있네요. 다음에 다른만두도 먹어볼의향이 있어요
마포만두-시청점,2021년 1월 24일,5,5,5,"
            모둠만두/1,쌀떡볶이/1,찹쌀순대/1,오뎅（3개）/1,참치계란밥/1
          ",맛있고 배달도 빨랐어요 나중에 또 시킬게용
마포만두-시청점,2021년 1월 24일,5,5,5,"
            갈비만두/1,육개장/1
          ","육개장은 찐한맛은 아닙니다. 무서운 맛이 아닌 부담 안가는 맛이네요.
갈비만두는 정말 맛있게 먹었습니다.
간장 안찍어 먹게 될 정도네요"
마포만두-시청점,2021년 1월 24일,5,5,5,"
            모둠만두/1,찹쌀순대/1,참치계란밥/2
          ",굿
마포만두-시청점,2021년 1월 23일,5,5,5,"
            모둠만두/1,참치김밥/1,치즈김밥/1,쌀떡볶이/1,찹쌀순대/1
          ",멍! 멍멍! 크르르르르
마포만두-시청점,2021년 1월 23일,5,5,5,"
            참치김밥/1,쌀떡볶이/1,쫄면/1
          ",맛있어요 다 ㅎㅎ.
마포만두-시청점,2021년 1월 22일,5,5,5,"
            갈비만두/1,모둠만두/2,매콤김밥/2,돈까스김밥/1,쌀떡볶이/2,찹쌀순대/2,매콤우동/1,쫄면/1,계란밥/1
          ","맛있고 양많고 배달 빨라요 ! 👏🏻👏🏻
순대소금이랑 젓가락, 숟가락 잘 챙겨주셔서 감사합니다!"
마포만두-시청점,2021년 1월 22일,5,5,5,"
            갈비만두/2,고기만두/2,쌀떡볶이/2,쫄면/2
          ",오늘 회사 간식 시키는 날인데 직원들과 함께 맛있게 먹었어요~^^
마포만두-시청점,2021년 1월 22일,5,5,5,"
            갈비만두/1,고기만두/1,김치만두/1,쌀떡볶이/1
          ","항상 시켜먹는데.

맛이 있어서 이번엔 조금많이시켰습니다

너무맛있게잘먹었습니다

많이 파세요"
마포만두-시청점,2021년 1월 21일,5,5,5,"
            쌀떡볶이/1,찹쌀순대/1,오뎅（3개）/1
          ",배달도 빠르고 맛있었습니다!!
마포만두-시청점,2021년 1월 21일,5,5,5,"
            참치김밥/1,찹쌀순대/1,오뎅（3개）/1,계란밥/1
          ",아주 맛있어요!😋😋
마포만두-시청점,2021년 1월 21일,5,5,5,"
            갈비만두/1,제육덮밥/3
          ",맛있어서 점심에 자주 시켜먹어요!
마포만두-시청점,2021년 1월 21일,5,5,5,"
            모둠만두/1,참치김밥/1,치즈김밥/1,쌀떡볶이/1,찹쌀순대/1,오뎅（3개）/1
          ",멍 크르르르르르 멍멍
마포만두-시청점,2021년 1월 21일,4,4,5,"
            모둠만두/1,야채김밥/1,펩시콜라（355mL）/1
          ",배달 진짜 빠르네요 맛있게 잘먹었습니다
마포만두-시청점,2021년 1월 21일,5,5,5,"
            야채김밥/1,돈까스김밥/1,쌀떡볶이/1,쫄면/1
          ","전번에 먹어보고 맛있어서 또 주문하였어요.^^

다만 떡볶이가  전번보다 매워서 애들이 잘 못먹어서
아쉬웠네욤 ㅠ"
마포만두-시청점,2021년 1월 20일,5,5,5,"
            모둠만두/1,쌀떡볶이/1,생수（500mL）/1
          ",만두 맛있고  떡볶이도 포실포실 매콤하니 좋아요.
마포만두-시청점,2021년 1월 19일,5,5,5,"
            모둠만두/2,계란밥/2
          ",배송도 빠르고 맛있어요
마포만두-시청점,2021년 1월 19일,5,5,5,"
            모둠만두/1,쌀떡볶이/2
          ",좋아요 마싱ㅆ었어요
마포만두-시청점,2021년 1월 19일,5,4,5,"
            갈비만두/1,쌀떡볶이/1,찹쌀순대/1
          ","떡볶이 매운맛 중간인데, 딱 적당햇어요 - 떡볶이 강츄"
마포만두-시청점,2021년 1월 19일,5,5,5,"
            모둠만두/1,식사세트A - 제육덮밥＋오뎅（3개）/1,돈까스/1
          ",맛있게잘먹었습니다ㅋ
마포만두-시청점,2021년 1월 19일,5,5,5,"
            식사세트A - 제육덮밥＋오뎅（3개）/1
          ",너무 맛있게 잘 먹었어요 양도넉넉해서 든든하고 만족한 한 끼였어여 감사해요!
마포만두-시청점,2021년 1월 18일,5,5,5,"
            오뎅（3개）/1,오징어덮밥/1
          ",맛있게 잘먹었습니다~
마포만두-시청점,2021년 1월 18일,4,4,4,"
            치즈김밥/1,쌀떡볶이/1,오뎅（3개）/1
          ","오뎅국물이 짜요 
김밥은 맛있어요"
마포만두-시청점,2021년 1월 18일,4,5,5,"
            갈비만두/1,참치김밥/1,계란밥/1
          ","혼자라 양을 가늠하지 못해 조금 많이 시킨듯 했지만, 
맛있게 잘 먹었습니다"
마포만두-시청점,2021년 1월 18일,5,4,5,"
            야채김밥/1,쌀떡볶이/1,쫄면/1,계란밥/1
          ",오늘은 처음으로 쫄면도 시켜봤는데 맛있게 잘 먹었습니다 ! 배달도 친절하게 해주셔서 감사드려요🥰
마포만두-시청점,2021년 1월 18일,5,5,5,"
            모둠만두/1,쌀떡볶이/1,찹쌀순대/1,제육덮밥/1
          ",양도많고 맛있었어요
마포만두-시청점,2021년 1월 17일,3,4,4,"
            모둠만두/1,쌀떡볶이/1,오뎅（3개）/1,쫄면/1
          ",양은 적당 졸면 불었구 떡볶이도 그닥 어묵은 정말 별루 만두는 맛있었음
마포만두-시청점,2021년 1월 17일,5,3,5,"
            야채김밥/3,쫄면/1,사골떡만두국/1
          ","배고파서 사진못찍었지만 김밥이더 맛있네요 야채김밥
다른데보다 맛나게잘먹엇습니다"
마포만두-시청점,2021년 1월 16일,5,5,5,"
            갈비만두/1,고기만두/1,멸치김밥/2,쌀떡볶이/1,쫄면/1
          ","떢볶이, 만두, 쫄면, 멸치김밥 모두 맛있어요~^^"
마포만두-시청점,2021년 1월 16일,5,5,5,"
            모둠만두/1,치즈김밥/1,쌀떡볶이/1,매콤우동/1
          ",맛있어요. 만두  진짜맛있어요!!
마포만두-시청점,2021년 1월 15일,5,5,5,"
            김치만두/1,제육덮밥/1,돈까스/1
          ",맛있었습니다 .. 양도 많고 맛도 맛있었어요
마포만두-시청점,2021년 1월 14일,5,5,5,"
            모둠만두/1,매콤김밥/1,돈까스김밥/1,쌀떡볶이/1
          ","오자마자 허겁지겁 먹다가 늦게 사진 찍었어요ㅠㅠ
넘넘 맛있어서 단골될것 같아요. 많이 파시고 대박나세요"
마포만두-시청점,2021년 1월 14일,5,5,5,"
            갈비만두/1,참치김밥/1,쌀떡볶이/2,계란밥/1
          ",맛잇네요 ㅎㅎㅎㅎㅎ
마포만두-시청점,2021년 1월 14일,5,5,5,"
            고기만두/1,쫄면/1,오징어덮밥/1
          ",배달도 빠르고 맛도 좋아요
마포만두-시청점,2021년 1월 13일,5,5,5,"
            야채김밥/1,참치김밥/1,쌀떡볶이/1,쫄면/1
          ",맛있어용 ㅎㅎㅎㅎㅎ
마포만두-시청점,2021년 1월 13일,5,5,5,"
            모둠만두/1,참치김밥/1,소고기김밥/1,쌀떡볶이/1,칠성사이다（355mL）/1
          ",모둠만두가 먹고싶어서 주문했는데 아주 맛있어습니다.
마포만두-시청점,2021년 1월 13일,5,5,5,"
            갈비만두/2,제육덮밥/2,오징어덮밥/2,제육오징어덮밥/2
          ","다같이 먹느라 사진은 없네요!
빠르고 맛있어서 자주 시켜먹어요!"
마포만두-시청점,2021년 1월 13일,5,5,5,"
            갈비만두/2,참치김밥/1,치즈김밥/1,소고기김밥/1,쌀떡볶이/1,찹쌀순대/1
          ",재주문했어요  맛있었습니당!!!!! 다음에 또 사켜먹도록 하겠습니다!
마포만두-시청점,2021년 1월 11일,5,5,5,"
            갈비만두/1,제육덮밥/2
          ",추운 날 생각나서 따뜻한 밥 한끼 잘 먹었습니다 또 이용할게요!
마포만두-시청점,2021년 1월 11일,5,5,5,"
            모둠만두/1,참치김밥/3,치즈김밥/1,소고기김밥/2
          ","배송도 빨랐고, 김밥이랑 만두도 맛있게 먹었습니다^_^!"
마포만두-시청점,2021년 1월 11일,5,5,5,"
            소고기김밥/1,쌀떡볶이/1,제육오징어덮밥/1,계란밥/1
          ",모든메뉴 굿입니다
마포만두-시청점,2021년 1월 10일,5,5,5,"
            갈비만두/1,제육덮밥/1,오징어덮밥/1
          ",배달도 빠르고 맛도 좋아요
마포만두-시청점,2021년 1월 10일,5,5,5,"
            갈비만두/1,제육덮밥/2
          ",따끈하니 홀에서 먹는것 같아요 잘 먹었습니다!
마포만두-시청점,2021년 1월 6일,4,5,5,"
            모둠만두/1,쌀떡볶이/1,찹쌀순대/1,식사세트A - 제육덮밥＋오뎅（3개）/1
          ",잘먹었습니다~~ 무난한맛이에용
마포만두-시청점,2021년 1월 6일,5,5,5,"
            갈비만두/1,제육덮밥/2
          ","여긴 제육이 진짜 맛있어요
갈비만두도!"
마포만두-시청점,2021년 1월 6일,5,5,5,"
            돈까스김밥/1,쌀떡볶이/1,찹쌀순대/1,오뎅（3개）/1,참치김치덮밥/1
          ",맛있고 빠른배송 좋네요
마포만두-시청점,2021년 1월 5일,5,5,5,"
            모둠만두/1,쌀떡볶이/1,오뎅（3개）/1
          ","맛도 굿 양은 적당  배달은 빠름
굿임돠"
마포만두-시청점,2021년 1월 3일,5,5,5,"
            모둠만두/2,참치김밥/1
          ",맛있어요 매운 거 못 먹는데도 김치만두 굿
마포만두-시청점,2021년 1월 3일,4,5,5,"
            찹쌀순대/1,비빔밥/1
          ","다 좋은데 비빔밥에 호박이 안 들어가있어서 뭔가 좀 부족한 것 같았어요.
순대는 정말 맛있었어요~!"
마포만두-시청점,2021년 1월 3일,5,5,5,"
            갈비만두/1,김치만두/1,참치김밥/1,소고기김밥/1,쌀떡볶이/1
          ",배달도 되게 빨리왔고 맛있었어요~!
마포만두-시청점,2021년 1월 3일,5,5,5,"
            야채김밥/1,쌀떡볶이/1,계란밥/1
          ",이번에도 푸짐하고 맛있게 잘 먹었습니다 🥰
마포만두-시청점,2021년 1월 2일,5,5,5,"
            갈비만두/1,제육덮밥/2
          ",포장해도 따끈하니 정말 맛있게 먹었습니다. 자주 이용할게요
마포만두-시청점,2021년 1월 2일,5,5,5,"
            모둠만두/1,참치김밥/1,쌀떡볶이/1,찹쌀순대/1,오뎅（3개）/1
          ",순대에 간 빼는게 가능하면 빼달라고 요청사항에 적었는데 간 빼주셔서 감사합니다! 그리고 서비스로 주신 콜라도 잘 마셨어요~ 배달도 빨라서 따뜻할 때 먹을 수 있었습니다! 떡볶이는 기타 체인점처럼 조미료 들어간 맛이 아닌 시장 떡볶이맛이네요~ 시장 분식 생각나면 재주문하러 올게요
마포만두-시청점,2021년 1월 2일,5,5,5,"
            모둠만두/1,사골떡만두국/1
          ",맛있게 잘먹었습니다
마포만두-시청점,2021년 1월 2일,5,5,5,"
            모둠만두/1,멸치김밥/1,오뎅（3개）/1,비빔밥/1
          ",맛있고 양도 딱 좋고 배달도 빨라서 따뜻하게 잘 먹었습니다
마포만두-시청점,2021년 1월 2일,5,5,5,"
            갈비만두/1,모둠만두/1,참치김밥/1,멸치김밥/1,쌀떡볶이/2,찹쌀순대/1,오뎅（3개）/2
          ",맛있어요! 감사합니다
마포만두-시청점,2021년 1월 2일,5,5,5,"
            고기만두/2,쌀떡볶이/1
          ",매운게 땡길땐 떡볶이를 먹어요 맛있게 매워요 고기 만두 정말 맛있어요~
마포만두-시청점,2021년 1월 1일,5,5,5,"
            갈비만두/1,카레덮밥/1,계란밥/1
          ",넘 좋아요~......
마포만두-시청점,2020년 12월 31일,5,4,5,"
            모둠만두/2
          ",개성만두 넘 매워서 깜놀 ㅠ 다른맛이 다 맛있었어요
마포만두-시청점,2020년 12월 31일,5,5,5,"
            갈비만두/6,쌀떡볶이/4,계란밥/6
          ",빠른 배송 감사합니다.
마포만두-시청점,2020년 12월 30일,5,5,5,"
            사골떡만두국/1,오징어덮밥/1,제육오징어덮밥/1
          ",늘 만족 고맙습니다 사장니
마포만두-시청점,2020년 12월 29일,5,5,5,"
            갈비만두/1,육개장/1,참치계란밥/1,칠성사이다（355mL）/1,환타오렌지맛（355mL）/1
          ",맛있어요.
마포만두-시청점,2020년 12월 29일,3,4,3,"
            갈비만두/1,모둠만두/2
          ","매뉴배달 잘못와서 갈비만두대신 순대랑 떡볶이옴 계산해버린터라 걍 먹기로함
떡볶이는 안매워서 먹을만햇는데 순대가좀 퍼석퍼석하고 폐가 질김
모둠만두의 동그랗게 말린만두는 하나먹고 너무매워서 과장님 드림"
마포만두-시청점,2020년 12월 29일,5,3,5,"
            갈비만두/1,사골떡만두국/1
          ",속울렁거려서 간단히 먹으려고 만두하나시켯음 양이 이정도일줄알앗으면 두개시킬걸.. 울렁거려도 밀가루냄새 거의안나서 먹을만함
마포만두-시청점,2020년 12월 28일,5,5,5,"
            모둠만두/1,쌀떡볶이/1,찹쌀순대/1
          ",배달 빠르고 맛있었습니다
마포만두-시청점,2020년 12월 28일,5,5,5,"
            김치만두/1,야채김밥/1,쌀떡볶이/1,찹쌀순대/1
          ",진짜 다 맛있어요 최고!
마포만두-시청점,2020년 12월 28일,5,5,5,"
            식사세트A - 제육덮밥＋오뎅（3개）/1
          ","말이 필요없습니다.
가성비 최고~^^
맛집입니다."
마포만두-시청점,2020년 12월 28일,4,4,5,"
            모둠만두/3,야채김밥/3,쌀떡볶이/3,찹쌀순대/1,오뎅（3개）/3
          ","떡볶이가 약간 맵고 만두가 생각보다 조금 작았지만
배달 빠르고 포장도 잘 되어 왔습니다!
잘먹었습니다~"
마포만두-시청점,2020년 12월 27일,5,5,5,"
            찹쌀순대/1,사골떡만두국/1,계란밥/1
          ",계란밥 진짜 맛있어요 굿
마포만두-시청점,2020년 12월 27일,5,5,5,"
            갈비만두/2,야채김밥/2,쌀떡볶이/2,찹쌀순대/2,쫄면/3,제육덮밥/4
          ",짱   깔끔하고  맛있구 배달빨라 좋아요
마포만두-시청점,2020년 12월 27일,5,5,5,"
            고기만두/1,모둠만두/1,쌀떡볶이/1,찹쌀순대/1,오뎅（3개）/1
          ","오눌도 맛있게 먹었습니다 감사합니다
다들 떡볶이 드세용"
마포만두-시청점,2020년 12월 27일,5,5,5,"
            모둠만두/1,쌀떡볶이/1,찹쌀순대/1
          ",세 가지 메뉴가 모두 개성 넘치고 너무 맛있습니다!!!
마포만두-시청점,2020년 12월 26일,4,4,5,"
            갈비만두/1,김치만두/1,쫄면/1
          ",만두가 식어서 와서 그런지 돼지고기냄새가 났어요. 쫄면은 맛있었어요.
마포만두-시청점,2020년 12월 26일,5,5,5,"
            갈비만두/1,참치김밥/1,쌀떡볶이/1,찹쌀순대/1,오뎅（3개）/1
          ",배달도 빠르고 음식도 완전 맛있어요! 같이 분식 땡길 때 먹으면 좋습니다.
마포만두-시청점,2020년 12월 26일,5,5,5,"
            고기만두/1,쌀떡볶이/1,찹쌀순대/2,오뎅（3개）/1,쫄면/1,오징어덮밥/1,환타오렌지맛（355mL）/3
          ",맛있게 잘먹었습니다
마포만두-시청점,2020년 12월 25일,5,5,5,"
            모둠만두/1,쌀떡볶이/1,찹쌀순대/1,오뎅（3개）/1
          ","맛있고 양많습니다
빠른배다로 음식도 따뜻합니다
갈비만두 고기만두도 정말 맛있는데 미리 먹어서 사진못찍었네요
중간에 먹다 찍은거라"
마포만두-시청점,2020년 12월 25일,5,5,5,"
            모둠만두/1,참치김밥/1,오뎅（3개）/1
          ",맛있어요 맛있어요 맛있어오ㅡ
마포만두-시청점,2020년 12월 25일,5,5,5,"
            갈비만두/1,모둠만두/1,쌀떡볶이/1
          ",너어어어ㅓ러무 맛있어요!!!!
마포만두-시청점,2020년 12월 25일,5,5,5,"
            모둠만두/1,야채김밥/1,찹쌀순대/1
          ",진짜 맛있어요 굿굿
마포만두-시청점,2020년 12월 25일,4,4,3,"
            멸치김밥/1,쫄면/1
          ","맛은 평타예요.
쫄면 새콤함이 덜하고 먹을수록 텁텁함이 좀 있었어요.

멸치김밥은 멸치에 비린맛이 좀 느껴졌어요.
바로 싼게 아니라 싸놓고 주신거처럼 차가워서 그럴지도 모르겠네요.

어묵국물은 맛났어요.

담에 딴 메뉴먹어볼께요."
마포만두-시청점,2020년 12월 25일,5,5,5,"
            매콤김밥/1,치즈김밥/1,돈까스김밥/1,쌀떡볶이/2,찹쌀순대/1,우동/1,육개장/1
          ",떡볶이 순대 우동에 김밥 먹었는데 양도 많고 쌀떡볶이 너무 맛있게 먹었어요!!육개장도 국물이 시원하니 맛있게 먹었습니다~
마포만두-시청점,2020년 12월 24일,5,5,5,"
            쌀떡볶이/1,제육덮밥/1
          ",너무너무맛있어요 쌀떡볶이 ..진차 인생맛집이에요 제육볶음도👏👏
마포만두-시청점,2020년 12월 24일,4,5,5,"
            갈비만두/1,참치김치덮밥/1
          ","배달 빨랐어요
멋있어요!!!"
마포만두-시청점,2020년 12월 24일,5,5,5,"
            갈비만두/1,모둠만두/1,야채김밥/1,참치김밥/1,쌀떡볶이/2,오뎅（3개）/1,쫄면/2,사골떡만두국/1,스파클링 사과맛（355mL）/1
          ",맛있게 잘먹었어요 종로 분식점으로 추천드려요
마포만두-시청점,2020년 12월 24일,5,5,5,"
            모둠만두/1,소고기김밥/1
          ",Very good
마포만두-시청점,2020년 12월 23일,5,5,5,"
            갈비만두/1,모둠만두/1,참치김치덮밥/1
          ",이 시국에 직원들이 모두 시켜먹어서 저도 시켜먹어봤어요! 20대때 자주먹던 마포만두가 갑자기 생각나서 찾아보니 회사근처에 있더군요! 익스프레스라 그런지 피크타임에도 제때 왔어요 맛도 양도 좋았습니다 마니파세요
마포만두-시청점,2020년 12월 23일,5,5,5,"
            고기만두/4,소고기김밥/3,멸치김밥/3,쌀떡볶이/4,찹쌀순대/2,오뎅（3개）/4
          ","떡볶이, 순대, 만두, 김밥 맛있게 먹었어료~^^"
마포만두-시청점,2020년 12월 23일,5,5,5,"
            갈비만두/1,쌀떡볶이/1,계란밥/1
          ",으아;;받자마자 홀린듯이 싹싹 다 먹어서 빈그릇 사진이라도 올립니다. 떡볶이 만두는 당연히 맛있고 계란밥은 오늘도 사랑이네요😘
마포만두-시청점,2020년 12월 22일,5,5,5,"
            갈비만두/1,쌀떡볶이/1,찹쌀순대/1,오뎅（3개）/1,쫄면/1
          ","배달시간두 무지빠르구요
시킨메뉴들 다맛잇어용^^"
마포만두-시청점,2020년 12월 22일,5,5,5,"
            모둠만두/1,참치김밥/1,쌀떡볶이/1
          ",배달이 빨라서 따듯하게 잘먹었습니다
마포만두-시청점,2020년 12월 22일,5,5,5,"
            갈비만두/1,고기만두/1,소고기김밥/1,쫄면/1
          ",만두가 진짜 맛있어요!
마포만두-시청점,2020년 12월 22일,5,5,5,"
            쫄면/1,뚝배기불고기/1
          ","급히 먹어서 사진을 못 찍었지만 맛있게 잘 먹었습니다 :)
배달해주시는 분도 아주 친절하셔서 기분 좋게 먹었네요 !!"
마포만두-시청점,2020년 12월 21일,5,5,5,"
            갈비만두/1,쌀떡볶이/1,참치김치덮밥/1,오징어덮밥/1
          ",맛있게 잘 먹었습니다. 서비스도 감사합니다.
마포만두-시청점,2020년 12월 21일,5,5,5,"
            고기만두/1,제육덮밥/2
          ",자주 먹는데 갈비만두랑 제육 조합이 좋아요 잘 먹었어요!
마포만두-시청점,2020년 12월 21일,5,5,5,"
            갈비만두/1,제육덮밥/2
          ",포장도 식당에서 먹는만큼 맛있네요 잘 먹었습니다
마포만두-시청점,2020년 12월 21일,5,5,5,"
            참치김밥/1,쫄면/1
          ",요즘 쫄면 홀릭인데 집에서 해먹는 그맛이에요! 매콤한데 자극적이지 않아서 좋아요ㅎㅎㅎ 참치김밥이랑 같이 주문하면 찰떡 :)
마포만두-시청점,2020년 12월 21일,5,5,5,"
            순두부찌개/2
          ",빠르게 와서 맛있게 잘 먹었습니다 칼칼하니 해장에 좋네요
마포만두-시청점,2020년 12월 21일,5,5,5,"
            식사세트A - 제육덮밥＋오뎅（3개）/1
          ","단골입니다. 
광화문쪽 분식집 중 원탑입니다.
맛, 양, 서비스 마인드 모두 최곱니다.^^"
마포만두-시청점,2020년 12월 21일,5,5,5,"
            야채김밥/1,쌀떡볶이/1,찹쌀순대/1
          ","깔끔하고 맛있어요 
떡볶이는 매워요"
마포만두-시청점,2020년 12월 21일,5,4,5,"
            모둠만두/2,참치김밥/1,쌀떡볶이/1
          ","정말 맛있어요 ㅋㅋㅋ!!
배송도 빠르고 앞으로 간단하게 만두 생각나면 먹을 거같아요!!"
마포만두-시청점,2020년 12월 20일,4,5,5,"
            카레덮밥/1,육개장/1,환타오렌지맛（355mL）/1,스파클링 사과맛（355mL）/1
          ",괜찮았어요 ^^
마포만두-시청점,2020년 12월 20일,4,5,5,"
            식사세트A - 제육덮밥＋오뎅（3개）/1,참치김치덮밥/1,제육덮밥/1
          ",계란후라이 주신게 좋았고 양 푸짐하고 맛도 괜찮았습니다. 오뎅은 아쉬웠어요...
마포만두-시청점,2020년 12월 20일,5,4,5,"
            모둠만두/1,쌀떡볶이/1,찹쌀순대/1,쫄면/1
          ","떡볶이 존맛탱구리네요

시장 떡볶이 그 맛

쫄면도 함께 ㄱㄱ"
마포만두-시청점,2020년 12월 20일,5,5,5,"
            갈비만두/1,사골떡만두국/1,돈까스/1
          ","배달이 정말 빨리왔어요!
갈비만두 떡만두국은 진짜 맛있었고, 돈까스는 바삭바삭하고 좋았지만 소스가 좀 부족해서 아쉬웠어요! 추천입니다 담에 깔끔하게먹고싶을때 또 시키고싶어요"
마포만두-시청점,2020년 12월 19일,3,4,4,"
            갈비만두/1,고기만두/1,쌀떡볶이/1,찹쌀순대/1,쫄면/1
          ","18,000넘으면 음료수 준다고 적혀있는데 안 주셨네요...그리고 순대에는 간이랑 허파 빼주시라고 적었는데 그냥 다 왔네요... 만두는 맛있었어요!"
마포만두-시청점,2020년 12월 19일,5,5,5,"
            갈비만두/1,야채김밥/1,쌀떡볶이/1,찹쌀순대/1
          ","맛있게 잘먹었어요
순대가 환상이에요~ 다른것들도 물론 맛있었구요
배달도 빠르고 좋았어요"
마포만두-시청점,2020년 12월 18일,5,5,5,"
            모둠만두/1,쌀떡볶이/1,찹쌀순대/1
          ",순대 떡볶이 만두다 맛있게잘먹었습니다~^^
마포만두-시청점,2020년 12월 18일,5,5,5,"
            제육덮밥/4,오징어덮밥/1
          ",오징어덮밥 제육덮밥 둘 다 진짜 맛있어요
마포만두-시청점,2020년 12월 17일,5,5,5,"
            모둠만두/1,쌀떡볶이/1,찹쌀순대/1
          ",배달 진짜 빠르네요 순대 냄새 안나고 떡볶이도 매콤매콤 맛있음
마포만두-시청점,2020년 12월 17일,5,5,5,"
            쌀떡볶이/1,오뎅（3개）/1,계란밥/1
          ","결제에서 문제가 좀 있었는데
사장님의 친절한 응대로 잘 해결됐습니다.
맛과 양은 매번 만족합니다."
마포만두-시청점,2020년 12월 17일,4,4,5,"
            고기만두/1,쌀떡볶이/1,쫄면/1
          ",만두맛있어요. 쫄면도! 떡볶이는 살짝 매워요
마포만두-시청점,2020년 12월 17일,5,5,5,"
            육개장/1,계란밥/1
          ",맛있게 잘먹었네요 굿입니다
마포만두-시청점,2020년 12월 16일,3,4,2,"
            모둠만두/1,참치김밥/1,치즈김밥/1,돈까스김밥/1,쌀떡볶이/1,찹쌀순대/1,오뎅（3개）/1,펩시콜라（355mL）/2,칠성사이다（355mL）/1
          ","맛은 보통이고, 양은 적당하고, 배달은 요기요익스프레스인데 10~15분 늦었습니다. 서비스 음료수 감사합니다. 잘먹었습니다."
마포만두-시청점,2020년 12월 16일,3,4,5,"
            모둠만두/1,쌀떡볶이/1,오뎅（3개）/1
          ","만두, 특히 김치만두가 너무 잡내가 많이 나고 갈비만두도 비위 상하는 맛이고..떡볶이는 너무 맵고..좀 실망했습니다..."
마포만두-시청점,2020년 12월 16일,5,5,5,"
            갈비만두/1,제육덮밥/1
          ",배달빠르고 맛있었어요!
마포만두-시청점,2020년 12월 16일,5,5,5,"
            쌀떡볶이/1,쫄면/1
          ",맛있게 잘 먹었습니다 ! 쫄면이 매콤해서 좋았어요 :)
마포만두-시청점,2020년 12월 16일,5,5,5,"
            갈비만두/1,참치김밥/1,쌀떡볶이/1,쫄면/1
          ",맛있게 잘 먹었습니다.
마포만두-시청점,2020년 12월 16일,5,5,5,"
            오뎅（3개）/1,비빔밥/1
          ",맛 양 배달 부족한게 없네요 좋아요
마포만두-시청점,2020년 12월 15일,5,3,3,"
            갈비만두/1,고기만두/1,야채김밥/1,참치김밥/1
          ",만두가 다식었지만 맛은 있네요~양이 작아서 두판씩은 먹어야 겠네요 ㅎㅎ
마포만두-시청점,2020년 12월 15일,4,4,4,"
            모둠만두/1,참치김밥/1,오뎅（3개）/1
          ",김밥에 단무지가 두개였어요.. 고게 좀 아쉬웠지만 전체적으로 맛있어요
마포만두-시청점,2020년 12월 15일,5,5,5,"
            야채김밥/1,쌀떡볶이/1,오뎅（3개）/1
          ",떡볶이 매콤해서 넘 맛있었고 다른것도 맛있었어요 ㅎㅎ
마포만두-시청점,2020년 12월 15일,4,5,5,"
            갈비만두/1,모둠만두/2,참치김밥/1,돈까스김밥/1,찹쌀순대/2,참치김치덮밥/1
          ","순대 먹는데 소금이 안 왔어요ㅠㅠ 그리고 참치김치덮밥은 너무 짜고 맵다고 하네용 

다른 음식들 갈비만두, 모듬만두, 참치김밥, 돈까스 김밥, 찹쌀 순대는 맛있었어요 ! 

다음에는 꼭 소금 챙겨쥬세요ㅠㅠ 그리고 서비스 음료도 감사해요 !"
마포만두-시청점,2020년 12월 14일,5,5,5,"
            갈비만두/1,찹쌀순대/1,계란밥/1,펩시콜라（355mL）/1,환타오렌지맛（355mL）/1
          ",만두 계란밥 진짜 맛있어요 순대는 잘모르겠는데 배달가격 다 좋음
마포만두-시청점,2020년 12월 14일,5,5,5,"
            모둠만두/1,쫄면/1
          ",매콤달콤새콤 쫄면 잘먹었습니다~^^ 만두는 말할것도없이 최고
마포만두-시청점,2020년 12월 14일,5,5,5,"
            모둠만두/1,소고기김밥/1,오뎅（3개）/1
          ",배송빠르고 맛있어요~
마포만두-시청점,2020년 12월 13일,4,4,5,"
            모둠만두/1,참치김밥/1,치즈김밥/1,쌀떡볶이/1
          ",배달 빨라서 좋앗어오 떡볶이매워용
마포만두-시청점,2020년 12월 13일,4,4,4,"
            갈비만두/2,참치김밥/2
          ",갈비만두 맛있어요ㅎㅎ
마포만두-시청점,2020년 12월 13일,5,5,5,"
            모둠만두/1,쌀떡볶이/1,계란밥/2
          ",맛잇게 잘먹겠습니다!!
마포만두-시청점,2020년 12월 12일,5,5,5,"
            식사세트A - 제육덮밥＋오뎅（3개）/1
          ",맛있게 잘 먹었어요~
마포만두-시청점,2020년 12월 12일,5,5,5,"
            모둠만두/1,참치김밥/2,쌀떡볶이/1
          ",원효대교 밑 마포만두 좋아했는데..호텔왔다가 요기요에 보여서 시켰어요. 역시나 맛있었어요. 만두 김밥 떡볶이 너어무 맛있었어요. 사진을 미쳐 찍지 못해서 아쉽네요.^^
마포만두-시청점,2020년 12월 12일,5,5,5,"
            모둠만두/1,제육오징어덮밥/1
          ",배달빠르고 맛있고 양 많코 잘먹었슴니다 ㅎ
마포만두-시청점,2020년 12월 12일,5,5,5,"
            갈비만두/1,참치김밥/1,쫄면/1,돈까스/1
          ",맛있어요 특히쫄면이 진짜맛있습니당
마포만두-시청점,2020년 12월 11일,5,5,5,"
            치즈김밥/1,돈까스김밥/1,매콤우동/1
          ",매콤하고 맛있어요
마포만두-시청점,2020년 12월 11일,5,5,5,"
            갈비만두/1,고기만두/1,찹쌀순대/2,오뎅（3개）/1,칠성사이다（355mL）/1
          ",순대맛집이네요 ㅎㅎ 갈비 만두도 넘 맛있어요😊
마포만두-시청점,2020년 12월 11일,5,5,5,"
            쌀떡볶이/1,돈까스/1
          ","와..  맛 , 위생, 빠른 배송, 푸짐한 양..   100점이었어요 ^^"
마포만두-시청점,2020년 12월 11일,5,5,4,"
            갈비만두/1,소고기김밥/1,오뎅（3개）/1
          ",꼼꼼히 잘 포장해주셨네요. 갈비 만두도 일품입니다.
마포만두-시청점,2020년 12월 10일,1,1,1,"
            모둠만두/1,쌀떡볶이/1,찹쌀순대/1
          ",배달잘못왔습니다..전화번호가없는데요
마포만두-시청점,2020년 12월 10일,4,4,4,"
            모둠만두/2,참치김밥/2,치즈김밥/1,돈까스김밥/1,쌀떡볶이/2,찹쌀순대/2,오뎅（3개）/3,쫄면/1
          ","잘 먹었어요~
마포만두가 갈비만두 원조라 그런지 맛있네요~"
마포만두-시청점,2020년 12월 10일,5,5,5,"
            갈비만두/3,모둠만두/3,매콤김밥/3,참치김밥/3,소고기김밥/2,돈까스김밥/2,멸치김밥/2,쌀떡볶이/4,찹쌀순대/3
          ","맛도있고 양도 많고 배달도 빠르고 굿입니다.
10명이 같이 먹었는데 다들 만족하네요.
많이 파세요."
마포만두-시청점,2020년 12월 10일,5,5,5,"
            모둠만두/1,매콤김밥/1,쌀떡볶이/1,오뎅（3개）/1
          ",맛있어요 포장 깔끔 잘먹었습니다
마포만두-시청점,2020년 12월 10일,3,4,5,"
            갈비만두/1,매콤김밥/1,칠성사이다（355mL）/1
          ",김밥이 너무 차갑게 왔어요
마포만두-시청점,2020년 12월 10일,5,5,5,"
            고기만두/2,쌀떡볶이/1
          ",맛있게 잘먹었습니다~
마포만두-시청점,2020년 12월 10일,5,5,5,"
            갈비만두/1,쌀떡볶이/1,찹쌀순대/1
          ",야식으로 잘 먹었어요
마포만두-시청점,2020년 12월 10일,5,5,5,"
            참치김밥/1,참치계란밥/1,생수（500mL）/1
          ",계란밥 원래 맛있었고 참치김밥은 근래에 먹은것 중에 제일 맛있었어요 사진 못찍었지만
마포만두-시청점,2020년 12월 10일,2,2,4,"
            모둠만두/2
          ",비비고 왕교자가 더 맛있음
마포만두-시청점,2020년 12월 10일,5,5,5,"
            갈비만두/1,오뎅（3개）/1,제육덮밥/1
          ","사진은 없지만 맛있게 먹었어요
직접 가서 먹는게 최고인데 코로나때문에 못가서 배달로 먹었는데 똑같이 맛있어요 강추"
마포만두-시청점,2020년 12월 10일,5,5,5,"
            갈비만두/1,참치김밥/3,쌀떡볶이/1
          ",급하게 먹느라.사진이 이거밖에ㅠ 맛있게.먹었어요
마포만두-시청점,2020년 12월 10일,4,2,4,"
            갈비만두/1,돈까스/1
          ",양이 적네요.... 돈가스는 돈가스 밥 샐러드 조금이 끝 입니다....
마포만두-시청점,2020년 12월 9일,5,5,4,"
            갈비만두/1,고기만두/1,참치김밥/1,쌀떡볶이/1,찹쌀순대/1,오뎅（3개）/1
          ",맛있게 잘먹었어요 갈비만두 최고에요
마포만두-시청점,2020년 12월 9일,5,5,5,"
            고기만두/1,순두부찌개/1
          ","양 ㄹㅇ개많음
순두부 소주땡기는맛임 얼큰함
만두는 두말할거없음 ㄹㅇ굿"
마포만두-시청점,2020년 12월 9일,5,5,5,"
            갈비만두/1,고기만두/1,쌀떡볶이/1
          ",쌀 떡볶이도 너무 맛있어요 ~
마포만두-시청점,2020년 12월 9일,5,5,5,"
            모둠만두/1,소고기김밥/1,환타오렌지맛（355mL）/1
          ",Very good
마포만두-시청점,2020년 12월 9일,5,5,5,"
            쌀떡볶이/1,사골떡만두국/1
          ","떡볶이 완전 매콤달콤해요♡
평소 쌀떡 잘안먹었는데 이건 진짜 맛있었어요
맛있게 잘 먹었습니다"
마포만두-시청점,2020년 12월 9일,5,5,5,"
            찹쌀순대/1,식사세트A - 제육덮밥＋오뎅（3개）/1
          ",제육덮밥 고기신선도도 괜찮은 것 같고 양념맛도  괜찮았는데 뭔가 쿰쿰한 뒷맛이 개운치 않아서 뭘까 하고 생각해봤더니 사장님 딴에는 하나라도 더 올려주고 싶어 올린 계란후라이의 기름맛이 제육양념과 궁합이 좋진 않은 듯 하다.  차라리 쌉쌀한 야채 상추 미나리 부추류 를 토밍으로 얹음이 내 아주  개인적 취향엔 어울릴 것 같다. 아주 개인적 사견이므로 사장님이 삭제를 원하시면 언제든 삭제해드림.
마포만두-시청점,2020년 12월 8일,5,5,5,"
            고기만두/1,김치만두/1,계란밥/2
          ",ㄹㅇ존맛임 구우우우우우웃
마포만두-시청점,2020년 12월 7일,5,5,5,"
            모둠만두/1,돈까스/1
          ",완벽하게 맛있네요..
마포만두-시청점,2020년 12월 7일,5,5,5,"
            갈비만두/1,쌀떡볶이/1,오뎅（3개）/1
          ",분식 먹고싶어서 시켜서 잘먹었어요
마포만두-시청점,2020년 12월 7일,5,5,5,"
            고기만두/1,쌀떡볶이/1,계란밥/1
          ",계란밥 너무맛있어요.. 어릴때 집에서 만들어먹던 그맛이에요
마포만두-시청점,2020년 12월 7일,3,5,5,"
            참치김밥/1,쌀떡볶이/1,오뎅（3개）/1
          ",잘먹엇습니다~~~~
마포만두-시청점,2020년 12월 6일,5,5,5,"
            갈비만두/1,참치김밥/1,쌀떡볶이/1,찹쌀순대/1
          ",배송굿. 맛도굿 정말 맛있게 잘먹었습니다.
마포만두-시청점,2020년 12월 6일,5,5,5,"
            제육오징어덮밥/1,육개장/1
          ",육개장 맛있어요 다 굿입니다
마포만두-시청점,2020년 12월 6일,5,5,5,"
            야채김밥/1,쌀떡볶이/1,찹쌀순대/1
          ",요청사항 잘 들어주셨고 배달 빠르고 푸짐하게 잘 먹었습니다
마포만두-시청점,2020년 12월 6일,5,5,5,"
            식사세트A - 제육덮밥＋오뎅（3개）/1
          ","대박 맛잇어요!! 양도 많고 배달도 딱 맞춰오고
앞으로 자주 시켜먹어야겟어요"
마포만두-시청점,2020년 12월 5일,5,5,5,"
            갈비만두/1,쌀떡볶이/1,계란밥/1
          ",그래잇 정말 마싯엇습니다!!! 담에 또 싴ㄹ게요
마포만두-시청점,2020년 12월 5일,5,5,5,"
            쌀떡볶이/1,오뎅（3개）/1,계란밥/1,환타오렌지맛（355mL）/1
          ",언제나 맛있어요 또 시킬게요
마포만두-시청점,2020년 12월 5일,5,5,5,"
            찹쌀순대/1,비빔밥/1
          ","마포만두가 순대맛집일 줄 몰랐어요.
순대내장 좋아하는데 분식집에선 보통 순대만 주잖아요.
내장 부위도 다양해서 맛있게 먹었어요.
후기가 좋아서 주문해봤는데 대만족이에요.
저도 다른 분 주문에 도움드리고싶어서 후기남겨요!"
마포만두-시청점,2020년 12월 5일,5,5,4,"
            모둠만두/1,쌀떡볶이/1
          ",맛있는데ㅠㅠㅠ 떡볶이자 진짜 너무 매웜ㅅ어요ㅠㅠㅠㅠㅠㅠㅠ
마포만두-시청점,2020년 12월 4일,5,5,5,"
            갈비만두/1,쌀떡볶이/1,오뎅（3개）/1,계란밥/1
          ",빠른 배달 감사드려요! 떡볶이가 좀매운거빼고 다 맛있게 잘먹었어요 많이파세요!
마포만두-시청점,2020년 12월 4일,5,4,5,"
            모둠만두/1,쌀떡볶이/1,찹쌀순대/1,오뎅（3개）/1
          ",쌀떡볶이가 너무 맛있어요. 조금 덜 달아도 좋을거같아요. 다른 메뉴들도 전반적으로 맛있어서 다음에도 시켜먹을게요
마포만두-시청점,2020년 12월 4일,5,5,5,"
            고기만두/1,야채김밥/2,쌀떡볶이/1
          ",맛났어요 괜찮아요여기
마포만두-시청점,2020년 12월 4일,5,5,5,"
            갈비만두/1,찹쌀순대/1,쫄면/1
          ",맛나요 맛나요 맛나요 맛나요
마포만두-시청점,2020년 12월 4일,3,4,5,"
            고기만두/1,쌀떡볶이/1,찹쌀순대/1
          ",그냥 동네 분식점의 맛이었습니다. ^^
마포만두-시청점,2020년 12월 4일,5,4,5,"
            모둠만두/1,야채김밥/1,쌀떡볶이/1
          ",배달도 빠르고 맛있었어요! 매운거 잘 못 먹어서 제 입맛엔 김치만두가 좀 매웠어요.
마포만두-시청점,2020년 12월 3일,5,5,5,"
            갈비만두/1,매콤김밥/1,쌀떡볶이/1
          ",제 입맛엔 조금 매웠지만 그래도 맛있게 잘 먹었어요. 역시 떡볶이는 쌀떡이 좋네요
마포만두-시청점,2020년 12월 3일,5,3,4,"
            모둠만두/1,참치김밥/1,쌀떡볶이/1
          ",맛있는데 양이 좀 적은거 같아요
마포만두-시청점,2020년 12월 3일,4,5,4,"
            갈비만두/1,참치김밥/1,쌀떡볶이/1
          ",떡볶이랑 김밥 갈비만두 시켰는데 양도 많고 맛있었어요~♡´･ᴗ･`♡
마포만두-시청점,2020년 12월 3일,4,5,5,"
            모둠만두/1,쌀떡볶이/1,환타오렌지맛（355mL）/1
          ",마포만두 배달되는지 몰랐는데 배달도 빨리오고 맛있게 먹었습니다~
마포만두-시청점,2020년 12월 3일,4,5,5,"
            오뎅（3개）/1,제육덮밥/1
          ",1인이 먹기에 양이 많은듯 해요ㅎ 오뎅1개 결국 못먹었네요. 음식 퀄은 좋습니다. 신선한 재료. 번창하세요.
마포만두-시청점,2020년 12월 3일,3,5,5,"
            모둠만두/1,야채김밥/1,쌀떡볶이/1
          ","만두집인데 만두가 제일 별로에요ㅜ
떡볶이 김밥은 먹을만합니다"
마포만두-시청점,2020년 12월 2일,5,5,5,"
            야채김밥/1,쌀떡볶이/1,찹쌀순대/1
          ","아주만족해요
순대도 내장도골고루주시고
떡볶이도 고추장양념 집떡볶이먹는듯한 맛이엿구요
김밥도 아주 맛잇게먹엇습니다^^"
마포만두-시청점,2020년 12월 2일,4,4,5,"
            모둠만두/1,쌀떡볶이/1,오뎅（3개）/1
          ",떡볶이가 넘 맵네요😂😂😂제가 매운걸 잘 못먹는 편이라 더 매운듯!
마포만두-시청점,2020년 12월 2일,5,5,5,"
            모둠만두/1,소고기김밥/1,환타오렌지맛（355mL）/1
          ",Very good
마포만두-시청점,2020년 12월 2일,5,5,1,"
            모둠만두/1,참치김밥/1,쌀떡볶이/1
          ",아니 문앞에 놔두고 문자달라고하는건 벨누르지말라는거 모르나봐요? 배달원센스없음때문에 아기깨서 밥맛배렷네요 휴
마포만두-시청점,2020년 12월 1일,5,5,4,"
            모둠만두/1,쌀떡볶이/1,찹쌀순대/1
          ",굿굿굿😊😊😊😊😊😊
마포만두-시청점,2020년 12월 1일,4,4,5,"
            갈비만두/1,고기만두/1,참치김밥/1,소고기김밥/1,오뎅（3개）/2
          ",고기만두가 최고네요. 갈비만두는 호불호가 있을것 같아요. 냄새가 좀 있어요. 김밥도 괜찮아요.
마포만두-시청점,2020년 12월 1일,5,5,5,"
            식사세트A - 제육덮밥＋오뎅（3개）/1
          ",계속 먹어도 안질리는 최애맛집
마포만두-시청점,2020년 12월 1일,5,5,5,"
            고기만두/1,돈까스/1
          ",맛있습니다! 돈까스 소스가 한국 경양식 브라운 소스면 더 맛있을 것 같아용
마포만두-시청점,2020년 12월 1일,5,5,5,"
            모둠만두/1,쌀떡볶이/2,찹쌀순대/1
          ","배달도 빠르고 맛있었어요~
매운맛 만두 짱맛"
마포만두-시청점,2020년 12월 1일,5,5,5,"
            갈비만두/1,참치김밥/1,치즈김밥/1,쌀떡볶이/1
          ",앗 사진찍는 걸 깜빡했네요 ㅠㅠㅠ 맛있게 잘먹었습니다!! 떡볶이도 맛있었어요 ㅎㅎㅎ
마포만두-시청점,2020년 11월 30일,5,5,5,"
            제육오징어덮밥/1,순두부찌개/1
          ",순두부도 맛있네요
마포만두-시청점,2020년 11월 30일,5,5,5,"
            쌀떡볶이/1,찹쌀순대/1,계란밥/1
          ",사진은 떡볶이지만 계란밥 진짜 감동이네요. 슴슴하니 뭉글뭉글한 맛입니다. 잘 먹었습니다 !
마포만두-시청점,2020년 11월 30일,5,5,5,"
            갈비만두/1,오징어덮밥/1
          ",만두 진짜 너무 맛있게 잘 먹었습니다
마포만두-시청점,2020년 11월 30일,5,5,5,"
            고기만두/1,찹쌀순대/1,계란밥/1
          ",다 너무너무 조은데 ㅠㅠ 간장을 안주셔서... 원래 주셧는데 두번연속으로 간장도없고 순대소금도 없어서 아쉬웠어요 단무지는 사랑이 넘칩니다 ^^ 맛은 늘 최고
마포만두-시청점,2020년 11월 29일,5,5,5,"
            갈비만두/1,야채김밥/2
          ","만두는 사르르 녹고
김밥도 맛있어요."
마포만두-시청점,2020년 11월 29일,5,5,5,"
            모둠만두/1,쌀떡볶이/1,찹쌀순대/1
          ","익스프레스라서 그런가 엄청 빨리 오셨고 맛도 맛있어요! ㅎㅎㅎ
잘먹겠습니다ㅎㅎ
(다른 내장 빼고 순대만 달라는 요청도 들어주셔서ㅋㅋㅋ고마워요!!)"
마포만두-시청점,2020년 11월 29일,5,5,5,"
            갈비만두/2,야채김밥/1,쌀떡볶이/1
          ",딸이 사다주던 갈비만두를 이렇게 배달로 먹을수있어 참좋네요. 역시 갈비만두는 마포만두가 최고. 추운날 신속하게 집앞까지 배달해주셔서 온가족이 따끈한 한끼 잘먹었어요
마포만두-시청점,2020년 11월 28일,5,5,5,"
            참치김밥/1,쌀떡볶이/1,생수（500mL）/1
          ",와우.. 그저 감탄밖엔
마포만두-시청점,2020년 11월 28일,5,5,5,"
            갈비만두/3,고기만두/2,김치만두/2,쌀떡볶이/2,찹쌀순대/2
          ",마포만두 배달되서 너무 좋아요
마포만두-시청점,2020년 11월 28일,5,5,5,"
            갈비만두/1,고기만두/1,스파클링 사과맛（355mL）/1
          ","갈비만두 너무 맛있어요 
배달도  빨라요~"
마포만두-시청점,2020년 11월 28일,5,5,5,"
            모둠만두/1,소고기김밥/1,환타오렌지맛（355mL）/1
          ",Very good
마포만두-시청점,2020년 11월 28일,5,5,5,"
            갈비만두/1,참치김밥/1,비빔밥/1
          ","저녁까지 먹으려고 점심 저녁 2인분 주문했는데 김밥도 맛있고 갈비만두도 맛있어요 흐흐
저녁때 먹을 비빔밥도 기대됩니다 맛있게 잘먹겠습니다~"
마포만두-시청점,2020년 11월 28일,4,4,5,"
            사골떡만두국/1,계란밥/1
          ",배달이 진짜 빨라서 놀랐고 너무 좋습니자
마포만두-시청점,2020년 11월 28일,5,4,5,"
            갈비만두/1,김치만두/1,야채김밥/5,쌀떡볶이/1,찹쌀순대/1
          ",아주 잘 먹었습니다
마포만두-시청점,2020년 11월 27일,4,4,5,"
            쌀떡볶이/1,사골떡만두국/2
          ",떡볶이 매운 편입니당 매운거 못드시는 분들 참고하셔요
마포만두-시청점,2020년 11월 26일,5,5,5,"
            쌀떡볶이/1,찹쌀순대/1,제육덮밥/1
          ",메뉴 전부 다 맛있어요
마포만두-시청점,2020년 11월 26일,5,5,5,"
            야채김밥/1,찹쌀순대/1,비빔밥/1
          ",다 너무 맛있었어요
마포만두-시청점,2020년 11월 26일,5,5,5,"
            모둠만두/1,쌀떡볶이/1,오뎅（3개）/1,제육덮밥/1,오징어덮밥/1,참치계란밥/1
          ",밥 종류도 아주 맛나고 좋네요 ㅎㅎ
마포만두-시청점,2020년 11월 26일,5,5,5,"
            갈비만두/1,고기만두/1,쫄면/1,제육덮밥/1
          ",매콤하네요~ 잘먹었숩니당
마포만두-시청점,2020년 11월 25일,5,5,5,"
            갈비만두/1,야채김밥/1,참치김밥/1
          ",김밥먹구싶어서 주문했는데 갈비만두 맛집이네요 맛있어요
마포만두-시청점,2020년 11월 24일,5,5,5,"
            갈비만두/1,참치김밥/1,쌀떡볶이/1
          ","빠르고 좋아요. 참김 진짜 맛있어요 
떡볶이는 어묵을 좋아하는데 어묵이 별로 없어서 아쉬웠어요 그래도 잘 먹었습니다 :)"
마포만두-시청점,2020년 11월 24일,5,5,5,"
            김치만두/1,모둠만두/1,쌀떡볶이/1
          ",맛있게 잘먹었습니다
마포만두-시청점,2020년 11월 24일,5,5,5,"
            갈비만두/1,야채김밥/1,쌀떡볶이/1,찹쌀순대/1
          ","시간이 지나서 사진은 못찍었지만 정말 잘먹었습니다
특히 떡볶이가 맛있네요"
마포만두-시청점,2020년 11월 24일,5,5,5,"
            갈비만두/1,참치김밥/1,쌀떡볶이/1
          ",너무 괜찮아서 2일 연속이에요 굳굳
마포만두-시청점,2020년 11월 24일,5,5,5,"
            쌀떡볶이/1,찹쌀순대/1,오뎅（3개）/1
          ","맛있어요 ㅎㅎ 
다음엔 밥 종류 먹어봐야겟어요"
마포만두-시청점,2020년 11월 24일,5,4,5,"
            고기만두/2,계란밥/1
          ",ㅠㅠ 너무맛있어요 ㅠㅠ 요즘 꽂혀서 맨날 먹고싶은 ㅋㅋㅋ 만두를 원래 넘 좋아하지만 계란밥 최애 ♡ 배달도 너무 친절하시고 최고에요!
마포만두-시청점,2020년 11월 24일,5,5,5,"
            모둠만두/2,야채김밥/1,쌀떡볶이/1,쫄면/1,참치김치덮밥/1
          ","점심 간단하게 해결하기 좋아요 배달도 빠르구요

만두가 아주 맛있네요 만두 추천"
마포만두-시청점,2020년 11월 23일,5,5,5,"
            찹쌀순대/1,쫄면/1
          ",맛있게 잘먹었습니다
마포만두-시청점,2020년 11월 23일,4,4,5,"
            참치김밥/1,돈까스김밥/1,쌀떡볶이/1
          ",맛있게 잘 먹었어요
마포만두-시청점,2020년 11월 23일,5,5,5,"
            갈비만두/1,쫄면/1
          ",늘 맛나요^^ 매일먹고 싶은 맛...
마포만두-시청점,2020년 11월 23일,4,4,5,"
            사골떡만두국/1,참치계란밥/1
          ",늘 빠르고 친절한 배달에 잘먹고있습니다.
마포만두-시청점,2020년 11월 23일,5,5,5,"
            고기만두/1,모둠만두/1,쌀떡볶이/1,찹쌀순대/1,쫄면/1
          ",쫄면은 간이 좀 아쉽지만 다른 음식은 다 맛있어요!!
마포만두-시청점,2020년 11월 23일,5,5,5,"
            제육덮밥/1,오징어덮밥/1
          ",배달 빠르고 맛도 좋아요
마포만두-시청점,2020년 11월 23일,5,5,5,"
            모둠만두/1,사골떡만두국/1
          ",양은 약간 적습니다. 다만 맛은 있습니다. 금액도 비싼편 아니니 이해 됩니다. 딱만두국은 맛있었어요
마포만두-시청점,2020년 11월 21일,2,4,5,"
            고기만두/1,김치만두/1,야채김밥/1,쌀떡볶이/1
          ",늦은 시간에 주문래서 그런지 만두맛이 이상합니다. 만두 밑면은 너무 젖어 있고 진맛이 빠진 듯 했는데 아마도 찜통에 너무 오래 뒀던게 아닌가 합니다. 만두는 먹지 못하고 다 버렸습니다. 김밥과 떡볶기는 기대하는 만큼 맛이 있었습니다.
마포만두-시청점,2020년 11월 21일,4,4,5,"
            모둠만두/1,쌀떡볶이/1,찹쌀순대/1
          ",모듬만두 맛있어요~~
마포만두-시청점,2020년 11월 21일,5,5,5,"
            모둠만두/1,쌀떡볶이/1
          ",만두가 진짜 맛있습니다.만두 많이 시켜 먹어야 겠어요.~^^
마포만두-시청점,2020년 11월 21일,4,4,5,"
            모둠만두/1,쌀떡볶이/1,오뎅（3개）/1
          ",따듯한 만두 맛있게 먹었어요
마포만두-시청점,2020년 11월 21일,4,5,3,"
            모둠만두/1,쌀떡볶이/1,오뎅（3개）/1
          ",무난했습니다. 결제된 시점에서 거의 20분뒤에 준비 문자오더라구요
마포만두-시청점,2020년 11월 20일,5,5,5,"
            갈비만두/1,찹쌀순대/1,계란밥/1
          ","너무 맛있어요 요청사항도 잘해주셔서 감동받았아요
또시킬게요 갈비만두 육즙 팡팡~"
마포만두-시청점,2020년 11월 20일,5,5,5,"
            모둠만두/1,쌀떡볶이/1,찹쌀순대/1
          ",개인적인 취향으론 김치만두들 빼곤 다 맛있었고 떡볶이가 간만에 너무 맛있는곳을 찾아서 넘 좋네요
마포만두-시청점,2020년 11월 20일,5,5,5,"
            모둠만두/1,돈까스/1
          ",모둠만두도 맛있네요 돈가스도 좋아요 포장이 깔끔해서 좋습니다
마포만두-시청점,2020년 11월 20일,4,4,4,"
            매콤김밥/1,찹쌀순대/1,오뎅（3개）/1
          ",전체적으로 만족해요
마포만두-시청점,2020년 11월 20일,3,4,1,"
            오뎅（3개）/1,돈까스/1
          ",20분 익스프레스인데 28분 걸렸어요
마포만두-시청점,2020년 11월 19일,5,5,5,"
            야채김밥/1,쌀떡볶이/1,환타오렌지맛（355mL）/1
          ",빠르고 맛잇어요 포장용기가 깔끔해서 보관하기 좋네요
마포만두-시청점,2020년 11월 19일,5,5,5,"
            갈비만두/1,쌀떡볶이/1,오뎅（3개）/1
          ",맛있는 만두 떡볶이 오뎅
마포만두-시청점,2020년 11월 18일,5,4,5,"
            모둠만두/1,쌀떡볶이/1,환타오렌지맛（355mL）/1
          ","만두는 종류별로 색다른맛이 있어서 좋았고요, 떡볶이 쌀이 쫀득한 느낌과 식감도 좋고 너무 맛있어요. 감사""^^"""
마포만두-시청점,2020년 11월 18일,5,5,5,"
            갈비만두/2,치즈김밥/1,찹쌀순대/1
          ",good!! 계속 맛있숩니다
마포만두-시청점,2020년 11월 18일,5,5,5,"
            갈비만두/1,참치김밥/1,쌀떡볶이/1,찹쌀순대/1
          ",이번에도 종종 가서 먹었는데 배달음식 중에서 가장 맛있었어요!
마포만두-시청점,2020년 11월 18일,5,5,5,"
            돈까스김밥/1,쌀떡볶이/1,찹쌀순대/1
          ","맛. 양. 배달까지 모두 만족합니당^^
2번째 주문인데, 메뉴가 다 맛있어요"
마포만두-시청점,2020년 11월 17일,5,5,5,"
            고기만두/1,참치김치덮밥/1,제육덮밥/1,계란밥/2
          ",항상 주문하는 맛집임
마포만두-시청점,2020년 11월 16일,5,5,5,"
            갈비만두/1,치즈김밥/1,쌀떡볶이/1
          ",신속배달에 맛도  양도 적당히 좋았어요
마포만두-시청점,2020년 11월 16일,5,5,5,"
            고기만두/1,야채김밥/1,쌀떡볶이/1
          ",잘먹었습니다~~~~
마포만두-시청점,2020년 11월 16일,1,1,3,"
            갈비만두/1,야채김밥/1,참치김밥/1,쌀떡볶이/1,찹쌀순대/1
          ",떡볶이는 너무 달고 전체적으로 별로였어요
마포만두-시청점,2020년 11월 15일,4,3,3,"
            갈비만두/1,쌀떡볶이/1,찹쌀순대/1,오뎅（3개）/1
          ",사진은 없고 무지 맛있다는점
마포만두-시청점,2020년 11월 15일,5,5,5,"
            갈비만두/1,참치김밥/1,치즈김밥/1,찹쌀순대/1
          ",야근때는 항상 이곳에서. 순대 맛요
마포만두-시청점,2020년 11월 15일,4,4,4,"
            쌀떡볶이/1,식사세트A - 제육덮밥＋오뎅（3개）/1
          ","빠른배달감사하고.

떡볶이가너무맵네요.ㅎㅎ오랫만에맛있게먹었습니다"
마포만두-시청점,2020년 11월 15일,5,5,5,"
            모둠만두/1,쌀떡볶이/1,환타오렌지맛（355mL）/1
          ",만두의 여러 맛이 잘어울리는 별미이며 떡볶이도 쌀로만든 떡은 너무도 맛과 식감이 정말 좋아요....ㅎㅎ
마포만두-시청점,2020년 11월 13일,5,5,5,"
            고기만두/1,사골떡만두국/1,제육덮밥/1,참치계란밥/1
          ",포장도 맛도 배달도 깔끔
마포만두-시청점,2020년 11월 13일,4,3,5,"
            갈비만두/1,모둠만두/1,매콤김밥/1,쌀떡볶이/1,오뎅（3개）/1
          ",적절한 맛 그렇지 않은 양
마포만두-시청점,2020년 11월 11일,5,5,5,"
            갈비만두/1,쫄면/1
          ",아주 간만에 맛나게 먹었네요.^^ 간이 세지도 않고 맛났어요.
마포만두-시청점,2020년 11월 11일,5,5,5,"
            고기만두/3
          ",우선 배달이 빨랐어요 그래서 만두가 따뜻했어요 만두가 입안에서 살살녹네요 너무맛있어서 순식간에 다먹었네요
마포만두-시청점,2020년 11월 11일,5,5,5,"
            쌀떡볶이/1,오뎅（3개）/1,계란밥/1
          ",잘 먹엇습니다~~~~~
마포만두-시청점,2020년 11월 10일,5,5,5,"
            갈비만두/1,돈까스김밥/1,쌀떡볶이/1
          ",만두 진짜 맛있어요 다음에도 먹을거같네요
마포만두-시청점,2020년 11월 10일,5,5,5,"
            모둠만두/1,쌀떡볶이/1,오뎅（3개）/1
          ",양도 많고 맛도 좋아요!!
마포만두-시청점,2020년 11월 10일,5,5,5,"
            야채김밥/1,식사세트A - 제육덮밥＋오뎅（3개）/1
          ",맛있고  배달도  빠르고  좋아요
마포만두-시청점,2020년 11월 10일,5,5,5,"
            김치만두/1,쌀떡볶이/1,찹쌀순대/2
          ",잘먹었어요~~%%%%
마포만두-시청점,2020년 11월 9일,5,5,5,"
            고기만두/1,쌀떡볶이/1,찹쌀순대/1
          ",잘먹었어요!!!!!!!!!!!
마포만두-시청점,2020년 11월 9일,3,2,4,"
            참치김밥/1,쫄면/1
          ","쫄면과 참치김밥 주문해서 먹었어요.
쫄면은 배달그릇에 맞춰넣어야해서 그런지 매장에서 먹을때보다 쫄면 양도 적고 야채도 적고..
배달도 조금 신경써주시면 좋을것 같네요.."
마포만두-시청점,2020년 11월 8일,5,5,5,"
            모둠만두/1,식사세트A - 제육덮밥＋오뎅（3개）/1
          ",맛최고 배달도 빨라요!
마포만두-시청점,2020년 11월 8일,5,5,5,"
            모둠만두/1,참치김밥/1,쌀떡볶이/1,오뎅（3개）/1
          ",맛있어요 잘먹었습니다
마포만두-시청점,2020년 11월 8일,5,5,5,"
            식사세트A - 제육덮밥＋오뎅（3개）/1
          ",맛있게 먹었습니다!!
마포만두-시청점,2020년 11월 8일,5,5,5,"
            모둠만두/1,쌀떡볶이/1,오뎅（3개）/1
          ",맛있게 먹었습니다~~
마포만두-시청점,2020년 11월 8일,5,5,5,"
            식사세트A - 제육덮밥＋오뎅（3개）/1
          ","배달기사님이 에러였지만
가성비 최고 맛집입니다."
마포만두-시청점,2020년 11월 7일,5,5,5,"
            고기만두/1,쌀떡볶이/1,돈까스/1,계란밥/1
          ",맛 양 배달 3박자 아주훌륭합니다
마포만두-시청점,2020년 11월 7일,5,5,5,"
            쌀떡볶이/1,오뎅（3개）/1,계란밥/1
          ","단무지 더 달라고하면 안되겟군요ㅎ 너무 많이 주시네요 죄송하게~
오늘은 포장용기도 좋은걸로 주시고 잘 먹엇습니다~
맛이야 뭐 맛잇는거 알고 주문햇으니 할말없네요~"
마포만두-시청점,2020년 11월 6일,5,5,5,"
            찹쌀순대/1,식사세트A - 제육덮밥＋오뎅（3개）/1
          ",배달도  빠르고  맛있습니다
마포만두-시청점,2020년 11월 5일,5,5,5,"
            식사세트A - 제육덮밥＋오뎅（3개）/1
          ","깔끔한 포장과 맛
빠른 배송까지 단골 예약입니다.^^
이 근방 분식집 중에서는 제일 좋은듯 합니다."
마포만두-시청점,2020년 11월 3일,5,5,5,"
            참치김밥/1,뚝배기불고기/1,순두부찌개/1
          ",완전 맛있어요 💖💖💖💖💖
마포만두-시청점,2020년 11월 2일,5,5,5,"
            모둠만두/1,쫄면/3
          ",허겁지겁먹다보니 사진을깜밖해서 중간에찍었네요. 만두는당연히맛있고 쫄면도 맛있어요~
마포만두-시청점,2020년 11월 2일,4,4,4,"
            모둠만두/1,참치김밥/1,쌀떡볶이/1,오뎅（3개）/1
          ",만두가 다 붙어서 먹을때 부숴져서 좀 그랬으나 맛나게 잘먹었어요  배달빨라서 다 따뜻하게 잘먹었습니다
마포만두-시청점,2020년 11월 2일,5,5,5,"
            모둠만두/2
          ","현대아파트일하러 왓다가 주문해서 10분만에 받앗구요 배달기사님도 친절하시고. 만두도 맛잇게 잘 먹엇습니다 감사합니다.
대박나세요."
마포만두-시청점,2020년 11월 2일,4,5,5,"
            참치김밥/1,치즈김밥/2,돈까스김밥/1,쌀떡볶이/2
          ",배달도 빠르고 양도 많아요~
마포만두-시청점,2020년 11월 1일,5,5,3,"
            모둠만두/1,참치김치덮밥/1
          ","배달이 익스프레스인데 주뭇접수도 
늦게 되고 도착시간도 예상보다 늦게 오더군요.ㅎ
개선이 필요합니다.ㅜㅜ
대신 맛과 양은 만족합니다.^^"
마포만두-시청점,2020년 11월 1일,5,5,5,"
            모둠만두/1,쌀떡볶이/2,찹쌀순대/1
          ",잘먹었습니다 맛있어요
마포만두-시청점,2020년 10월 31일,4,4,5,"
            갈비만두/1,모둠만두/1,쌀떡볶이/1
          ",진짜 배달 빠르네요~~ 매콤해요
마포만두-시청점,2020년 10월 31일,5,5,5,"
            갈비만두/1,야채김밥/1,쌀떡볶이/1
          ",잘 먹엇습니다~~~~~
마포만두-시청점,2020년 10월 31일,4,5,5,"
            쌀떡볶이/1,쫄면/1
          ",맛있게 잘 먹었습니다. 음식도 따뜻하네요.
마포만두-시청점,2020년 10월 31일,5,5,5,"
            갈비만두/1,찹쌀순대/1,쫄면/1
          ","정말잘먹었습니다
감사합니다"
마포만두-시청점,2020년 10월 31일,5,5,5,"
            김치만두/1,쌀떡볶이/1,찹쌀순대/1
          ","김치만두와 순대가 너무 맛있습니다.
음료수 서비스 감사합니다."
마포만두-시청점,2020년 10월 31일,5,5,5,"
            고기만두/2,모둠만두/1,쌀떡볶이/1
          ","먹을때는  맵다맵다하면서먹지만

또시켜먹게되네요"
마포만두-시청점,2020년 10월 30일,4,5,5,"
            쌀떡볶이/1,찹쌀순대/1,스파클링 사과맛（355mL）/1
          ","떡볶이 굿~~ 기대이상 입니다
찹쌀순대는 낫 배드"
마포만두-시청점,2020년 10월 30일,4,4,5,"
            김치만두/1,쌀떡볶이/1,찹쌀순대/1
          ","사진보다 실물 비쥬얼이 더 좋아요ㅎㅎ
양도 많고 맛있어요
코로나로 힘든시기 번창하시길 바래요^^"
마포만두-시청점,2020년 10월 29일,1,3,1,"
            갈비만두/2,참치김밥/1
          ",배달이 늦어 식어서 그런진 모르겠지만 맛도 별로고 음식 상태도 엉망이었습니다
마포만두-시청점,2020년 10월 29일,5,5,5,"
            갈비만두/2,김치만두/1
          ",갈비만두 너무 맛있습니다 ㅎㅎ
마포만두-시청점,2020년 10월 29일,5,5,5,"
            야채김밥/1,쌀떡볶이/1,계란밥/1
          ",김밥 너무 맛있어요!! 떡볶이도 진한게 맛있고 계란밥은 진짜 별미에요 ㅋㅋ 다음에는 만두도 먹어봐야겠네요. 맛있게 잘먹었습니다😁
마포만두-시청점,2020년 10월 29일,5,5,5,"
            갈비만두/1,모둠만두/1,야채김밥/1
          ",맛잇어요!!!!! 배달도 빠르고
마포만두-시청점,2020년 10월 29일,5,4,5,"
            모둠만두/1,쌀떡볶이/1,찹쌀순대/1
          ",양은 많진 않았지만 적당했고 만두가 생각보다 엄청 작았어요 ㅋㅋㅋ 귀여운 만두 갈비만두가 정말 맛있어서 다음엔 갈비만두만 시켜보려구용
마포만두-시청점,2020년 10월 28일,5,5,5,"
            쌀떡볶이/1,찹쌀순대/1,계란밥/1
          ",일단 떡볶이 소스가 빨간게 너무 맛있어요 ㅋㅋ 개인적으로 색깔 빨갛고 꾸덕지는거 좋아하는데 순대랑 너무잘어울려욬!!양이 다먹을수있을것같았는데 혼자먹기엔 너무많은것같아 계란밥은 있다 먹을게요😂 암튼 빠른배달 감사드리고 자주 이용할게요 :)
마포만두-시청점,2020년 10월 28일,5,5,5,"
            야채김밥/1,쌀떡볶이/1,찹쌀순대/1
          ",배달도  빠르고  맛있고  좋아요
마포만두-시청점,2020년 10월 27일,5,5,5,"
            갈비만두/1,쌀떡볶이/1,찹쌀순대/1
          ","실시간으로 배달현황이 와서 좋았고
음식도 따뜻하게 잘받았습니다 
순대가 이것저것들어있어서 맛있네요"
마포만두-시청점,2020년 10월 27일,5,5,5,"
            갈비만두/1,고기만두/1,쌀떡볶이/2
          ","오늘도 맛있게 잘먹었습니다
오늘은 덜매워서 좋았의요"
마포만두-시청점,2020년 10월 27일,5,5,5,"
            갈비만두/1,찹쌀순대/1,오뎅（3개）/1
          ","떡볶이 먹고싶어서 시켰는데
떡볶이만 빼먹고 주문했네요 아오"
마포만두-시청점,2020년 10월 27일,5,5,5,"
            모둠만두/2,쌀떡볶이/1
          ",만두가 정말 맛있어요!!! 떡볶이는 고추장 맛이 좀 강해서 호불호 갈리겠네요~
마포만두-시청점,2020년 10월 26일,5,5,5,"
            매콤김밥/1,참치김밥/1,쌀떡볶이/1,오뎅（3개）/1
          ",매운거 좋아하는데 매콤김밥 정말 맛있었어요
마포만두-시청점,2020년 10월 26일,5,5,5,"
            갈비만두/1,고기만두/1,김치만두/1
          ",지인들과 맛난 만두파티.!
마포만두-시청점,2020년 10월 26일,5,5,5,"
            쌀떡볶이/1,계란밥/2
          ","맛있게 잘 먹었습니다.
출출할때 딱 좋아욥"
마포만두-시청점,2020년 10월 26일,5,5,5,"
            갈비만두/1,모둠만두/1,매콤김밥/1,참치김밥/1,쌀떡볶이/2,찹쌀순대/2
          ",지난주 금요일에 먹었는데 너무 맛있어서 오늘 또 먹었어요 ㅋㅋㅋ
마포만두-시청점,2020년 10월 26일,5,5,5,"
            갈비만두/1,고기만두/1,찹쌀순대/1,돈까스/1
          ",맛있게 잘먹었습니다
마포만두-시청점,2020년 10월 26일,5,5,5,"
            모둠만두/1,매콤김밥/1,쌀떡볶이/1
          ",배달이 빠르고 만두가 특히 맛있어요
마포만두-시청점,2020년 10월 26일,5,5,5,"
            모둠만두/2,야채김밥/2,쌀떡볶이/1
          ","맛있게잘먹었습니당
떡뽂이가 많이 맵긴하지만
계속땡기는맛인듯도합ㄴ다"
마포만두-시청점,2020년 10월 26일,5,5,5,"
            갈비만두/1,참치김밥/1,쌀떡볶이/1,칠성사이다（355mL）/1
          ","급하게 주문했는데
기다림 길지 않게 
배달 해주셔서 감사합니다 

만두 굿
김밥 굿
떡볶이 먹고 매웠어요 ㅠㅠ

그래도 삼실에서  
먹고싶은 분식 
감사히 받는게 제일!!!!^^"
마포만두-시청점,2020년 10월 25일,5,5,5,"
            찹쌀순대/1,돈까스/1
          ",좋아요 배달따뜻하니
마포만두-시청점,2020년 10월 25일,5,5,5,"
            쌀떡볶이/1,찹쌀순대/1,오뎅（3개）/1
          ",맛잇네요 오뎅은 국물이 샛지만 맛잇네요 간도 맞고
마포만두-시청점,2020년 10월 24일,5,5,5,"
            모둠만두/1,쌀떡볶이/1,찹쌀순대/1
          ",푸짐하게 맛있게 먹었습니다
마포만두-시청점,2020년 10월 24일,5,5,5,"
            갈비만두/1,모둠만두/1,쌀떡볶이/1,돈까스/1
          ",떡볶이 진짜 너무 맛있어요!!!!!ㅜㅜㅜㅜ
마포만두-시청점,2020년 10월 24일,3,4,5,"
            매콤김밥/1,비빔밥/1
          ",김밥은 매콤하고 맛있었는데 비빔밥은 그저 그래요
마포만두-시청점,2020년 10월 23일,5,5,5,"
            모둠만두/1,쌀떡볶이/1,찹쌀순대/1
          ",맛있어요 양도 많아요
마포만두-시청점,2020년 10월 23일,5,5,5,"
            모둠만두/1,사골떡만두국/1
          ",와우 와우 와우!!
마포만두-시청점,2020년 10월 22일,3,4,5,"
            갈비만두/1,쌀떡볶이/1,쫄면/1
          ",요기요익스프레스 빨라서 좋네요. 남편이 자가격리중이라 주문해줬어요. 떡볶이가 먹고 싶다고 해서 보냈는데 만두 빼고 나머지는 그냥 쏘쏘했다는 슬픈 평가가..ㅠ
마포만두-시청점,2020년 10월 22일,5,5,5,"
            김치만두/1,사골떡만두국/1
          ","만두국 식어서 올까봐 걱정했는데 뜨끈뜨끈하게 와서
너무 맛있게 잘 먹었어요!"
마포만두-시청점,2020년 10월 21일,5,5,5,"
            쌀떡볶이/1,찹쌀순대/1,오뎅（3개）/1
          ",배달 겁나 빠르네요. 오뎅국물이 맹맹해서 아쉽지만 나머지는 다 맛있어요
마포만두-시청점,2020년 10월 20일,5,5,5,"
            야채김밥/1,쌀떡볶이/1,찹쌀순대/1
          ",음식이  맛있어요  배달도  빠르고  좋아요
마포만두-시청점,2020년 10월 19일,4,5,1,"
            식사세트A - 제육덮밥＋오뎅（3개）/1,순두부찌개/1
          ",😂😂😂😂😂😂😂😂😂😂
마포만두-시청점,2020년 10월 19일,3,4,5,"
            모둠만두/1,야채김밥/1,오뎅（3개）/1
          ","맛은 그냥 평범함
빠르고 뜨끈하게 옴"
마포만두-시청점,2020년 10월 19일,2,2,5,"
            야채김밥/3,오뎅（3개）/1
          ",김밥이 차가워서 먹기 힘들었네요
마포만두-시청점,2020년 10월 19일,5,5,5,"
            모둠만두/1,쫄면/1
          ",배달빠르고 만두도 정말맛있어요
마포만두-시청점,2020년 10월 18일,5,5,5,"
            모둠만두/1,쌀떡볶이/1,찹쌀순대/1
          ",배달 빠르고 맛잇습니다
마포만두-시청점,2020년 10월 17일,5,4,4,"
            갈비만두/1,돈까스김밥/1,펩시콜라（355mL）/1
          ","갈비만두 진짜 맛있어요
돈까스김밥도 맛있었는데 제가 오이를 안 먹어서.
오이빼고 먹었어요, 그래도 맛있었습니다!"
마포만두-시청점,2020년 10월 16일,5,5,5,"
            모둠만두/1,쌀떡볶이/1,찹쌀순대/1
          ",모둠만두 맛있었어요. 순대에 있는 간은 맛은 괜찮았는데 너무 말라있었어요. 떡뽁이에 어묵양이 아쉬웠어요.
마포만두-시청점,2020년 10월 16일,4,3,5,"
            고기만두/1,쌀떡볶이/1,찹쌀순대/1
          ",두번째 주문이에요 배달 신속 만두 너무 맛있어요
마포만두-시청점,2020년 10월 15일,5,5,5,"
            갈비만두/1,쌀떡볶이/1,찹쌀순대/1
          ",맛있었어요!!!👍👍👍👍
마포만두-시청점,2020년 10월 15일,5,5,5,"
            갈비만두/1,쌀떡볶이/1,오뎅（3개）/1
          ",맛있게 먹었어요~~
마포만두-시청점,2020년 10월 15일,5,5,5,"
            모둠만두/1,찹쌀순대/1,오뎅（3개）/1
          ",맛있게 먹었어요~~
마포만두-시청점,2020년 10월 15일,5,5,5,"
            찹쌀순대/1,오뎅（3개）/1,사골떡만두국/1
          ","날씨가 갑자기 추워져서 나가기 싫던날,
회사 점심시간에 익스프레스 배달주문 했는데 진짜 빠르네용ㅎㅎ 맛도 양도 배달도 모두 만족입니다.
리뷰 이벤트 신청은 안했지만 추천드리고 싶어서 남겨요^^"
마포만두-시청점,2020년 10월 15일,5,5,5,"
            모둠만두/1,쌀떡볶이/1,찹쌀순대/1
          ",너어어어무 맛있습니다!!!!
마포만두-시청점,2020년 10월 14일,5,5,5,"
            모둠만두/1,쌀떡볶이/1,찹쌀순대/1
          ",배달도  빠르고  맛있네요
마포만두-시청점,2020년 10월 14일,5,5,5,"
            김치만두/1,쌀떡볶이/1,찹쌀순대/1
          ",배달에 문제가 조금 있었지만 다시 기다린 보람이 있게 맛있었습니다. 감사합니다.
마포만두-시청점,2020년 10월 13일,5,5,5,"
            모둠만두/2,매콤김밥/1,쌀떡볶이/1
          ",익스프레스처음인데 배달완전빠르네요. 동선도보여서좋아요. 마포만두오랜만에시켰는데 모듬만두맛있어요. 4000원에 10개면훌륭한듯.떡볶이도맛있었습니다
마포만두-시청점,2020년 10월 13일,5,5,5,"
            모둠만두/1,찹쌀순대/1,오뎅（3개）/1
          ",넘 맛있었습니다! 잘 먹었습니당!
마포만두-시청점,2020년 10월 11일,5,5,5,"
            야채김밥/1,쌀떡볶이/1,찹쌀순대/1
          ",구구구구구구구구굿굿
마포만두-시청점,2020년 10월 11일,4,4,5,"
            김치만두/1,야채김밥/1,오뎅（3개）/1
          ",저렴한 가격에 좋은 선택입니다.
마포만두-시청점,2020년 10월 11일,5,5,5,"
            갈비만두/1,쌀떡볶이/1,찹쌀순대/1
          ","배달 빨라요
떡볶이 매운거 좋아하시면 좋아해요
 - 조미료맛이 거의 안나요"
마포만두-시청점,2020년 10월 11일,5,5,1,"
            갈비만두/1,쌀떡볶이/1,오뎅（3개）/1
          ","맛있어요 특히 만두 잘먹었어요 근데 이건 업체문제는 아닌것같은데 솔직히 짜증나네요
분식인데 배달출발하고 안국 들렸다가 을지로들렸다가 지금 20분정도 지나서도착하네요
1주문1배달 쿠pang이츠로 넘어가렵니다"
마포만두-시청점,2020년 10월 11일,5,5,5,"
            모둠만두/1,오뎅（3개）/2
          ","맛은 있으나, 포장이 너무 심합니다. 단무지국물 흐르고, 오뎅국물마저 흘러왔습니다."
마포만두-시청점,2020년 10월 10일,5,5,5,"
            모둠만두/1,쌀떡볶이/1,찹쌀순대/1
          ",배달.맛.양 만족합니다~~
마포만두-시청점,2020년 10월 10일,5,5,5,"
            갈비만두/2,야채김밥/1,쌀떡볶이/2
          ","역쉬~
배달 정말  빠르고요~
기사님 친절하시구요~
머니머니해도 음식이~~
떡볶이 한입 들어가면서 웃고~
만두 하나 넣고 음미하고~
사장님~ 
아주 행복하게 잘먹엇습니다
(나중에 기회온다면
떡볶이 레시피좀 몰래 알려주세요 ㅋ)"
마포만두-시청점,2020년 10월 9일,5,5,5,"
            모둠만두/1,쌀떡볶이/1,찹쌀순대/1
          ","코로나 자가격리중에 호텔에서 시켰는데, 옛날에 시장에서 먹던 맛이네요. 감사합니다. 잘먹을께요^^"
마포만두-시청점,2020년 10월 9일,4,1,5,"
            고기만두/1,모둠만두/1,쌀떡볶이/1
          ",만두 배달 빨랐는데 젓가락으로 잡는 족족 붕괴돼요 김치만두..;
마포만두-시청점,2020년 10월 9일,5,5,5,"
            매운개성만두/1,쌀떡볶이/1,찹쌀순대/1,오뎅（3개）/1
          ","배달도 빠르고
맛있었어요!😍"
마포만두-시청점,2020년 10월 8일,5,5,5,"
            갈비만두/1,쌀떡볶이/1,칠성사이다（355mL）/1
          ","친절한기사님.초특급배달과 깔끔한포장과 리뷰대로맛있는 떡볶이와 갈비만두, 그리고서비스 사이다까지 처음이용하는데 좋았습니다! 망설이다가 리뷰보고 주문했는데ㅋ 야밤에 넘맛있게먹었어요 감사합니다"
마포만두-시청점,2020년 10월 6일,4,4,4,"
            모둠만두/1,쌀떡볶이/1,오뎅（3개）/1
          ","맛있게잘먹었어요! 떡볶이가먹고싶은데
다른집은 너무양도많고 안먹는것들도 꽤있어서
시키기부담스러웠는데.. 요긴딱적당히많은양과
만두를좋아하는 제입맛에는 딱이였습니다!
떡볶이가  맛있긴한데 너무달아서 좀만덜달았으면했고요 만두는 너무따닥따닥붙어있어서 먹을때 피가 찢어져서 좀아쉽더라구요 그외에는 포장도깔끔하고
배달도 나쁘지않았습니다 생각날때 또시켜먹을게요~~"
마포만두-시청점,2020년 10월 5일,5,5,4,"
            갈비만두/2,쌀떡볶이/1,찹쌀순대/1
          ",역시 갈비만두 실망시키지 않아요
마포만두-시청점,2020년 10월 4일,5,5,5,"
            갈비만두/3,쌀떡볶이/2
          ","대박~
라이더님 실시간위치 나오고
이름까지~ 믿고시키는 요기요네요
이 기호 기사님 친절한 말투와
90도인사가 기분을 좋게 만들어주시고~
별 다섯개가 모자른듯ᆢ
이젠 음식평가~
비쥬얼만큼이나 떡볶이는
머릿속 상상에서 그려지는맛에
너무나도 잘어울리는ᆢ
아주 맛있네요~
두번째 갈비만두~
떡볶이에 맛에 너무 취햇나봐용~
갈비만두 역시나 맛잇었습니다
다만ᆢ 제 개인적인 취향에서 생각하면
다소 빈약해보이는 비쥬얼이 아쉬움을
남기네요~ 하지만 모처럼 기분좋고
맛있게 먹었습니다 단골 쾅쾅 등록~
코로나때문에 힘드시죠 사장님~
힘내자구요~  화이팅"
마포만두-시청점,2020년 10월 3일,5,5,5,"
            갈비만두/1,쌀떡볶이/1,오뎅（3개）/1
          ","배달 완전 빠르고 떡볶이 어묵 만두 다 맛있어요 :)
음료수도 감사합니다♡"
마포만두-시청점,2020년 9월 30일,5,5,5,"
            모둠만두/1,사골떡만두국/1,공기밥/1
          ",배달진짜빠르네요^ 맛있게먹겠습니다
마포만두-시청점,2020년 9월 30일,5,5,4,"
            모둠만두/1,쌀떡볶이/1,오뎅（3개）/1
          ",만두가 엄청 맛있네요 특히 갈비만두! 배달은 좀 늦은게 아쉽지만 그래도 맛있었습니다
마포만두-시청점,2020년 9월 30일,5,5,5,"
            갈비만두/1,야채김밥/1,찹쌀순대/1,돈까스/1
          ","갈비만두 짱이네요! 다 맛있게 잘먹었습니다~
리뷰 서비스 음료수도 감사했습니다ㅎㅎ"
마포만두-시청점,2020년 9월 30일,5,4,4,"
            갈비만두/1,참치김밥/1,쌀떡볶이/1,찹쌀순대/1,오뎅（3개）/1
          ",잘먹었어요. 또 주문할께요
마포만두-시청점,2020년 9월 28일,3,5,5,"
            모둠만두/1,쌀떡볶이/1,식사세트A - 제육덮밥＋오뎅（3개）/1
          ","신속한 배달, 서비스도 챙겨주시고 감사합니다"
마포만두-시청점,2020년 9월 27일,5,5,5,"
            모둠만두/1,쌀떡볶이/1,찹쌀순대/1
          ",순대와함께온 간이 조금 퍽퍽한거 말곤 맛있었음
마포만두-시청점,2020년 9월 27일,5,5,5,"
            갈비만두/1,순두부찌개/1
          ","갈비만두 진짜 맛있어요ㅠㅠ
배달도 진짜 빠르고!!! 
감사히 잘먹었습니다"
마포만두-시청점,2020년 9월 27일,5,3,4,"
            모둠만두/2,쫄면/1,사골떡만두국/1,공기밥/1
          ",맛있는데 양이적음..
